INSERT INTO `atributos` VALUES ('\"DOT (Poison,Ignite,Power Loss,Orochi,Poison,Vein,Damage,Bleed,Split,Unification,Safeguard,Burst,Scorching Flame,Incinerate) damage by'),('100% chance to make enemies enter curse and acupuncture for 3 rounds'),('100% chance to make enemy assaulter enter charm for 2 rounds'),('100% chance to makes him enter bind state for 2 round'),('100% chance to makes him enter freeze state for 2 round'),('100% chance to makes him enter seal state for 2 round'),('100% chance to makes him enter upwind state for 2 round'),('100% chance to makes him enter weak state for 2 round'),('100% chance to makes him enter wind bond state for 2 round'),('100% chance to makes him incinerate state with 120% rate for 2 round'),('30% chance to make self enter super dodge state for 2 round'),('50% chance to make ally support enter super dodge for 3 round'),('80% chance to make enemy supports enter weakened state for 2 rounds'),('90% Chance to enter Wind Bound for 2 rounds'),('90% chance to Imprison State for 2 rounds'),('90% chance to make enemies enter chaos for 2 rounds'),('90% chance to make enemies enter Void state for 2 turns (Void: Avoid receiving skill damage but not normal attack damage. Cannot be Dispelled)'),('90% chance to Poison with 120% growth rate for 3 rounds'),('95% chance to make 1 random enemy enter poisonous wind state for 2 rounds'),('a.atk(can break limit)'),('acupuncture'),('after attack % dot enemy for 1 round'),('after attack 50% bleeding enemy for 1 round'),('after attack 50% poison enemy for 1 round'),('after attack 50% split enemy for 1 round'),('after attack 50% vein enemy for 1 round'),('after attack Poison enemy for 2 rounds by 80%'),('after attack, increase 1 random ally Speed by 20% for 1 round'),('after attack, remove debuffs from 1 radom ally'),('after attacked has 50% chance to increase Defense by 50% for 1 round'),('after be attack, decrease all enemies ATK by 20% for 2 round'),('after be attack, decrease all enemies DMG rate by 20% for 2 round'),('after be attack, decrease all enemies final growth injury rate by 25% for 2 round'),('after be attack, decrease the success rate of all enemies control skill by 25% for 2 round'),('after be attack, there has 40% chance to make a random enemy to enter weak state for 2 round'),('after be attack, there has 50% chance to make self enter immune control state for 2 round'),('after be attacked has 30% chance to make ally fire chakra ninjas enter position interchange'),('after be attacked, recover ally Support hp rate by 30%'),('after be attacked, there has 30% chance to disperse ally Assaulter and Vanguard debuff'),('after be attacked, there has 30% chance to disperse ally Supports debuff'),('after being attack, has 50% chance to deal 20% penetration damage to random enemy target'),('after being attacked disperse ally fire chakra ninjas debuff'),('after being attacked, 35% chance to enter S-Super Dodge for 1 round'),('after being attacked, 40% chance to enter cc-free state for 2 rounds'),('after being attacked, decrease all enemies control rates by 20%'),('after being attacked, decrease all enemies punch rate by 30% for 2 rounds'),('after being attacked, increase self defense by 100%'),('after being attacked, increase self speed by 20% for 1 rounds'),('after being attacked, increase self speed by 20% for 2 rounds'),('after being attacked, reduce own fury by 500'),('after being attacked, restore own HP by 40%'),('after being hit, 30% chance to trigger Super Flash'),('After receiving attack, restore own HP by'),('after recieving attack, small chance 40% to clear debuffs'),('after release skill dispel 2 random allies debuff'),('after release skill has 80% chance to make 2 random enemies enter frozen for 2 rounds'),('after release skill, make a second blow to the highest hp enemy with 300%(Physical ATK rate)'),('after release skill, make a second blow to the highest hp enemy with 300%(Strategy ATK rate)'),('after release skill, make a second blow to the lowest hp enemy with 200%(Physical ATK rate)'),('after release skill, make a second blow to the lowest hp enemy with 200%(Strategy ATK rate)'),('after released a skill, has 100% chance to make random enemy enter Poisonous Wind state for 2 round'),('after released a skill, increase ally assaulter speed by 30% for 2 round'),('after released a skill, make all enemies enter Burst state (50% rate) for 2 round'),('after released a skill, make random ally ninja enter bond state for 2 round'),('after released a skill, there has 80% chance to make random enemy ninja enter wind bond state for 2 round'),('after released skill, decrease enemies defence by 30% for 2 round'),('after released skill, decrease enemies final damage reduce rate by 20% for 2 round'),('after released skill, decrease enemies immune control rate by 25% for 2 round'),('after released skill, decrease enemies immune damage rate by 30% for 2 round'),('after released skill, make a random enemy ninja enter Upwind state for 2 round'),('after released skill, make all enemies enter Safeguard state (50% rate) for 2 round'),('after released skill, make all enemies enter Scorching Flame state (50% rate) for 2 round'),('after released skill, make all enemies enter Unification state (50% rate) for 2 round'),('after released skill, make self enter super dodge state for 2 rounds'),('after releasing skill, give 2 random ally fury shield 2 rounds'),('after releasing skill, have 50% chance to make self enter Shielding state (ignore enemy damage, cant be dispelled) 2 rounds'),('after releasing skill, incinerate 2 random enemies dot 120% 2 rounds'),('after releasing skill, make 2 random enemy enter pain will (cant add buffs) 2 rounds'),('after skill increase assaulter speed by 40%'),('after skill increase vanguard speed by 40%'),('after skill, clear all supports debuffs'),('after skill, deal 40% penetration Damage to 3 enemies'),('after Skill, remove all debuffs from Support and give them immunity to CC for 1 round'),('after using skill, 110% chance to make 1 random enemy to enter chaos for 1 round'),('after using skill, 110% chance to make 1 random enemy to enter forbidden jutsu/skill for 1 round'),('after using skill, 90% chance to make 1 random enemy to enter imprison for 1 round'),('after using skill, 90% chance to make 1 random enemy to enter wind bound for 1 round'),('after using skill, recovers himself HP by 120%'),('after using skill, recovers himself HP by 40%'),('agility'),('agility growth rate'),('aid rate'),('attack'),('avoid injury rate'),('bind state'),('bleeding state'),('blind state'),('block rate'),('block rate (can break the limit)'),('block S+'),('block(can surpass limit)'),('bond state'),('bond state for 2 rounds'),('Bonus damage after attack'),('break wind state'),('breaking wind state'),('breaking wind status'),('burst state'),('burst state(DOT)'),('cc rate'),('cc resistance'),('cc succes rate'),('chakra'),('chakra growth rate'),('chaos'),('charm'),('charm state'),('collapse'),('Continuous recovery'),('corrosion state'),('counter rate'),('crit chance(can break upper limit)'),('crit rate'),('critical chance(can surpass limit)'),('curse'),('damage after attack'),('damage dealt'),('damage rate'),('damage reduction'),('damage taken reduction'),('dead wind state'),('deals additional strategy attack with growth rate'),('death seed'),('defense'),('disable state'),('dispel 3 random Enemies Buffs'),('disperse debuffs'),('disperse his buffs'),('DOT (Poison,Ignite,Power Loss,Orochi,Poison,Vein,Damage,Bleed,Split,Unification,Safeguard,Burst,Scorching Flame,Incinerate) damage by'),('DOT damage (Poison/ Ignite/ Power Loss/ Orochi Poison/ Vein Damage/ Bleed/ Split/ Unification/ Safeguard)'),('DOT status'),('enemies fire chakra nature\", \"DOT (Poison,Ignite,Power Loss,Orochi,Poison,Vein,Damage,Bleed,Split,Unification,Safeguard,Burst,Scorching Flame,Incinerate) damage by'),('enter Forbid Fury (Forbid Fury: Disable to recover fury in a round, cannot be Cleansed)'),('every 10% HP loss will ignore 6% enemy attack power'),('Every 10% loss in health makes all allies ignore 10% of enemy defense'),('Every 10% loss in health makes all allies increases crit chance by 5% (can break upper limit)'),('final damage'),('final damage decrease rate'),('final damage increase rate'),('final damage reduction'),('for every 15% HP loss, Block S+ dmg taken is reduced by 8%'),('for every 15% HP loss, Crit S+ dmg reduction is increased by 8%'),('for every 15% HP loss, final dmg recieved is reduced by 8%'),('for every 15% HP loss, increase own attack by 6%'),('for every 15% HP loss, increase own avoid injury rate by 6%'),('for every 15% HP loss, increase own defense by 6%'),('for every 15% HP loss, increase own dmg rate by 6%'),('for every 15% HP loss, penetration damage recieved reduced by 8%'),('Forbid Fury state'),('force'),('force growth rate'),('freeze state'),('freze'),('frozen state'),('fury'),('fury shield'),('fury shield for 3 rounds'),('fury shield state(10%prob) for 2 round'),('growth rate'),('heal rate'),('heal state %'),('heal state % for 2 rounds'),('health'),('health by'),('HP'),('hp rate'),('ignore enemy attack'),('ignore enemy defense'),('ignore super dodge'),('ignore super flash'),('ignores enemy attack'),('immune control state'),('immune imprision'),('immune to blind'),('immune to chaos'),('immune to charm'),('immune to death seed'),('immune to Disable'),('immune to freeze'),('immune to frozen state'),('immune to fury reduction'),('immune to Poison Wind'),('immune to poisonous wind'),('immune to S. Block'),('immune to seal'),('immune to seal state'),('immune to Void'),('immune to weakned state'),('immune to wind bind'),('imprision'),('Imprison State'),('incarnate state(DOT)'),('incinerate state with 120% rate'),('increase 2 random ally Crit % (break limit)'),('Increase a certain block rate'),('Increase a certain chakra by percent'),('Increase a certain force by percent'),('increase ally cc rate'),('increase cc rate'),('increase the success rate of control skills by'),('Increases self massive agility, chakra, and force by percentage'),('inmune control state'),('inmune control state for 2 rounds'),('inmune penetrate'),('inmune to chaos'),('inmune to imprision'),('make unable to gain buffs'),('makes self and ally vanguard enter breaking wind status for 2 rounds'),('massive agility, chakra, and force by percentage'),('massive agility, chakra, and health by percentage'),('massive agility, chakra, and hp by percentage'),('massive agility, force, and health by percentage'),('massive agility, health and force by percentage'),('massive agility, health, and force by percentage'),('massive agility, spirit, and force by percentage'),('massive agility, spirit, and health by percentage'),('massive agility,chakra, and health by percentage'),('massive agility,spirit,and health by percentage'),('massive chakra, power,and health by percentage'),('Painful Will state'),('penetrating damage'),('penetrating injury'),('petrification'),('petrification state'),('physical attack'),('physical defense'),('physical penetrating damage with'),('poison wind state'),('Poison with 120% growth rate'),('poisoning state'),('poisonous state'),('poisonous wind state'),('power'),('power growth rate'),('punch rate'),('pyroblast state'),('randomly  removes buffs of 2 enemies'),('randomly removes debuffs of 2 allies'),('receive penetration damage'),('recover ally Assaulter and Vanguard hp rate by 30%'),('recover health'),('reduce damage reflect'),('reduce final damage taken by'),('reduce reflect damage'),('remove buffs'),('remove debuffs'),('removes all allies debuffs'),('resistance'),('resistant'),('revive with 80% hp'),('s.attack rate'),('s.attack(can break the limit)'),('S.Block(After blocking attack, deduct 20% attackers current HP)'),('safeguard state(DOT)'),('seal state'),('shatter storm state'),('shatter storm state for 2 rounds'),('shielding state'),('speed'),('speed %'),('split state(DOT)'),('strategy atatck'),('strategy attack'),('strategy defense'),('strategy penetrating damage with'),('super dodge state'),('super flash'),('unable gain buffs state'),('Unification state'),('upwind state'),('upwind state for 2 rounds'),('Void state'),('weak state'),('weaken enemy attack'),('weaken enemy defense'),('weakened state'),('weaknes state'),('when attacked there is an 80% chance to make enemy male ninjas  enter disable for 2 rounds (cant move, cant disperse)'),('When attacked, has 30% chance to make self and vanguard enter bond state for 2 rounds.'),('When attacked, has 40% chance to remove all enemy ninjas buffs for 2 rounds.'),('when attacked, increase SPD of ally support by 10% for 1 round'),('when recieveing attack, 80% chance to stun enemy for 1 round'),('wind bond state'),('Wind Bound state');

INSERT INTO ninjas (nombre,chakra_nature,tipo,formacion,sexo,ninja_image,ninja_stat_image) VALUES
	 ('Akimichi','WATER','TAIJUTSU','VANGUARD','MALE',NULL,NULL),
	 ('Animal Path','WATER','TAIJUTSU','VANGUARD',NULL,NULL,NULL),
	 ('Daiguren Toshiro','WATER','TAIJUTSU','ASSAULTER',NULL,NULL,NULL),
	 ('Hidan','WATER','GENJUTSU','SUPPORT',NULL,NULL,NULL),
	 ('Hotaru','WATER','TAIJUTSU','ASSAULTER',NULL,NULL,NULL),
	 ('Hyakki Sasori','WATER','GENJUTSU','SUPPORT',NULL,NULL,NULL),
	 ('Ino','WATER','GENJUTSU','SUPPORT','FEMALE',NULL,NULL),
	 ('Jiongu Kakuzu','EARTH','TAIJUTSU','VANGUARD',NULL,NULL,NULL),
	 ('Kankuro','WATER','TAIJUTSU','ASSAULTER','MALE',NULL,NULL),
	 ('Kurotsuchi','WATER','GENJUTSU','SUPPORT',NULL,NULL,NULL);
INSERT INTO ninjas (nombre,chakra_nature,tipo,formacion,sexo,ninja_image,ninja_stat_image) VALUES
	 ('Mito','WATER','GENJUTSU','SUPPORT',NULL,NULL,NULL),
	 ('Reanimated Hanzo','UNACTIVATED','TAIJUTSU','VANGUARD','MALE',NULL,NULL),
	 ('Sakon & Ukon','EARTH','GENJUTSU','SUPPORT',NULL,NULL,NULL),
	 ('Sixth Mizukage','WATER','TAIJUTSU','ASSAULTER',NULL,NULL,NULL),
	 ('Urashiki Otsutsuki','WATER','TAIJUTSU','ASSAULTER',NULL,NULL,NULL),
	 ('Utakata','WATER','GENJUTSU','SUPPORT',NULL,NULL,NULL),
	 ('Warlord Sakura','WATER','TAIJUTSU','ASSAULTER',NULL,NULL,NULL);
	 
INSERT INTO `ninja_awakening` VALUES ('Awaken Hiramekarei','Sixth Mizukage','1ri',1,'TALENT','When attacked has 40% chance to make ally water chakra nature ninjas enter Continuous recovery with 50% growth rate for 2 rounds, also has 40% chance to dispel debuffs from 2 random allies.'),('Awaken Ice Dragon','Daiguren Toshiro','1ri',1,'TALENT','Self immune block S+ damage by 40% rate'),('Awaken Immortal Fighter','Jiongu Kakuzu','1ri',1,'TALENT','Naturally has 30% block rate and 30% crit rate'),('Awaken Immortality','Hidan','1ri',1,'TALENT','increase ally fire chakra and earth chakra ninjas CC resistance rate by 25%'),('Awaken Multiple Rakasasa','Sakon & Ukon','1ri',1,'SKILL','After using the skill, bring enemy Wind Chakra Nature Ninjas into incarnation state for 2 rounds at 150%,\n deal an additional 300% hit to enemy Fire Chakra ninjas as 2nd hit '),('Awaken Puppet control','Hyakki Sasori','1ri',1,'TALENT','Increase Block rate by 30%(Can break upper limit), Immune to charm'),('Awaken Trick or Treat','Hotaru','1ri',1,'TALENT','When attacked. has 30% chance to make ally Supports enter super flash for 2 rounds, increase all allies heal rate by 40%'),('Awaken Yin Fuinjutsu','Mito','1ri',1,'TALENT','Increase ally thunde chakra nature succes rate of resistance control skills.born with 20% defense and 30% block rate (can break the limit)'),('Earth Style Wall','Kurotsuchi','1ri',1,'TALENT','after be attacked has 50% chance to dispel self debuff, immune imprision'),('PsychicPanda','Reanimated Hanzo','1ri',1,'TALENT','Increase Block rate by 30%(Can break upper limit)'),('Temporal Rewind','Urashiki Otsutsuki','1ri',1,'TALENT','Naturally has 30% block rate (can break upper limit), immune to disable'),('Warlord Sakura Awakening Talent','Warlord Sakura','1ri',1,'TALENT','Increase ally vanguard speed by 8% and attack by 30%');

INSERT INTO `ninja_awakening_atributo` VALUES ('Awaken Ice Dragon','Daiguren Toshiro','1ri','block S+',40,'TALENT','inmune','self','when attacked','battle ends'),('Awaken Immortality','Hidan','1ri','cc resistance',25,'TALENT','increase','ally earth chakra nature','ninja is alive','battle ends'),('Awaken Immortality','Hidan','1ri','cc resistance',25,'TALENT','increase','ally fire chakra nature','ninja is alive','battle ends'),('Awaken Trick or Treat','Hotaru','1ri','heal rate',40,'TALENT','increase','all allies','ninja is alive','for 2 rounds'),('Awaken Trick or Treat','Hotaru','1ri','super flash',30,'TALENT','apply','ally Supports','ninja is alive','for 2 rounds'),('Awaken Puppet control','Hyakki Sasori','1ri','block(can surpass limit)',30,'TALENT','increase','self','ninja is alive','battle ends'),('Awaken Puppet control','Hyakki Sasori','1ri','immune to charm',1,'TALENT','obtain','self','ninja is alive','battle ends'),('Awaken Immortal Fighter','Jiongu Kakuzu','1ri','block rate',30,'TALENT','increase','self','alive in battle','battle ends'),('Awaken Immortal Fighter','Jiongu Kakuzu','1ri','crit rate',30,'TALENT','increase','self','alive in battle','battle ends'),('Earth Style Wall','Kurotsuchi','1ri','immune imprision',1,'TALENT','apply','self','ninja is alive','battle ends'),('Earth Style Wall','Kurotsuchi','1ri','remove debuffs',50,'TALENT','apply','self','when attacked','attack ends'),('Awaken Yin Fuinjutsu','Mito','1ri','block rate (can break the limit)',30,'TALENT','apply','self','ninja is alive','battle ends'),('Awaken Yin Fuinjutsu','Mito','1ri','cc resistance',20,'TALENT','apply','ally lightning chakra nature','ninja is alive','battle ends'),('Awaken Yin Fuinjutsu','Mito','1ri','defense',20,'TALENT','apply','self','ninja is alive','attack ends'),('PsychicPanda','Reanimated Hanzo','1ri','block(can surpass limit)',30,'TALENT','increase','self','ninja is alive','battle ends'),('Awaken Multiple Rakasasa','Sakon & Ukon','1ri','growth rate',300,'SKILL','attack','enemy fire chakra nature','ninja attack','attack ends'),('Awaken Multiple Rakasasa','Sakon & Ukon','1ri','incarnate state(DOT)',150,'SKILL','apply','enemy wind chakra nature','ninja attack','for 2 rounds'),('Awaken Hiramekarei','Sixth Mizukage','1ri','Continuous recovery',50,'TALENT','apply','ally water chakra nature','when attacked','for 2 rounds'),('Awaken Hiramekarei','Sixth Mizukage','1ri','remove debuffs',40,'TALENT','apply','2 random allies','when attacked','attack ends'),('Temporal Rewind','Urashiki Otsutsuki','1ri','block(can surpass limit)',30,'TALENT','increase','self','ninja is alive','battle ends'),('Warlord Sakura Awakening Talent','Warlord Sakura','1ri','attack',30,'TALENT','increase','ally Vanguard','ninja is alive','battle ends'),('Warlord Sakura Awakening Talent','Warlord Sakura','1ri','speed %',8,'TALENT','increase','ally Vanguard','ninja is alive','battle ends');

INSERT INTO ninja_skills (nombre,ninja,tipo,texto) VALUES
	 ('Amenosubaruboshinomikoto','Urashiki Otsutsuki','SKILL','Attack all enemies with 300% growth rate, 100% chance to make enemies enter curse and acupuncture for 3 rounds, increase all allies crit rate by 40% for 3 rounds,decrease all enemies defence by 30% for 3 rounds, decrease enemy fire, earth, and water chakra nature ninjas speed by 40% and attack by 40% for 3 rounds.'),
	 ('Attack of the Twin Demons','Sakon & Ukon','SKILL','Attack all enemies at 300%, has 100% chance to cause Fire and Wind Chakra Nature Enemy Ninja to enter into a sealed state for 2 turns,
makes Allied Fire Chakra nature Ninjas in breaking Wind state for 2 turns. Reduces the final damage rate of all enemies by 30% and the attack of ninjas Fire chakra nature enemies by 40%.
recovers 68 Fury points and 30 points to allies'),
	 ('Block Talent','Akimichi','TALENT','Increase a certain block rate'),
	 ('Bloody Mist Sword Art','Sixth Mizukage','TALENT','Increases massive agility, force, and health by percentage. Increases speed by 86%, damage rate by 65%, and avoid-injury rate by 65%. 
When this ninja is alive in battle, increases all allies speed by 112% and health by 30%, increases ally water chakra nature ninjas heal rate by 40%, avoid-injury rate by 40% and attack by 30%, 
increase ally vanguard DOT damage by 30% (Poison/ Ignite/ Power Loss/ Orochi Poison/ Vein Damage/ Bleed/ Split/ Unification/ Safeguard), decrease enemy fire chakra ninjas avoid-injury rate by 40% 
and immune CC rate by 30%, decrease enemy lightning chakra ninjas attack by 30%. Naturally increases self defence by 30%, ignores enemy control rate by 55% and reflective damage by 150%. 
Immune to death seed, frozen, and weakened state.'),
	 ('Bubbles Technique','Utakata','TALENT','Increase massive agility,spirit,and health by percentage,born with 92% speed,65% damage rate and 65% immune damage rate.When this ninja in the formation,
increase all allies speed by 116% and attack by 30%,increase ally water chakra ninja defence by 50%，immune control rate by 30%.increases all allies health (vanguard/assaulter/support) by 30%/30%/50%.
Decrease anemies fire ,thunder chakra ninjas damage rate by 40%.After been attacked,make attacker enter weakness state for 1 round,and there has 35% chance to make him enter freeze state for 2 round.
Natural ignore super dodge,immune freeze ,wind bind and death seed.'),
	 ('Chakra Talent','Ino','TALENT','Increase a certain chakra by percent'),
	 ('Chakra Talent','Kankuro','TALENT','Increase a certain force by percent'),
	 ('Daiguren','Daiguren Toshiro','TALENT','Increases massive agility, health and force by percentage. Increase 86% speed, 70% damage rate and 60% immune damage rate by percentage. 
When this ninja is in battle increase all allies speed by 112%, increase attack and health by 30%, decrease all enemies damage rate by 30%, after being attacked he has 50% chance 
to dispel all enemies buff, and has 50% chance to make attacker enter petrification state for 2 rounds. Natural ignores enemies 10% attack, 75% control rate and 150% reflect damage,
immune to charm, fury reduction and death seed.'),
	 ('Earth Release Ultra-Added-Weight Rock','Kurotsuchi','SKILL','attack all enemies with growth rate 250%, has 90% chance to make enemies enter control state for 2 rounds (appear one of imprision and freeze, one of petrification and collapse) make enemy support enter weak state for 2 rounds, decrease enemies attack and punch rate by 30% for 2 rounds, increase allies support 200% defence for 2 rounds, dispel all enemies buff, recover 68 fury for self and 30 for others'),
	 ('Five Natures','Jiongu Kakuzu','TALENT','Increases massive agility, health, and force by percentage, increases speed by 86%, damage rate by 70%, and avoid-injury rate by 65%. 
When this ninja is in battle, increase all allies speed by 112% and health by 30%, increase all ally earth chakra and wind chakra ninjas avoid-injury rate by 35% and health by 20%, 
increase all ally lightning and fire chakra ninjas damage rate by 40% and punch rate by 20%, increase all ally water chakra ninjas defence by 35% and attack by 35%. 
Every 10% health lost increases all allies (expect self) attack by 5% and defence by 10%. After death, will revive with 80% health, activates once per battle. 
After being attacked, has 50% chance to make attacker enter poisonous wind status for 2 rounds, and has 50% chance to make self enter breaking wind status for 2 rounds. 
Ignores enemies control rate by 60% and reflective damage by 150%. Immune to seal, fury reduction, and death seed
Poisonous Wind: Unable to attack for 1 round, reduces 30% of current health, cannot be dispelled ');
INSERT INTO ninja_skills (nombre,ninja,tipo,texto) VALUES
	 ('Fuinjutsu','Mito','TALENT','increase massive agility, spirit, and force by percentage, born with 92% speed, 65% damage rate and 65% immune damage rate, when this ninja is in battle increase all allies speed by 116% 
and 35% HP, and 30% attack. Decrease all enemy attack by 30%, decrease enemy fire, wind, soil chakra ninjas immune control rate and control rate by 15%. Born with 30% hp, self ignore enemy 10% attack, 
150% rate of damage reflect. Immune super dodge, death seed, chaos and charm.'),
	 ('Halloween: Call of Dracula','Hotaru','NORMAL_ATTACK','attacks 3 random enemies with 450% growth rate, removes all enemies buffs, will cause 1 random enemy that was attacked to enter charm for 2 rounds, 
35% chance to make another target enter charm for 2 rounds. Makes all enemies enter safeguard with 120% growth rate for 2 rounds, decreases all enemies S. attack rate by 30% for 2 rounds.
(Charm: increase 160% of fury shield and damage rate, chaos effect, cannot be dispelled)'),
	 ('Healing Jutsu','Ino','SKILL','Heal your vanguard by 100%'),
	 ('Hiramekarei Twinsword Release','Sixth Mizukage','SKILL','Attack all enemies with 330% growth rate, deals additional 35% penetration damage (physical) to all enemies. 
Makes highest health enemy enter frozen state for 2 rounds, has 90% chance to make all enemies enter blind state for 2 rounds. Has 40% chance to make self and vanguard enter sheilding state for 2 rounds, 
increases all allies defence by 50% for 2 rounds, decreases all enemies attack and damage rate by 30% for 2 rounds. Recovers 68 fury for self, 30 fury for allies.'),
	 ('Human Boulder','Akimichi','SKILL','Heal your vanguard by 70%'),
	 ('Hyoro no Jutsu','Mito','SKILL','attack all enemies by 300% growth rate, make all allies enter break wind state for 4 rounds, dispel all enemies buff'),
	 ('Immortality','Hidan','TALENT','Increases massive agility, chakra, and health by percentage, naturally has 92% speed, 65% damage rate, and 65% avoid-injury rate. When this ninja is alive in battle, 
increases all allies speed by 116%, health by 40%, attack by 25%, final damage reduction by 15%, ally vanguard and assaulters block rate by 35% (can break limit), 
decreases enemy damage rate (vanguard/assaulter/support) by 25%/50%/30%. After death, will revive with 80% health, activates once per battle. Naturally immune to 30% penetration damage and increases self health by 30%.
 Immune to seal, blind, and death seed'),
	 ('Jiongu Kimen no Bakuen','Jiongu Kakuzu','SKILL','Attack all enemies wind/earth/fire/lightning/water chakra ninjas by 450%/450%/300%/300%/400% growth rates, 
attacks unactivated chakra nature ninjas by 500% growth rate. Make enemies enter split, incarnate, and burst state for 2 rounds with growth rate of 120%,
makes enemy lightning and wind chakra ninjas enter weakened state for 2 rounds, dispell all enemies buffs, increase all ally assaulter and support defence by 80% for 2 rounds. 
Recovers self fury by 68, recovers all allies (expect self) fury by 30.'),
	 ('Jujutsu: Shiji Hyketsu','Hidan','SKILL',' Attacks all enemies with growth rate of 350%, makes all enemies enter bleed (DOT) status with 120% growth rate, 90% chance to make enemies enter chaos, 
has 100% chance to make enemies enter disable status for 2 rounds, enemy assaulters unable to gain buffs for 2 rounds, increase ally vanguard speed by 40% for 2 rounds. Recovers self fury by 68, 
recovers all allies fury (expect self) by 30'),
	 ('Lava Release','Kurotsuchi','TALENT','Increase massive agility, spirit, and health by percentage, born with 92% speed, 60% damage rate and 70% immune damage rate. When this ninja is in battle, increase all allies speed by 116%. hp by 30% immune damage rate by 40% and defence , increase allies assaulters and supports immune penetrate rate by 30%, decrease enemies support control rate by 20%, after be attacked recover all allies hp rate by 40% and has 30% chance to make self and vanguard enter immune control state for 2 rounds. Natural immune enemies ignore defence rate by 40%, Immune chaos, charm and death seed');
INSERT INTO ninja_skills (nombre,ninja,tipo,texto) VALUES
	 ('Nine Tails Jinchuriki','Mito','NORMAL_ATTACK','Normal attack: attack all enemies with 350% growth rate, make ally vanguard enter immune control state for 2 rounds, and has 50% chance to make ally Supports enter 
immune control rate for 2 rounds. Makes 1 random enemy enter improsion state for 2 rounds, makes 2 random enemies enter dead wind state for 2 rounds and dispel 2 random ally ninjas debuff. 
There has 110% chance to make enemy vanguard enter chaos state for 2 rounds, reduce all allies help rate by 100%'),
	 ('Parasitism Ghost','Sakon & Ukon','TALENT','Increases massive agility, chakra, and hp by percentage, naturally has 92% speed, 65% damage rate and 65% avoid inujury rate. When the ninja is in battle,
increases all allies speed ​​by 116%, avoid injury rate by 40%, and HP by 30%. Increases the attack of allied fire chakra nature ninjas by 50%, increases the defense (physical and magical) 
and reduction of final damage of allied ninjas of the earth chakra nature by 60% and 30%.reduces damage rate of all enemies by 30% and control rate of Wind Chakra Nature ninjas by 30%. 
reduces the Attack of enemy fire chakra nature ninjas by 50%. When attacked, it has a 40% chance to cause Allied Earth Chakra Nature Ninjas to enter an uncontrolled state for 2 turns.
Ignore 150% damage reflections immune to Seal, Charms and Death Seed.'),
	 ('Psychic: Chameleon','Animal Path','NORMAL_ATTACK','Attack all enemis with 150% growth rate,recover all allies health rate by 120%,and triggers the following effects:1.Triggers following effects to enemy soil chakra ninja:Double attack with 400% rate(Physical attacks),100% chance to makes him enter seal state and upwind state for 2 round,disperse his other buff;2.Triggers following effects to enemy fire chakre ninja:Make physical penetrating damage with 100% rate,100% chance to makes him enter wind bond state and incinerate state with 120% rate for 2 round,decrease immune control rate by 30% for 2 round;3.Triggers following effects to enemy wind chakra ninja:Make strategy penetrating damage with 100% rate,100% chance to makes him enter freeze state and weak state for 2 round,decrease control rate by 30% for 2 round;4.Triggers following effects to enemy ray chakra ninja,water chakre ninja and no chakra ninja:Double attack with 400% rate(Strategy attacks),100% chance to makes him enter bind state for 2 round,decrease attack and denfense by 30% for 2 round;5.Triggers following effects to ally ray chakre ninja:Add upwind state for 2 round, increase crit rate by 30%(can be break), disperse debuff;6.Triggers following effects to ally water chakre ninja:Add bond state for 2 round,enter wind shield state for 2 round (10% rate).Increase 200% defense for 2 round;'),
	 ('Psychic: Chameleon','Reanimated Hanzo','NORMAL_ATTACK','Attack all enemis with 150% growth rate,recover all allies health rate by 120%,and triggers the following effects:1.Triggers following effects to enemy soil chakra ninja:Double attack with 400% rate(Physical attacks),100% chance to makes him enter seal state and upwind state for 2 round,disperse his other buff;2.Triggers following effects to enemy fire chakre ninja:Make physical penetrating damage with 100% rate,100% chance to makes him enter wind bond state and incinerate state with 120% rate for 2 round,decrease immune control rate by 30% for 2 round;3.Triggers following effects to enemy wind chakra ninja:Make strategy penetrating damage with 100% rate,100% chance to makes him enter freeze state and weak state for 2 round,decrease control rate by 30% for 2 round;4.Triggers following effects to enemy ray chakra ninja,water chakre ninja and no chakra ninja:Double attack with 400% rate(Strategy attacks),100% chance to makes him enter bind state for 2 round,decrease attack and denfense by 30% for 2 round;5.Triggers following effects to ally ray chakre ninja:Add upwind state for 2 round, increase crit rate by 30%(can be break), disperse debuff;6.Triggers following effects to ally water chakre ninja:Add bond state for 2 round,enter wind shield state for 2 round (10% rate).Increase 200% defense for 2 round;'),
	 ('PsychicHellhound','Animal Path','SKILL','Attack all enemis with 330% growth rate,30% chance to make self enter super dodge state for 2 round,50% chance to make ally Supports enter super dodge for 3 round.Increase all allies damage by 50%,and increase all allies immune damage rate for 3 round.Decrease all enemies damage rate by 50%,and immune damage rate for 3 round.Disperse all enemies buff and make them can be added any buff state for 3 round.'),
	 ('PsychicHellhound','Reanimated Hanzo','SKILL','Attack all enemis with 330% growth rate,30% chance to make self enter super dodge state for 2 round,50% chance to make ally Supports enter super dodge for 3 round.Increase all allies damage by 50%,and increase all allies immune damage rate for 3 round.Decrease all enemies damage rate by 50%,and immune damage rate for 3 round.Disperse all enemies buff and make them can be added any buff state for 3 round.'),
	 ('Puppets: Hyakki No Sen','Hyakki Sasori','SKILL','Attack all enemies with 300% Growth rate, 90% chance to Imprison State for 2 rounds and Poison with 120% growth rate for 3 rounds. Dispel all allies debuff''s, gives ally Vanguard/Assaulter Fury Shield for 3 rounds. Decrease all enemy''s counter rate by 40% and Heal rate by 50% for 3 rounds'),
	 ('Red Secret Technique','Hyakki Sasori','TALENT','Increase massive agility,chakra, and health by percentage, naturally has 92% speed 70% Damage rate, and 60% avoid injury rate. When this ninja is alive on the field,increases all allies speed by 116%,health by 30%,damage rate by 30%,increase all lightning chakra nature attack by 30%,punch rate by 20%. Decrease enemy unactivated chakra nature immunity to cc by 20% decrease enemy earth chakra nature avoid injury rate by 30%, decrease enemy fire nature Ninjas DOT damage by 30% (Poison,Ignite,Power Loss,Orochi,Poison,Vein,Damage,Bleed,Split,Unification,Safeguard,Burst,Scorching Flame,Incinerate each by 30% growth rate.Naturally Ignores enemies attack by 10%, Reflective Damage by 150%, Ignores Super Flash. Immune to Disable,Void,Poison Wind.'),
	 ('Sakura Ilusion - Burst','Warlord Sakura','TALENT','Increases massive agility, health, and force by percentage, naturally has 86% speed, 65% damage rate, and 65% avoid-injury rate. When this ninja is alive on the field, increases all allies speed by 112%, damage reduction by 30%, damage dealt by 30%, increases all allies health (vanguard/assaulter/support) by 30%/50%/50%, decreases all enemy ninjas attack and damage rate by 30%. Every 10% loss in health makes all allies ignore 10% of enemy defense and increases crit chance by 5% (can break upper limit). When attacked, has 40% chance to remove all enemy ninjas buffs and 30% chance to make self and vanguard enter bond state for 2 rounds. Naturally ignores 55% of enemies control chances and 150% of reflective damage. Immune to chaos, charm, and death seed. '),
	 ('Sakura Ilusion - Slash','Warlord Sakura','SKILL','Attack all enemies with 320% growth rate, 90% chance to make enemies enter chaos for 2 rounds, has 100% chance to make enemy assaulter enter charm for 2 rounds, makes self and ally vanguard enter breaking wind status for 2 rounds, removes all allies debuffs, decreases all enemies attack and damage rate by 30% for 2 rounds. Recovers 68 fury for self, 30 fury for allies. (Charm: Increases 120% of damage dealt and damage rate, chaos effect, cannot be dispelled)');
INSERT INTO ninja_skills (nombre,ninja,tipo,texto) VALUES
	 ('Sennen Hyr','Daiguren Toshiro','SKILL','Attack all enemies by 350% growth rate, make penetrating damage to enemies male role by 60% rate, also has 95% chance to make all enemies enter charm state
 for 2 rounds, decrease all enemies heal effect by 60% and make self and ally vanguard enter immune control state for 2 rounds. Increase ally vanguard defense by 500% for 2 rounds, 
 recovers self fury by 68 , recovers all allies fury by 30 (except self)
(Charm: increase fury shield and damage rate by 220%, has chaos effect cannot be dispelled)'),
	 ('Shabondama','Utakata','SKILL','Attack all enemies with 300% growth rate,make penetrating damage to all enemies with 40% rate,and make 2 random enemies enter upwind state for 2 round.
Make enemy who has lowest health enter poison wind for 2 round,make all enemies enter bleeding and Unification state for 2 round with 120% rate.Increase allies vanguard and assaulter attack，
speed by 40% for 2 round.Decrease enemies fire chakra ninja immune damage rate by 50%,decrease thunder chakra ninja attack by 40%.Recovers 68 fury for self, 30 fury for allies.'),
	 ('Summoning Rinnegan','Animal Path','TALENT','Increases massive chakra, power,and health by percentage.Percentage increase 86% speed,65% damage rate and 65% immune damage rate.When this ninja in the formation,,increase all allies speed by 112% ,health by 30% and attack by 30%.Increase ally ray chakra ninja''swreck rate by 40%(Can be break),control rate by 30%,and finnal damage increase rate by 30%.Increase ally water chakra ninja''s defense by 60%,finnal damage decrease rate by 25% and immune damage reate by 40%.Decrease all enemies attack by 30%.Natural ignore enemies 10% attack,55% control rate and 150% reflect damage rate,immune chaos,charm and death seed.'),
	 ('Summoning Rinnegan','Reanimated Hanzo','TALENT','Increases massive chakra, power,and health by percentage.Percentage increase 86% speed,65% damage rate and 65% immune damage rate.When this ninja in the formation,,increase all allies speed by 112% ,health by 30% and attack by 30%.Increase ally ray chakra ninja''swreck rate by 40%(Can be break),control rate by 30%,and finnal damage increase rate by 30%.Increase ally water chakra ninja''s defense by 60%,finnal damage decrease rate by 25% and immune damage reate by 40%.Decrease all enemies attack by 30%.Natural ignore enemies 10% attack,55% control rate and 150% reflect damage rate,immune chaos,charm and death seed.'),
	 ('Three Puppets','Kankuro','SKILL','Attack enemy vaguard growth rate 155%'),
	 ('Treat or wack','Hotaru','SKILL','attacks all enemies with 300% growth rate, makes all enemies enter incarnate for 120% growth rate and unable to gain buffs for 2 rounds, 
recovers all allies health by 100% growth rate, increases 3 random allies defense by 500% for 2 rounds, decreases enemies attack by 30% for 2 rounds , recovers all allies (except self) fury by 100'),
	 ('Water and Fire','Hyakki Sasori','NORMAL_ATTACK','Attack all enemies with 330% growth rate,90% chance to make enemies enter Void state for 2 turns (Void: Avoid receiving skill damage but not normal attack damage. Cannot be Dispelled). 90% Chance to enter Wind Bound for 2 rounds, makes all Ninjas enter Forbid Fury (Forbid Fury:Disable to recover Fury in a round. Cannot be dispelled.) Dispel 3 random Enemies Buffs, gives ally Lightning Chakra nature ninjas heal state of 90% Growth rate Gives Ally Assaulter/Vanguard Shatter Storm for 2 turns.Makes ally Assaulter enter inmune control state for 2 round.'),
	 ('Wild Water Wave','Hotaru','TALENT','Increases massive agility, health and force by percentage. Increase 86% speed, 70% damage rate and 60% immune damage rate by percentage. 
When this ninja is in battle increase all allies speed by 112%, and damage rate by 25%, also increases all allies health by (vanguard/assaulter/support) 30%/30%/40%, all allies defense by 
(vanguard/assaulter/support) 35%/35%/50%,decrease all enemies attack by 30%. Natural ignores enemies 10% attack, 55% control rate and 150% reflect damage,inmune to chaos, immune to charm and death seed.'),
	 ('Yomotsu Hirasaka','Urashiki Otsutsuki','NORMAL_ATTACK','Attack all enemies with 350% growth rate, deals additional strategy attack with 200% growth rate as second hit, randomly removes debuffs of 2 allies and removes buffs of 2 enemies, 95% chance to make 1 random enemy enter poisonous wind state for 2 rounds, 80% chance to make enemy supports enter weakened state for 2 rounds, increase all allies attack by 30% for 2 rounds.'),
	 ('Yomotsu Hirasaka','Urashiki Otsutsuki','TALENT','Increases massive agility, chakra, and force by percentage, increases speed by 86%, damage rate by 70%, and avoid-injury rate by 60%. When this ninja is in battle, increase all allies speed by 112% and damage rate by 30%, increase allies health by 30%/30%/20% (Vanguard/Assaulter/Support), decrease enemies defence by 50%/40%/30% (Vanguard/Assaulter/Support), decrease all enemies avoid-injury rate by 30%, decrease enemies who have unactivated chakra nature and earth chakra natures speed by 5%, naturally ignores enemies attack by 10%, control rate by 55%, and reflective damage by 150%. Ignores super flash, immune to chaos, charm, and poisonous wind');


INSERT INTO `skill_atributo` VALUES ('Human Boulder','Akimichi','SKILL','health by',70,'recover','ally vanguard ','ninja attack','attack ends'),('Block Talent','Akimichi','TALENT','Increase a certain block rate',1,'increase','self','ninja is alive','battle ends'),('Psychic: Chameleon','Animal Path','NORMAL_ATTACK','attack',30,'decrease','enemy lightning chakra nature','ninja attack','for 2 rounds'),('Psychic: Chameleon','Animal Path','NORMAL_ATTACK','attack',30,'decrease','enemy unactivated chakra nature','ninja attack','for 2 rounds'),('Psychic: Chameleon','Animal Path','NORMAL_ATTACK','attack',30,'decrease','enemy water chakra nature','ninja attack','for 2 rounds'),('Summoning Rinnegan','Animal Path','TALENT','attack',30,'increase','all allies','ninja is alive','battle ends'),('Summoning Rinnegan','Animal Path','TALENT','attack',30,'reduce','all enemies','ninja is alive','battle ends'),('PsychicHellhound','Animal Path','SKILL','avoid injury rate',50,'decrease','all enemies','ninja attack','for 3 rounds'),('PsychicHellhound','Animal Path','SKILL','avoid injury rate',50,'increase','all allies','ninja attack','for 3 rounds'),('Summoning Rinnegan','Animal Path','TALENT','avoid injury rate',40,'increase','ally water chakra nature','ninja is alive','battle ends'),('Summoning Rinnegan','Animal Path','TALENT','avoid injury rate',65,'increase','self','ninja is alive','battle ends'),('Psychic: Chameleon','Animal Path','NORMAL_ATTACK','bind state',100,'apply','enemy lightning chakra nature','ninja attack','for 2 rounds'),('Psychic: Chameleon','Animal Path','NORMAL_ATTACK','bind state',100,'apply','enemy unactivated chakra nature','ninja attack','for 2 rounds'),('Psychic: Chameleon','Animal Path','NORMAL_ATTACK','bind state',100,'apply','enemy water chakra nature','ninja attack','for 2 rounds'),('Psychic: Chameleon','Animal Path','NORMAL_ATTACK','bond state',1,'apply','ally water chakra nature','ninja attack','for 2 rounds'),('Psychic: Chameleon','Animal Path','NORMAL_ATTACK','cc resistance',30,'decrease','enemy fire chakra nature','ninja attack','for 2 rounds'),('Summoning Rinnegan','Animal Path','TALENT','cc resistance',55,'increase','self','ninja is alive','battle ends'),('Psychic: Chameleon','Animal Path','NORMAL_ATTACK','cc succes rate',30,'decrease','enemy wind chakra nature','ninja attack','for 2 rounds'),('Summoning Rinnegan','Animal Path','TALENT','cc succes rate',30,'increase','ally lightning chakra nature','ninja is alive','battle ends'),('Psychic: Chameleon','Animal Path','NORMAL_ATTACK','critical chance(can surpass limit)',30,'increase','ally lightning chakra nature','ninja attack','for 2 rounds'),('PsychicHellhound','Animal Path','SKILL','damage rate',50,'decrease','all enemies','ninja attack','for 3 rounds'),('PsychicHellhound','Animal Path','SKILL','damage rate',50,'increase','all allies','ninja attack','for 3 rounds'),('Summoning Rinnegan','Animal Path','TALENT','damage rate',65,'increase','self','ninja is alive','battle ends'),('Psychic: Chameleon','Animal Path','NORMAL_ATTACK','defense',30,'decrease','enemy lightning chakra nature','ninja attack','for 2 rounds'),('Psychic: Chameleon','Animal Path','NORMAL_ATTACK','defense',30,'decrease','enemy unactivated chakra nature','ninja attack','for 2 rounds'),('Psychic: Chameleon','Animal Path','NORMAL_ATTACK','defense',30,'decrease','enemy water chakra nature','ninja attack','for 2 rounds'),('Psychic: Chameleon','Animal Path','NORMAL_ATTACK','defense',200,'increase','ally water chakra nature','ninja attack','for 2 rounds'),('Summoning Rinnegan','Animal Path','TALENT','defense',60,'increase','ally water chakra nature','ninja is alive','battle ends'),('Summoning Rinnegan','Animal Path','TALENT','final damage decrease rate',25,'increase','ally water chakra nature','ninja is alive','battle ends'),('Summoning Rinnegan','Animal Path','TALENT','final damage increase rate',30,'increase','ally lightning chakra nature','ninja is alive','battle ends'),('Psychic: Chameleon','Animal Path','NORMAL_ATTACK','freeze state',100,'apply','enemy wind chakra nature','ninja attack','for 2 rounds'),('Psychic: Chameleon','Animal Path','NORMAL_ATTACK','fury shield',10,'apply','ally water chakra nature','ninja attack','for 2 rounds'),('Psychic: Chameleon','Animal Path','NORMAL_ATTACK','growth rate',150,'attack','all enemies','ninja attack','attack ends'),('Psychic: Chameleon','Animal Path','NORMAL_ATTACK','growth rate',400,'attack','enemy earth chakra nature','ninja attack','attack ends'),('Psychic: Chameleon','Animal Path','NORMAL_ATTACK','growth rate',400,'attack','enemy lightning chakra nature','ninja attack','attack ends'),('Psychic: Chameleon','Animal Path','NORMAL_ATTACK','growth rate',400,'attack','enemy unactivated chakra nature','ninja attack','attack ends'),('Psychic: Chameleon','Animal Path','NORMAL_ATTACK','growth rate',400,'attack','enemy water chakra nature','ninja attack','attack ends'),('PsychicHellhound','Animal Path','SKILL','growth rate',330,'attack','all enemies','ninja attack','attack ends'),('Psychic: Chameleon','Animal Path','NORMAL_ATTACK','health',120,'recover','all enemies','ninja attack','attack ends'),('Summoning Rinnegan','Animal Path','TALENT','HP',30,'increase','all allies','ninja is alive','battle ends'),('Summoning Rinnegan','Animal Path','TALENT','ignores enemy attack',10,'increase','self','ninja is alive','battle ends'),('Summoning Rinnegan','Animal Path','TALENT','immune to chaos',1,'obtain','self','ninja is alive','battle ends'),('Summoning Rinnegan','Animal Path','TALENT','immune to charm',1,'obtain','self','ninja is alive','battle ends'),('Summoning Rinnegan','Animal Path','TALENT','immune to death seed',1,'obtain','self','ninja is alive','battle ends'),('Psychic: Chameleon','Animal Path','NORMAL_ATTACK','incinerate state with 120% rate',100,'apply','enemys fire chakra nature','ninja attack','for 2 rounds'),('Summoning Rinnegan','Animal Path','TALENT','massive chakra, power,and health by percentage',1,'increase','self','ninja is alive','battle ends'),('Psychic: Chameleon','Animal Path','NORMAL_ATTACK','physical penetrating damage with',100,'attack','enemy fire chakra nature','ninja attack','attack ends'),('Summoning Rinnegan','Animal Path','TALENT','reduce reflect damage',150,'increase','self','ninja is alive','battle ends'),('Psychic: Chameleon','Animal Path','NORMAL_ATTACK','remove buffs',1,'apply','enemy earth chakra nature','ninja attack','attack ends'),('PsychicHellhound','Animal Path','SKILL','remove buffs',1,'apply','all enemies','ninja attack','battle ends'),('Psychic: Chameleon','Animal Path','NORMAL_ATTACK','remove debuffs',1,'apply','ally lightning chakra nature','ninja attack','attack ends'),('Summoning Rinnegan','Animal Path','TALENT','s.attack(can break the limit)',40,'increase','ally lightning chakra nature','ninja is alive','battle ends'),('Psychic: Chameleon','Animal Path','NORMAL_ATTACK','seal state',100,'apply','enemy earth chakra nature','ninja attack','for 2 rounds'),('Summoning Rinnegan','Animal Path','TALENT','speed %',112,'increase','all allies','ninja is alive','battle ends'),('Summoning Rinnegan','Animal Path','TALENT','speed %',86,'increase','self','ninja is alive','battle ends'),('Psychic: Chameleon','Animal Path','NORMAL_ATTACK','strategy penetrating damage with',100,'attack','enemy wind chakra nature','ninja attack','attack ends'),('PsychicHellhound','Animal Path','SKILL','super dodge state',50,'apply','ally Supports','ninja attack','for 3 rounds'),('PsychicHellhound','Animal Path','SKILL','super dodge state',30,'apply','self','ninja attack','for 2 rounds'),('PsychicHellhound','Animal Path','SKILL','unable gain buffs state',1,'apply','all enemies','ninja attack','for 3 rounds'),('Psychic: Chameleon','Animal Path','NORMAL_ATTACK','upwind state',1,'apply','ally lightning chakra nature','ninja attack','for 2 rounds'),('Psychic: Chameleon','Animal Path','NORMAL_ATTACK','upwind state',100,'apply','enemy earth chakra nature','ninja attack','for 2 rounds'),('Psychic: Chameleon','Animal Path','NORMAL_ATTACK','weak state',100,'apply','enemy wind chakra nature','ninja attack','for 2 rounds'),('Psychic: Chameleon','Animal Path','NORMAL_ATTACK','wind bond state',100,'apply','enemy fire chakra nature','ninja attack','for 2 rounds'),('Daiguren','Daiguren Toshiro','TALENT','attack',30,'increase','all allies','ninja is alive','battle ends'),('Daiguren','Daiguren Toshiro','TALENT','avoid injury rate',60,'increase','self','ninja is alive','battle ends'),('Daiguren','Daiguren Toshiro','TALENT','cc resistance',75,'increase','self','ninja is alive','battle ends'),('Sennen Hyr','Daiguren Toshiro','SKILL','charm state',95,'apply','all enemies','ninja attack','for 2 rounds'),('Daiguren','Daiguren Toshiro','TALENT','damage rate',30,'decrease','all enemies','ninja is alive','battle ends'),('Daiguren','Daiguren Toshiro','TALENT','damage rate',70,'increase','self','ninja is alive','battle ends'),('Sennen Hyr','Daiguren Toshiro','SKILL','defense',500,'apply','ally Vanguard','ninja attack','for 2 rounds'),('Sennen Hyr','Daiguren Toshiro','SKILL','fury',30,'increase','all allies (except self)','ninja attack','attack ends'),('Sennen Hyr','Daiguren Toshiro','SKILL','fury',68,'increase','self','ninja attack','attack ends'),('Sennen Hyr','Daiguren Toshiro','SKILL','growth rate',350,'attack','all enemies','ninja attack','attack ends'),('Sennen Hyr','Daiguren Toshiro','SKILL','heal rate',60,'decrease','all enemies','ninja attack','for 2 rounds'),('Daiguren','Daiguren Toshiro','TALENT','HP',30,'increase','all allies','ninja is alive','battle ends'),('Daiguren','Daiguren Toshiro','TALENT','ignore enemy attack',10,'increase','self','ninja is alive','battle ends'),('Daiguren','Daiguren Toshiro','TALENT','immune to charm',1,'obtain','self','ninja is alive','battle ends'),('Daiguren','Daiguren Toshiro','TALENT','immune to death seed',1,'obtain','self','ninja is alive','battle ends'),('Daiguren','Daiguren Toshiro','TALENT','immune to fury reduction',1,'obtain','self','ninja is alive','battle ends'),('Sennen Hyr','Daiguren Toshiro','SKILL','inmune control state',1,'apply','ally Vanguard','ninja attack','for 2 rounds'),('Sennen Hyr','Daiguren Toshiro','SKILL','inmune control state',1,'apply','self','ninja attack','for 2 rounds'),('Daiguren','Daiguren Toshiro','TALENT','massive agility, health and force by percentage',1,'increase','self','ninja is alive','battle ends'),('Sennen Hyr','Daiguren Toshiro','SKILL','penetrating damage',60,'attack','enemy male','ninja attack','attack ends'),('Daiguren','Daiguren Toshiro','TALENT','petrification state',50,'apply','attacker','when attacked','for 2 rounds'),('Daiguren','Daiguren Toshiro','TALENT','reduce damage reflect',150,'increase','self','ninja is alive','battle ends'),('Daiguren','Daiguren Toshiro','TALENT','remove buffs',50,'apply','all enemies','when attacked','battle ends'),('Daiguren','Daiguren Toshiro','TALENT','speed %',112,'increase','all allies','ninja is alive','battle ends'),('Daiguren','Daiguren Toshiro','TALENT','speed %',86,'increase','self','ninja is alive','battle ends'),('Immortality','Hidan','TALENT','attack',25,'increase','all allies','ninja is alive','battle ends'),('Immortality','Hidan','TALENT','avoid injury rate',65,'increase','self','ninja is alive','battle ends'),('Immortality','Hidan','TALENT','block rate (can break the limit)',35,'increase','ally Assaulters','ninja is alive','battle ends'),('Immortality','Hidan','TALENT','block rate (can break the limit)',35,'increase','ally Vanguard','ninja is alive','battle ends'),('Jujutsu: Shiji Hyketsu','Hidan','SKILL','chaos',90,'apply','all enemies','ninja attack','for 2 rounds'),('Immortality','Hidan','TALENT','damage rate',50,'decrease','enemy Assaulters','ninja is alive','battle ends'),('Immortality','Hidan','TALENT','damage rate',30,'decrease','enemy Supports','ninja is alive','battle ends'),('Immortality','Hidan','TALENT','damage rate',25,'decrease','enemy Vanguard','ninja is alive','battle ends'),('Immortality','Hidan','TALENT','damage rate',65,'increase','self','ninja is alive','battle ends'),('Jujutsu: Shiji Hyketsu','Hidan','SKILL','disable state',100,'apply','all enemies','ninja attack','for 2 rounds'),('Jujutsu: Shiji Hyketsu','Hidan','SKILL','DOT status',120,'apply','all enemies','ninja attack','for 2 rounds'),('Immortality','Hidan','TALENT','final damage reduction',15,'increase','all allies','ninja is alive','battle ends'),('Jujutsu: Shiji Hyketsu','Hidan','SKILL','fury',30,'increase','all allies (except self)','ninja attack','attack ends'),('Jujutsu: Shiji Hyketsu','Hidan','SKILL','fury',68,'increase','self','ninja attack','attack ends'),('Jujutsu: Shiji Hyketsu','Hidan','SKILL','growth rate',350,'attack','all enemies','ninja attack','attack ends'),('Immortality','Hidan','TALENT','HP',40,'increase','all allies','ninja is alive','battle ends'),('Immortality','Hidan','TALENT','HP',30,'increase','self','ninja is alive','battle ends'),('Immortality','Hidan','TALENT','immune to blind',1,'obtain','self','ninja is alive','battle ends'),('Immortality','Hidan','TALENT','immune to death seed',1,'obtain','self','ninja is alive','battle ends'),('Immortality','Hidan','TALENT','immune to seal',1,'obtain','self','ninja is alive','battle ends'),('Immortality','Hidan','TALENT','massive agility, chakra, and health by percentage',1,'increase','self','ninja is alive','battle ends'),('Immortality','Hidan','TALENT','receive penetration damage',30,'decrease','self','ninja is alive','battle ends'),('Immortality','Hidan','TALENT','revive with 80% hp',1,'apply','self','after death','once per battle'),('Immortality','Hidan','TALENT','speed %',116,'increase','all allies','ninja is alive','battle ends'),('Immortality','Hidan','TALENT','speed %',92,'increase','self','ninja is alive','battle ends'),('Jujutsu: Shiji Hyketsu','Hidan','SKILL','speed %',40,'increase','ally Vanguard','ninja attack','for 2 rounds'),('Jujutsu: Shiji Hyketsu','Hidan','SKILL','unable gain buffs state',1,'apply','enemy Assaulters','ninja attack','for 2 rounds'),('Treat or wack','Hotaru','SKILL','attack',30,'decrease','all enemies','ninja attack','for 2 rounds'),('Wild Water Wave','Hotaru','TALENT','attack',30,'decrease','all enemies','ninja is alive','battle ends'),('Wild Water Wave','Hotaru','TALENT','avoid injury rate',70,'increase','self','ninja is alive','battle ends'),('Wild Water Wave','Hotaru','TALENT','cc resistance',55,'increase','self','ninja is alive','battle ends'),('Halloween: Call of Dracula','Hotaru','NORMAL_ATTACK','charm state',35,'apply','1 random enemy','ninja attack','for 2 rounds'),('Halloween: Call of Dracula','Hotaru','NORMAL_ATTACK','charm state',1,'apply','1 random enemy ','ninja attack','for 2 rounds'),('Wild Water Wave','Hotaru','TALENT','damage rate',25,'increase','all allies','ninja is alive','battle ends'),('Wild Water Wave','Hotaru','TALENT','damage rate',60,'increase','self','ninja is alive','battle ends'),('Treat or wack','Hotaru','SKILL','defense',500,'increase','3 random allies','ninja attack','for 2 rounds'),('Wild Water Wave','Hotaru','TALENT','defense',35,'increase','ally Assaulters','ninja is alive','battle ends'),('Wild Water Wave','Hotaru','TALENT','defense',50,'increase','ally Supports','ninja is alive','battle ends'),('Wild Water Wave','Hotaru','TALENT','defense',35,'increase','ally Vanguard','ninja is alive','battle ends'),('Treat or wack','Hotaru','SKILL','fury',100,'increase','all allies (except self)','ninja attack','attack ends'),('Halloween: Call of Dracula','Hotaru','NORMAL_ATTACK','growth rate',450,'attack','3 random enemies','ninja attack','attack ends'),('Treat or wack','Hotaru','SKILL','growth rate',300,'attack','all enemies','ninja attack','attack ends'),('Treat or wack','Hotaru','SKILL','health by',100,'recover','all allies','ninja attack','for 2 rounds'),('Wild Water Wave','Hotaru','TALENT','HP',30,'increase','ally Assaulters','ninja is alive','battle ends'),('Wild Water Wave','Hotaru','TALENT','HP',40,'increase','ally Supports','ninja is alive','battle ends'),('Wild Water Wave','Hotaru','TALENT','HP',30,'increase','ally Vanguard','ninja is alive','battle ends'),('Wild Water Wave','Hotaru','TALENT','ignore enemy attack',10,'increase','self','ninja is alive','battle ends'),('Wild Water Wave','Hotaru','TALENT','immune to charm',1,'obtain','self','ninja is alive','battle ends'),('Wild Water Wave','Hotaru','TALENT','immune to death seed',1,'obtain','self','ninja is alive','battle ends'),('Treat or wack','Hotaru','SKILL','incarnate state(DOT)',120,'apply','all enemies','ninja attack','for 2 rounds'),('Wild Water Wave','Hotaru','TALENT','inmune to chaos',1,'obtain','self','ninja is alive','battle ends'),('Wild Water Wave','Hotaru','TALENT','massive agility, health and force by percentage',1,'increase','self','ninja is alive','battle ends'),('Wild Water Wave','Hotaru','TALENT','reduce damage reflect',150,'increase','self','ninja is alive','battle ends'),('Halloween: Call of Dracula','Hotaru','NORMAL_ATTACK','remove buffs',1,'apply','all enemies','ninja attack','attack ends'),('Halloween: Call of Dracula','Hotaru','NORMAL_ATTACK','s.attack rate',30,'decrease','all enemies','ninja attack','for 2 rounds'),('Halloween: Call of Dracula','Hotaru','NORMAL_ATTACK','safeguard state(DOT)',120,'apply','all enemies','ninja attack','for 2 rounds'),('Wild Water Wave','Hotaru','TALENT','speed %',112,'increase','all allies','ninja is alive','battle ends'),('Wild Water Wave','Hotaru','TALENT','speed %',86,'increase','self','ninja is alive','battle ends'),('Treat or wack','Hotaru','SKILL','unable gain buffs state',1,'apply','all enemies','ninja attack','for 2 rounds'),('Red Secret Technique','Hyakki Sasori','TALENT','attack',30,'increase','ally lightning chakra nature','ninja is alive','battle ends'),('Red Secret Technique','Hyakki Sasori','TALENT','avoid injury rate',30,'decrease','enemy earth chakra nature','ninja is alive','battle ends'),('Red Secret Technique','Hyakki Sasori','TALENT','avoid injury rate',60,'increase','self','ninja is alive','battle ends'),('Red Secret Technique','Hyakki Sasori','TALENT','cc resistance',20,'decrease','enemy unactivated chakra nature','ninja is alive','battle ends'),('Puppets: Hyakki No Sen','Hyakki Sasori','SKILL','counter rate',40,'decrease','all enemies','ninja attack','for 3 rounds'),('Red Secret Technique','Hyakki Sasori','TALENT','damage rate',30,'increase','all allies','ninja is alive','battle ends'),('Red Secret Technique','Hyakki Sasori','TALENT','damage rate',70,'increase','self','ninja is alive','battle ends'),('Red Secret Technique','Hyakki Sasori','TALENT','DOT (Poison,Ignite,Power Loss,Orochi,Poison,Vein,Damage,Bleed,Split,Unification,Safeguard,Burst,Scorching Flame,Incinerate) damage by',30,'decrease','enemy fire chakra nature','ninja is alive','battle ends'),('Water and Fire','Hyakki Sasori','NORMAL_ATTACK','Forbid Fury state',1,'apply','all enemies','ninja attack','for 2 rounds'),('Puppets: Hyakki No Sen','Hyakki Sasori','SKILL','fury shield',1,'apply','ally Assaulters','ninja attack','for 3 rounds'),('Puppets: Hyakki No Sen','Hyakki Sasori','SKILL','fury shield',1,'apply','ally Vanguard','ninja attack','for 3 rounds'),('Puppets: Hyakki No Sen','Hyakki Sasori','SKILL','growth rate',300,'attack','all enemies','ninja attack','attack ends'),('Water and Fire','Hyakki Sasori','NORMAL_ATTACK','growth rate',330,'attack','all enemies','ninja attack','battle ends'),('Puppets: Hyakki No Sen','Hyakki Sasori','SKILL','heal rate',50,'decrease','all enemies','ninja attack','for 3 rounds'),('Water and Fire','Hyakki Sasori','NORMAL_ATTACK','heal state %',90,'apply','ally lightning chakra nature','ninja attack','for 2 rounds'),('Red Secret Technique','Hyakki Sasori','TALENT','HP',30,'increase','all allies','ninja is alive','battle ends'),('Red Secret Technique','Hyakki Sasori','TALENT','ignore super flash',1,'obtain','self','ninja is alive','battle ends'),('Red Secret Technique','Hyakki Sasori','TALENT','ignores enemy attack',10,'increase','self','ninja is alive','battle ends'),('Red Secret Technique','Hyakki Sasori','TALENT','immune to Disable',1,'obtain','self','ninja is alive','battle ends'),('Red Secret Technique','Hyakki Sasori','TALENT','immune to Poison Wind',1,'obtain','self','ninja is alive','battle ends'),('Red Secret Technique','Hyakki Sasori','TALENT','immune to Void',1,'obtain','self','ninja is alive','battle ends'),('Puppets: Hyakki No Sen','Hyakki Sasori','SKILL','Imprison State',90,'apply','all enemies','ninja attack','for 2 rounds'),('Water and Fire','Hyakki Sasori','NORMAL_ATTACK','inmune control state',1,'apply','ally Assaulters','ninja attack','for 2 rounds'),('Red Secret Technique','Hyakki Sasori','TALENT','massive agility,chakra, and health by percentage',1,'increase','self','ninja is alive','battle ends'),('Puppets: Hyakki No Sen','Hyakki Sasori','SKILL','Poison with 120% growth rate',90,'apply','all enemies','ninja attack','for 3 rounds'),('Red Secret Technique','Hyakki Sasori','TALENT','punch rate',20,'increase','ally lightning chakra nature','ninja is alive','battle ends'),('Red Secret Technique','Hyakki Sasori','TALENT','reduce reflect damage',150,'increase','self','ninja is alive','battle ends'),('Water and Fire','Hyakki Sasori','NORMAL_ATTACK','remove buffs',1,'apply','3 random enemies','ninja attack','battle ends'),('Puppets: Hyakki No Sen','Hyakki Sasori','SKILL','remove debuffs',1,'apply','all allies','ninja attack','attack ends'),('Water and Fire','Hyakki Sasori','NORMAL_ATTACK','shatter storm state',1,'apply','ally Assaulters','ninja attack','for 2 rounds'),('Water and Fire','Hyakki Sasori','NORMAL_ATTACK','shatter storm state',1,'apply','ally Vanguard','ninja attack','for 2 rounds'),('Red Secret Technique','Hyakki Sasori','TALENT','speed %',116,'increase','all allies','ninja is alive','battle ends'),('Red Secret Technique','Hyakki Sasori','TALENT','speed %',92,'increase','self','ninja is alive','battle ends'),('Water and Fire','Hyakki Sasori','NORMAL_ATTACK','Void state',90,'apply','all enemies','ninja attack','for 2 rounds'),('Water and Fire','Hyakki Sasori','NORMAL_ATTACK','Wind Bound state',90,'apply','all enemies','ninja attack','for 2 rounds'),('Healing Jutsu','Ino','SKILL','health by',100,'recover','ally vanguard ','ninja attack','attack ends'),('Chakra Talent','Ino','TALENT','Increase a certain chakra by percent',1,'increase','self','ninja is alive','battle ends'),('Five Natures','Jiongu Kakuzu','TALENT','attack',5,'increase','all allies (excep self)','Every 10% loss in health','health is still losed'),('Five Natures','Jiongu Kakuzu','TALENT','attack',35,'increase','ally water chakra nature','ninja is alive','battle ends'),('Five Natures','Jiongu Kakuzu','TALENT','avoid injury rate',35,'increase','ally earth chakra nature','ninja is alive','battle ends'),('Five Natures','Jiongu Kakuzu','TALENT','avoid injury rate',35,'increase','ally wind chakra nature','ninja is alive','battle ends'),('Five Natures','Jiongu Kakuzu','TALENT','avoid injury rate',65,'increase','self','ninja is alive','battle ends'),('Five Natures','Jiongu Kakuzu','TALENT','breaking wind status',50,'apply','self','when attacked','for 2 rounds'),('Jiongu Kimen no Bakuen','Jiongu Kakuzu','SKILL','burst state(DOT)',120,'apply','all enemies','ninja attack','for 2 rounds'),('Five Natures','Jiongu Kakuzu','TALENT','cc resistance',60,'increase','self','ninja is alive','battle ends'),('Five Natures','Jiongu Kakuzu','TALENT','damage rate',40,'increase','ally fire chakra nature','ninja is alive','battle ends'),('Five Natures','Jiongu Kakuzu','TALENT','damage rate',40,'increase','ally lightning chakra nature','ninja is alive','battle ends'),('Five Natures','Jiongu Kakuzu','TALENT','damage rate',70,'increase','self','ninja is alive','battle ends'),('Five Natures','Jiongu Kakuzu','TALENT','defense',10,'increase','all allies (excep self)','Every 10% loss in health','health is still losed'),('Five Natures','Jiongu Kakuzu','TALENT','defense',35,'increase','ally water chakra nature','ninja is alive','battle ends'),('Jiongu Kimen no Bakuen','Jiongu Kakuzu','SKILL','defense',80,'increase','ally Assaulters','ninja attack','for 2 rounds'),('Jiongu Kimen no Bakuen','Jiongu Kakuzu','SKILL','defense',80,'increase','ally Supports','ninja attack','for 2 rounds'),('Jiongu Kimen no Bakuen','Jiongu Kakuzu','SKILL','fury',30,'increase','all allies (except self)','ninja attack','attack ends'),('Jiongu Kimen no Bakuen','Jiongu Kakuzu','SKILL','fury',68,'increase','self','ninja attack','attack ends'),('Jiongu Kimen no Bakuen','Jiongu Kakuzu','SKILL','growth rate',450,'attack','enemy earth chakra nature','ninja attack','attack ends'),('Jiongu Kimen no Bakuen','Jiongu Kakuzu','SKILL','growth rate',300,'attack','enemy fire chakra nature','ninja attack','attack ends'),('Jiongu Kimen no Bakuen','Jiongu Kakuzu','SKILL','growth rate',300,'attack','enemy lightning chakra nature','ninja attack','attack ends'),('Jiongu Kimen no Bakuen','Jiongu Kakuzu','SKILL','growth rate',500,'attack','enemy unactived chakra nature','ninja attack','attack ends'),('Jiongu Kimen no Bakuen','Jiongu Kakuzu','SKILL','growth rate',400,'attack','enemy water chakra nature','ninja attack','attack ends'),('Jiongu Kimen no Bakuen','Jiongu Kakuzu','SKILL','growth rate',450,'attack','enemy wind chakra nature','ninja attack','attack ends'),('Five Natures','Jiongu Kakuzu','TALENT','HP',30,'increase','all allies','ninja is alive','battle ends'),('Five Natures','Jiongu Kakuzu','TALENT','HP',20,'increase','ally earth chakra nature','ninja is alive','battle ends'),('Five Natures','Jiongu Kakuzu','TALENT','HP',20,'increase','ally wind chakra nature','ninja is alive','battle ends'),('Five Natures','Jiongu Kakuzu','TALENT','immune to death seed',1,'obtain','self','ninja is alive','battle ends'),('Five Natures','Jiongu Kakuzu','TALENT','immune to fury reduction',1,'obtain','self','ninja is alive','battle ends'),('Five Natures','Jiongu Kakuzu','TALENT','immune to seal state',1,'obtain','self','ninja is alive','battle ends'),('Jiongu Kimen no Bakuen','Jiongu Kakuzu','SKILL','incarnate state(DOT)',120,'apply','all enemies','ninja attack','for 2 rounds'),('Five Natures','Jiongu Kakuzu','TALENT','massive agility, health, and force by percentage',1,'increase','self','ninja is alive','battle ends'),('Five Natures','Jiongu Kakuzu','TALENT','poisonous state',50,'apply','attacker','when attacked','for 2 rounds'),('Five Natures','Jiongu Kakuzu','TALENT','punch rate',20,'increase','ally fire chakra nature','ninja is alive','battle ends'),('Five Natures','Jiongu Kakuzu','TALENT','punch rate',20,'increase','ally lightning chakra nature','ninja is alive','battle ends'),('Five Natures','Jiongu Kakuzu','TALENT','reduce damage reflect',150,'increase','self','ninja is alive','battle ends'),('Jiongu Kimen no Bakuen','Jiongu Kakuzu','SKILL','remove buffs',1,'apply','all enemies','ninja attack','attack ends'),('Five Natures','Jiongu Kakuzu','TALENT','revive with 80% hp',1,'apply','self','after death','once per battle'),('Five Natures','Jiongu Kakuzu','TALENT','speed %',112,'increase','all allies','ninja is alive','battle ends'),('Five Natures','Jiongu Kakuzu','TALENT','speed %',86,'increase','self','ninja is alive','battle ends'),('Jiongu Kimen no Bakuen','Jiongu Kakuzu','SKILL','split state(DOT)',120,'apply','all enemies','ninja attack','for 2 rounds'),('Jiongu Kimen no Bakuen','Jiongu Kakuzu','SKILL','weakened state',1,'apply','enemy lightning chakra nature','ninja attack','for 2 rounds'),('Jiongu Kimen no Bakuen','Jiongu Kakuzu','SKILL','weakened state',1,'apply','enemy wind chakra nature','ninja attack','for 2 rounds'),('Three Puppets','Kankuro','SKILL','growth rate',155,'attack','enemy vanguard ','ninja attack','attack ends'),('Chakra Talent','Kankuro','TALENT','Increase a certain force by percent',1,'increase','self','ninja is alive','battle ends'),('Earth Release Ultra-Added-Weight Rock','Kurotsuchi','SKILL','attack',30,'decrease','all enemies','ninja attack','for 2 rounds'),('Lava Release','Kurotsuchi','TALENT','avoid injury rate',40,'increase','all allies','ninja is alive','battle ends'),('Lava Release','Kurotsuchi','TALENT','avoid injury rate',70,'increase','self','ninja is alive','battle ends'),('Lava Release','Kurotsuchi','TALENT','cc succes rate',20,'decrease','enemy Support','ninja is alive','battle ends'),('Earth Release Ultra-Added-Weight Rock','Kurotsuchi','SKILL','collapse',90,'apply','all enemies','ninja attack','for 2 rounds'),('Lava Release','Kurotsuchi','TALENT','damage rate',60,'increase','self','ninja is alive','battle ends'),('Earth Release Ultra-Added-Weight Rock','Kurotsuchi','SKILL','defense',200,'increase','ally Supports','ninja attack','for 2 rounds'),('Lava Release','Kurotsuchi','TALENT','defense',40,'increase','all allies','ninja is alive','battle ends'),('Earth Release Ultra-Added-Weight Rock','Kurotsuchi','SKILL','freze',90,'apply','all enemies','ninja attack','for 2 rounds'),('Earth Release Ultra-Added-Weight Rock','Kurotsuchi','SKILL','fury',30,'increase','all allies (except self)','ninja attack','attack ends'),('Earth Release Ultra-Added-Weight Rock','Kurotsuchi','SKILL','fury',68,'increase','self','ninja attack','attack ends'),('Earth Release Ultra-Added-Weight Rock','Kurotsuchi','SKILL','growth rate',250,'attack','all enemies','ninja attack','meanwhile attack'),('Lava Release','Kurotsuchi','TALENT','HP',30,'increase','all allies','ninja is alive','battle ends'),('Lava Release','Kurotsuchi','TALENT','hp rate',40,'recover','all allies','when attacked','attack ends'),('Lava Release','Kurotsuchi','TALENT','immune control state',1,'apply','ally Vanguard','when attacked','for 2 rounds'),('Lava Release','Kurotsuchi','TALENT','immune control state',1,'apply','self','when attacked','for 2 rounds'),('Lava Release','Kurotsuchi','TALENT','immune to chaos',1,'obtain','self','ninja is alive','battle ends'),('Lava Release','Kurotsuchi','TALENT','immune to charm',1,'obtain','self','ninja is alive','battle ends'),('Lava Release','Kurotsuchi','TALENT','immune to death seed',1,'obtain','self','ninja is alive','battle ends'),('Earth Release Ultra-Added-Weight Rock','Kurotsuchi','SKILL','imprision',90,'apply','all enemies','ninja attack','for 2 rounds'),('Lava Release','Kurotsuchi','TALENT','inmune penetrate',30,'increase','ally Assaulters','ninja is alive','battle ends'),('Lava Release','Kurotsuchi','TALENT','inmune penetrate',30,'increase','ally Supports','ninja is alive','battle ends'),('Lava Release','Kurotsuchi','TALENT','massive agility, spirit, and health by percentage',1,'increase','self','ninja is alive','battle ends'),('Earth Release Ultra-Added-Weight Rock','Kurotsuchi','SKILL','petrification',90,'apply','all enemies','ninja attack','for 2 rounds'),('Earth Release Ultra-Added-Weight Rock','Kurotsuchi','SKILL','punch rate',30,'decrease','all enemies','ninja attack','for 2 rounds'),('Earth Release Ultra-Added-Weight Rock','Kurotsuchi','SKILL','remove buffs',1,'apply','all enemies','ninja attack','battle ends'),('Lava Release','Kurotsuchi','TALENT','resistance',40,'obtain','self','ninja is alive','battle ends'),('Lava Release','Kurotsuchi','TALENT','speed %',116,'increase','all allies','ninja is alive','battle ends'),('Lava Release','Kurotsuchi','TALENT','speed %',92,'increase','self','ninja is alive','battle ends'),('Earth Release Ultra-Added-Weight Rock','Kurotsuchi','SKILL','weak state',1,'apply','enemy supports','ninja attack','for 2 rounds'),('Nine Tails Jinchuriki','Mito','NORMAL_ATTACK','aid rate',100,'reduce','all allies','ninja attack','for 2 rounds'),('Fuinjutsu','Mito','TALENT','attack',30,'decrease','all enemies','ninja is alive','battle ends'),('Fuinjutsu','Mito','TALENT','attack',30,'increase','all allies','ninja is alive','battle ends'),('Fuinjutsu','Mito','TALENT','avoid injury rate',65,'increase','self','ninja is alive','battle ends'),('Hyoro no Jutsu','Mito','SKILL','break wind state',1,'apply','all allies','ninja attack','for 4 rounds'),('Fuinjutsu','Mito','TALENT','cc resistance',15,'decrease','enemy earth chakra nature','ninja is alive','battle ends'),('Fuinjutsu','Mito','TALENT','cc resistance',15,'decrease','enemy fire chakra nature','ninja is alive','battle ends'),('Fuinjutsu','Mito','TALENT','cc resistance',15,'decrease','enemy wind chakra nature','ninja is alive','battle ends'),('Nine Tails Jinchuriki','Mito','NORMAL_ATTACK','chaos',110,'apply','enemy vanguard','ninja attack','for 2 rounds'),('Fuinjutsu','Mito','TALENT','damage rate',65,'increase','self','ninja is alive','battle ends'),('Nine Tails Jinchuriki','Mito','NORMAL_ATTACK','dead wind state',1,'attack','2 random enemies','ninja attack','for 2 rounds'),('Hyoro no Jutsu','Mito','SKILL','growth rate',300,'attack','all enemies','ninja attack','attack ends'),('Nine Tails Jinchuriki','Mito','NORMAL_ATTACK','growth rate',350,'attack','all enemies','ninja attack','attack ends'),('Fuinjutsu','Mito','TALENT','HP',35,'increase','all allies','ninja is alive','battle ends'),('Fuinjutsu','Mito','TALENT','HP',30,'increase','self','ninja is alive','battle ends'),('Fuinjutsu','Mito','TALENT','ignore enemy attack',10,'increase','self','ninja is alive','battle ends'),('Fuinjutsu','Mito','TALENT','ignore super dodge',1,'obtain','self','ninja is alive','battle ends'),('Fuinjutsu','Mito','TALENT','immune to chaos',1,'obtain','self','ninja is alive','battle ends'),('Fuinjutsu','Mito','TALENT','immune to charm',1,'obtain','self','ninja is alive','battle ends'),('Fuinjutsu','Mito','TALENT','immune to death seed',1,'obtain','self','ninja is alive','battle ends'),('Nine Tails Jinchuriki','Mito','NORMAL_ATTACK','imprision',1,'attack','1 random enemies','ninja attack','for 2 rounds'),('Nine Tails Jinchuriki','Mito','NORMAL_ATTACK','inmune control state',50,'apply','ally Supports','ninja attack','for 2 rounds'),('Nine Tails Jinchuriki','Mito','NORMAL_ATTACK','inmune control state',1,'apply','ally vanguard','ninja attack','for 2 rounds'),('Fuinjutsu','Mito','TALENT','massive agility, spirit, and force by percentage',1,'increase','self','ninja is alive','battle ends'),('Fuinjutsu','Mito','TALENT','reduce damage reflect',150,'increase','self','ninja is alive','battle ends'),('Hyoro no Jutsu','Mito','SKILL','remove buffs',90,'apply','all enemies','ninja attack','for 2 rounds'),('Nine Tails Jinchuriki','Mito','NORMAL_ATTACK','remove debuffs',1,'attack','2 random allies','ninja attack','attack ends'),('Fuinjutsu','Mito','TALENT','resistance',40,'obtain','self','ninja is alive','battle ends'),('Fuinjutsu','Mito','TALENT','speed %',116,'increase','all allies','ninja is alive','battle ends'),('Fuinjutsu','Mito','TALENT','speed %',92,'increase','self','ninja is alive','battle ends'),('Psychic: Chameleon','Reanimated Hanzo','NORMAL_ATTACK','attack',30,'decrease','enemy lightning chakra nature','ninja attack','for 2 rounds'),('Psychic: Chameleon','Reanimated Hanzo','NORMAL_ATTACK','attack',30,'decrease','enemy unactivated chakra nature','ninja attack','for 2 rounds'),('Psychic: Chameleon','Reanimated Hanzo','NORMAL_ATTACK','attack',30,'decrease','enemy water chakra nature','ninja attack','for 2 rounds'),('Summoning Rinnegan','Reanimated Hanzo','TALENT','attack',30,'increase','all allies','ninja is alive','battle ends'),('Summoning Rinnegan','Reanimated Hanzo','TALENT','attack',30,'reduce','all enemies','ninja is alive','battle ends'),('PsychicHellhound','Reanimated Hanzo','SKILL','avoid injury rate',50,'decrease','all enemies','ninja attack','for 3 rounds'),('PsychicHellhound','Reanimated Hanzo','SKILL','avoid injury rate',50,'increase','all allies','ninja attack','for 3 rounds'),('Summoning Rinnegan','Reanimated Hanzo','TALENT','avoid injury rate',40,'increase','ally water chakra nature','ninja is alive','battle ends'),('Summoning Rinnegan','Reanimated Hanzo','TALENT','avoid injury rate',65,'increase','self','ninja is alive','battle ends'),('Psychic: Chameleon','Reanimated Hanzo','NORMAL_ATTACK','bind state',100,'apply','enemy lightning chakra nature','ninja attack','for 2 rounds'),('Psychic: Chameleon','Reanimated Hanzo','NORMAL_ATTACK','bind state',100,'apply','enemy unactivated chakra nature','ninja attack','for 2 rounds'),('Psychic: Chameleon','Reanimated Hanzo','NORMAL_ATTACK','bind state',100,'apply','enemy water chakra nature','ninja attack','for 2 rounds'),('Psychic: Chameleon','Reanimated Hanzo','NORMAL_ATTACK','bond state',1,'apply','ally water chakra nature','ninja attack','for 2 rounds'),('Psychic: Chameleon','Reanimated Hanzo','NORMAL_ATTACK','cc resistance',30,'decrease','enemy fire chakra nature','ninja attack','for 2 rounds'),('Summoning Rinnegan','Reanimated Hanzo','TALENT','cc resistance',55,'increase','self','ninja is alive','battle ends'),('Psychic: Chameleon','Reanimated Hanzo','NORMAL_ATTACK','cc succes rate',30,'decrease','enemy wind chakra nature','ninja attack','for 2 rounds'),('Summoning Rinnegan','Reanimated Hanzo','TALENT','cc succes rate',30,'increase','ally lightning chakra nature','ninja is alive','battle ends'),('Psychic: Chameleon','Reanimated Hanzo','NORMAL_ATTACK','critical chance(can surpass limit)',30,'increase','ally lightning chakra nature','ninja attack','for 2 rounds'),('PsychicHellhound','Reanimated Hanzo','SKILL','damage rate',50,'decrease','all enemies','ninja attack','for 3 rounds'),('PsychicHellhound','Reanimated Hanzo','SKILL','damage rate',50,'increase','all allies','ninja attack','for 3 rounds'),('Summoning Rinnegan','Reanimated Hanzo','TALENT','damage rate',65,'increase','self','ninja is alive','battle ends'),('Psychic: Chameleon','Reanimated Hanzo','NORMAL_ATTACK','defense',30,'decrease','enemy lightning chakra nature','ninja attack','for 2 rounds'),('Psychic: Chameleon','Reanimated Hanzo','NORMAL_ATTACK','defense',30,'decrease','enemy unactivated chakra nature','ninja attack','for 2 rounds'),('Psychic: Chameleon','Reanimated Hanzo','NORMAL_ATTACK','defense',30,'decrease','enemy water chakra nature','ninja attack','for 2 rounds'),('Psychic: Chameleon','Reanimated Hanzo','NORMAL_ATTACK','defense',200,'increase','ally water chakra nature','ninja attack','for 2 rounds'),('Summoning Rinnegan','Reanimated Hanzo','TALENT','defense',60,'increase','ally water chakra nature','ninja is alive','battle ends'),('Summoning Rinnegan','Reanimated Hanzo','TALENT','final damage decrease rate',25,'increase','ally water chakra nature','ninja is alive','battle ends'),('Summoning Rinnegan','Reanimated Hanzo','TALENT','final damage increase rate',30,'increase','ally lightning chakra nature','ninja is alive','battle ends'),('Psychic: Chameleon','Reanimated Hanzo','NORMAL_ATTACK','freeze state',100,'apply','enemy wind chakra nature','ninja attack','for 2 rounds'),('Psychic: Chameleon','Reanimated Hanzo','NORMAL_ATTACK','fury shield',10,'apply','ally water chakra nature','ninja attack','for 2 rounds'),('Psychic: Chameleon','Reanimated Hanzo','NORMAL_ATTACK','growth rate',150,'attack','all enemies','ninja attack','attack ends'),('Psychic: Chameleon','Reanimated Hanzo','NORMAL_ATTACK','growth rate',400,'attack','enemy earth chakra nature','ninja attack','attack ends'),('Psychic: Chameleon','Reanimated Hanzo','NORMAL_ATTACK','growth rate',400,'attack','enemy lightning chakra nature','ninja attack','attack ends'),('Psychic: Chameleon','Reanimated Hanzo','NORMAL_ATTACK','growth rate',400,'attack','enemy unactivated chakra nature','ninja attack','attack ends'),('Psychic: Chameleon','Reanimated Hanzo','NORMAL_ATTACK','growth rate',400,'attack','enemy water chakra nature','ninja attack','attack ends'),('PsychicHellhound','Reanimated Hanzo','SKILL','growth rate',330,'attack','all enemies','ninja attack','attack ends'),('Psychic: Chameleon','Reanimated Hanzo','NORMAL_ATTACK','health',120,'recover','all enemies','ninja attack','attack ends'),('Summoning Rinnegan','Reanimated Hanzo','TALENT','HP',30,'increase','all allies','ninja is alive','battle ends'),('Summoning Rinnegan','Reanimated Hanzo','TALENT','ignores enemy attack',10,'increase','self','ninja is alive','battle ends'),('Summoning Rinnegan','Reanimated Hanzo','TALENT','immune to chaos',1,'obtain','self','ninja is alive','battle ends'),('Summoning Rinnegan','Reanimated Hanzo','TALENT','immune to charm',1,'obtain','self','ninja is alive','battle ends'),('Summoning Rinnegan','Reanimated Hanzo','TALENT','immune to death seed',1,'obtain','self','ninja is alive','battle ends'),('Psychic: Chameleon','Reanimated Hanzo','NORMAL_ATTACK','incinerate state with 120% rate',100,'apply','enemys fire chakra nature','ninja attack','for 2 rounds'),('Summoning Rinnegan','Reanimated Hanzo','TALENT','massive chakra, power,and health by percentage',1,'increase','self','ninja is alive','battle ends'),('Psychic: Chameleon','Reanimated Hanzo','NORMAL_ATTACK','physical penetrating damage with',100,'attack','enemy fire chakra nature','ninja attack','attack ends'),('Summoning Rinnegan','Reanimated Hanzo','TALENT','reduce reflect damage',150,'increase','self','ninja is alive','battle ends'),('Psychic: Chameleon','Reanimated Hanzo','NORMAL_ATTACK','remove buffs',1,'apply','enemy earth chakra nature','ninja attack','attack ends'),('PsychicHellhound','Reanimated Hanzo','SKILL','remove buffs',1,'apply','all enemies','ninja attack','battle ends'),('Psychic: Chameleon','Reanimated Hanzo','NORMAL_ATTACK','remove debuffs',1,'apply','ally lightning chakra nature','ninja attack','attack ends'),('Summoning Rinnegan','Reanimated Hanzo','TALENT','s.attack(can break the limit)',40,'increase','ally lightning chakra nature','ninja is alive','battle ends'),('Psychic: Chameleon','Reanimated Hanzo','NORMAL_ATTACK','seal state',100,'apply','enemy earth chakra nature','ninja attack','for 2 rounds'),('Summoning Rinnegan','Reanimated Hanzo','TALENT','speed %',112,'increase','all allies','ninja is alive','battle ends'),('Summoning Rinnegan','Reanimated Hanzo','TALENT','speed %',86,'increase','self','ninja is alive','battle ends'),('Psychic: Chameleon','Reanimated Hanzo','NORMAL_ATTACK','strategy penetrating damage with',100,'attack','enemy wind chakra nature','ninja attack','attack ends'),('PsychicHellhound','Reanimated Hanzo','SKILL','super dodge state',50,'apply','ally Supports','ninja attack','for 3 rounds'),('PsychicHellhound','Reanimated Hanzo','SKILL','super dodge state',30,'apply','self','ninja attack','for 2 rounds'),('PsychicHellhound','Reanimated Hanzo','SKILL','unable gain buffs state',1,'apply','all enemies','ninja attack','for 3 rounds'),('Psychic: Chameleon','Reanimated Hanzo','NORMAL_ATTACK','upwind state',1,'apply','ally lightning chakra nature','ninja attack','for 2 rounds'),('Psychic: Chameleon','Reanimated Hanzo','NORMAL_ATTACK','upwind state',100,'apply','enemy earth chakra nature','ninja attack','for 2 rounds'),('Psychic: Chameleon','Reanimated Hanzo','NORMAL_ATTACK','weak state',100,'apply','enemy wind chakra nature','ninja attack','for 2 rounds'),('Psychic: Chameleon','Reanimated Hanzo','NORMAL_ATTACK','wind bond state',100,'apply','enemy fire chakra nature','ninja attack','for 2 rounds'),('Attack of the Twin Demons','Sakon & Ukon','SKILL','attack',40,'decrease','enemy fire chakra nature','ninja attack','for 2 rounds'),('Parasitism Ghost','Sakon & Ukon','TALENT','attack',50,'decrease','enemy fire chakra nature','ninja is alive','battle ends'),('Parasitism Ghost','Sakon & Ukon','TALENT','attack',50,'increase','ally fire chakra nature','ninja is alive','battle ends'),('Parasitism Ghost','Sakon & Ukon','TALENT','avoid injury rate',40,'increase','all allies','ninja is alive','battle ends'),('Parasitism Ghost','Sakon & Ukon','TALENT','avoid injury rate',65,'increase','self','ninja is alive','battle ends'),('Attack of the Twin Demons','Sakon & Ukon','SKILL','breaking wind state',1,'apply','ally fire chakra nature','ninja attack','for 2 rounds'),('Parasitism Ghost','Sakon & Ukon','TALENT','cc succes rate',30,'decrease','enemy wind chakra nature','ninja is alive','battle ends'),('Parasitism Ghost','Sakon & Ukon','TALENT','damage rate',30,'decrease','all enemies','ninja is alive','battle ends'),('Parasitism Ghost','Sakon & Ukon','TALENT','damage rate',65,'increase','self','ninja is alive','battle ends'),('Parasitism Ghost','Sakon & Ukon','TALENT','defense',30,'increase','ally earth chakra nature','ninja is alive','battle ends'),('Attack of the Twin Demons','Sakon & Ukon','SKILL','final damage',30,'decrease','all enemies','ninja attack','for 2 rounds'),('Parasitism Ghost','Sakon & Ukon','TALENT','final damage reduction',30,'increase','ally earth chakra nature','ninja is alive','battle ends'),('Attack of the Twin Demons','Sakon & Ukon','SKILL','fury',30,'increase','all allies (except self)','ninja attack','attack ends'),('Attack of the Twin Demons','Sakon & Ukon','SKILL','fury',68,'increase','self','ninja attack','attack ends'),('Attack of the Twin Demons','Sakon & Ukon','SKILL','growth rate',300,'attack','all enemies','ninja attack','attack ends'),('Parasitism Ghost','Sakon & Ukon','TALENT','HP',30,'increase','all allies','ninja is alive','battle ends'),('Parasitism Ghost','Sakon & Ukon','TALENT','immune control state',40,'decrease','ally earth chakra nature','when attacked','for 2 rounds'),('Parasitism Ghost','Sakon & Ukon','TALENT','immune to charm',1,'obtain','self','ninja is alive','battle ends'),('Parasitism Ghost','Sakon & Ukon','TALENT','immune to death seed',1,'obtain','self','ninja is alive','battle ends'),('Parasitism Ghost','Sakon & Ukon','TALENT','immune to seal state',1,'obtain','self','ninja is alive','battle ends'),('Parasitism Ghost','Sakon & Ukon','TALENT','massive agility, chakra, and hp by percentage',1,'increase','self','ninja is alive','battle ends'),('Parasitism Ghost','Sakon & Ukon','TALENT','reduce damage reflect',150,'increase','self','ninja is alive','battle ends'),('Attack of the Twin Demons','Sakon & Ukon','SKILL','seal state',100,'apply','enemy fire chakra nature','ninja attack','for 2 rounds'),('Attack of the Twin Demons','Sakon & Ukon','SKILL','seal state',100,'apply','enemy wind chakra nature','ninja attack','for 2 rounds'),('Parasitism Ghost','Sakon & Ukon','TALENT','speed %',116,'increase','all allies','ninja is alive','battle ends'),('Parasitism Ghost','Sakon & Ukon','TALENT','speed %',92,'increase','self','ninja is alive','battle ends'),('Bloody Mist Sword Art','Sixth Mizukage','TALENT','attack',30,'decrease','enemy lightning chakra nature','ninja is alive','battle ends'),('Bloody Mist Sword Art','Sixth Mizukage','TALENT','attack',40,'increase','ally water chakra nature','ninja is alive','battle ends'),('Hiramekarei Twinsword Release','Sixth Mizukage','SKILL','attack',30,'decrease','all enemies','ninja attack','for 2 rounds'),('Bloody Mist Sword Art','Sixth Mizukage','TALENT','avoid injury rate',40,'decrease','enemy fire chakra nature','ninja is alive','battle ends'),('Bloody Mist Sword Art','Sixth Mizukage','TALENT','avoid injury rate',40,'increase','ally water chakra nature','ninja is alive','battle ends'),('Bloody Mist Sword Art','Sixth Mizukage','TALENT','avoid injury rate',65,'increase','self','ninja is alive','battle ends'),('Hiramekarei Twinsword Release','Sixth Mizukage','SKILL','blind state',90,'apply','all enemies','ninja attack','for 2 rounds'),('Bloody Mist Sword Art','Sixth Mizukage','TALENT','cc resistance',30,'decrease','enemy fire chakra nature','ninja is alive','battle ends'),('Bloody Mist Sword Art','Sixth Mizukage','TALENT','damage rate',65,'increase','self','ninja is alive','battle ends'),('Hiramekarei Twinsword Release','Sixth Mizukage','SKILL','damage rate',30,'decrease','all enemies','ninja attack','for 2 rounds'),('Bloody Mist Sword Art','Sixth Mizukage','TALENT','defense',30,'increase','self','ninja is alive','battle ends'),('Hiramekarei Twinsword Release','Sixth Mizukage','SKILL','defense',50,'increase','all allies','ninja attack','for 2 rounds'),('Bloody Mist Sword Art','Sixth Mizukage','TALENT','DOT damage (Poison/ Ignite/ Power Loss/ Orochi Poison/ Vein Damage/ Bleed/ Split/ Unification/ Safeguard)',30,'increase','ally Vanguard','ninja is alive','battle ends'),('Hiramekarei Twinsword Release','Sixth Mizukage','SKILL','frozen state',1,'apply','highes enemy HP','ninja attack','for 2 rounds'),('Hiramekarei Twinsword Release','Sixth Mizukage','SKILL','fury',30,'increase','all allies (except self)','ninja attack','attack ends'),('Hiramekarei Twinsword Release','Sixth Mizukage','SKILL','fury',68,'increase','self','ninja attack','attack ends'),('Hiramekarei Twinsword Release','Sixth Mizukage','SKILL','growth rate',330,'attack','all enemies','ninja attack','attack ends'),('Bloody Mist Sword Art','Sixth Mizukage','TALENT','heal rate',40,'increase','ally water chakra nature','ninja is alive','battle ends'),('Bloody Mist Sword Art','Sixth Mizukage','TALENT','HP',30,'increase','all allies','ninja is alive','battle ends'),('Bloody Mist Sword Art','Sixth Mizukage','TALENT','immune to death seed',1,'obtain','self','ninja is alive','battle ends'),('Bloody Mist Sword Art','Sixth Mizukage','TALENT','immune to frozen state',1,'obtain','self','ninja is alive','battle ends'),('Bloody Mist Sword Art','Sixth Mizukage','TALENT','immune to weakned state',1,'obtain','self','ninja is alive','battle ends'),('Bloody Mist Sword Art','Sixth Mizukage','TALENT','massive agility, force, and health by percentage',1,'increase','self','ninja is alive','battle ends'),('Hiramekarei Twinsword Release','Sixth Mizukage','SKILL','penetrating damage',35,'apply','all enemies','ninja attack','attack ends'),('Bloody Mist Sword Art','Sixth Mizukage','TALENT','reduce damage reflect',150,'increase','self','ninja is alive','battle ends'),('Bloody Mist Sword Art','Sixth Mizukage','TALENT','resistance',55,'increase','self','ninja is alive','battle ends'),('Hiramekarei Twinsword Release','Sixth Mizukage','SKILL','shielding state',40,'apply','ally Vanguard','ninja attack','for 2 rounds'),('Hiramekarei Twinsword Release','Sixth Mizukage','SKILL','shielding state',40,'apply','self','ninja attack','for 2 rounds'),('Bloody Mist Sword Art','Sixth Mizukage','TALENT','speed %',112,'increase','all allies','ninja is alive','battle ends'),('Bloody Mist Sword Art','Sixth Mizukage','TALENT','speed %',86,'increase','self','ninja is alive','battle ends'),('Amenosubaruboshinomikoto','Urashiki Otsutsuki','SKILL','acupuncture',100,'apply','all enemies','ninja attack','for 3 rounds'),('Amenosubaruboshinomikoto','Urashiki Otsutsuki','SKILL','attack',40,'decrease','enemies earth chakra nature','ninja attack','for 3 rounds'),('Amenosubaruboshinomikoto','Urashiki Otsutsuki','SKILL','attack',40,'decrease','enemies fire chakra nature','ninja attack','for 3 rounds'),('Amenosubaruboshinomikoto','Urashiki Otsutsuki','SKILL','attack',40,'decrease','enemies water chakra nature','ninja attack','for 3 rounds'),('Yomotsu Hirasaka','Urashiki Otsutsuki','NORMAL_ATTACK','attack',30,'increase','all allies','ninja attack','for 2 round'),('Yomotsu Hirasaka','Urashiki Otsutsuki','TALENT','avoid injury rate',30,'decrease','all enemies','ninja is alive','battle ends'),('Yomotsu Hirasaka','Urashiki Otsutsuki','TALENT','avoid injury rate',60,'increase','self','ninja is alive','battle ends'),('Yomotsu Hirasaka','Urashiki Otsutsuki','TALENT','cc resistance',55,'increase','self','ninja is alive','battle ends'),('Amenosubaruboshinomikoto','Urashiki Otsutsuki','SKILL','crit rate',40,'increase','all allies','ninja attack','for 3 rounds'),('Amenosubaruboshinomikoto','Urashiki Otsutsuki','SKILL','curse',100,'apply','all enemies','ninja attack','for 3 rounds'),('Yomotsu Hirasaka','Urashiki Otsutsuki','TALENT','damage rate',30,'increase','all allies','ninja is alive','battle ends'),('Yomotsu Hirasaka','Urashiki Otsutsuki','TALENT','damage rate',70,'increase','self','ninja is alive','battle ends'),('Yomotsu Hirasaka','Urashiki Otsutsuki','NORMAL_ATTACK','deals additional strategy attack with growth rate',200,'attack','all enemies','ninja attack','battle'),('Amenosubaruboshinomikoto','Urashiki Otsutsuki','SKILL','defense',30,'decrease','all enemies','ninja attack','for 3 rounds'),('Yomotsu Hirasaka','Urashiki Otsutsuki','TALENT','defense',40,'decrease','enemie Assaulters','ninja is alive','battle ends'),('Yomotsu Hirasaka','Urashiki Otsutsuki','TALENT','defense',30,'decrease','enemie Supports','ninja is alive','battle ends'),('Yomotsu Hirasaka','Urashiki Otsutsuki','TALENT','defense',50,'decrease','enemie Vanguard','ninja is alive','battle ends'),('Amenosubaruboshinomikoto','Urashiki Otsutsuki','SKILL','growth rate',300,'attack','all enemies','ninja attack','battle ends'),('Yomotsu Hirasaka','Urashiki Otsutsuki','NORMAL_ATTACK','growth rate',350,'attack','all enemies','ninja attack','battle'),('Yomotsu Hirasaka','Urashiki Otsutsuki','TALENT','HP',30,'increase','ally Assaulters','ninja is alive','battle ends'),('Yomotsu Hirasaka','Urashiki Otsutsuki','TALENT','HP',20,'increase','ally Supports','ninja is alive','battle ends'),('Yomotsu Hirasaka','Urashiki Otsutsuki','TALENT','HP',30,'increase','ally Vanguard','ninja is alive','battle ends'),('Yomotsu Hirasaka','Urashiki Otsutsuki','TALENT','ignore super flash',1,'obtain','self','ninja is alive','battle ends'),('Yomotsu Hirasaka','Urashiki Otsutsuki','TALENT','ignores enemy attack',10,'increase','self','ninja is alive','battle ends'),('Yomotsu Hirasaka','Urashiki Otsutsuki','TALENT','immune to chaos',1,'obtain','self','ninja is alive','battle ends'),('Yomotsu Hirasaka','Urashiki Otsutsuki','TALENT','immune to charm',1,'obtain','self','ninja is alive','battle ends'),('Yomotsu Hirasaka','Urashiki Otsutsuki','TALENT','immune to poisonous wind',1,'obtain','self','ninja is alive','battle ends'),('Yomotsu Hirasaka','Urashiki Otsutsuki','TALENT','massive agility, chakra, and force by percentage',1,'increase','self','ninja is alive','battle ends'),('Yomotsu Hirasaka','Urashiki Otsutsuki','NORMAL_ATTACK','poisonous wind state',95,'apply','all enemies','ninja attack','for 2 round'),('Yomotsu Hirasaka','Urashiki Otsutsuki','TALENT','reduce reflect damage',150,'increase','self','ninja is alive','battle ends'),('Yomotsu Hirasaka','Urashiki Otsutsuki','NORMAL_ATTACK','remove buffs',1,'apply','2 random enemies','ninja attack','battle ends'),('Yomotsu Hirasaka','Urashiki Otsutsuki','NORMAL_ATTACK','remove debuffs',1,'apply','2 random allies','ninja attack','battle ends'),('Amenosubaruboshinomikoto','Urashiki Otsutsuki','SKILL','speed %',40,'decrease','enemies earth chakra nature','ninja attack','for 3 rounds'),('Amenosubaruboshinomikoto','Urashiki Otsutsuki','SKILL','speed %',40,'decrease','enemies fire chakra nature','ninja attack','for 3 rounds'),('Amenosubaruboshinomikoto','Urashiki Otsutsuki','SKILL','speed %',40,'decrease','enemies water chakra nature','ninja attack','for 3 rounds'),('Yomotsu Hirasaka','Urashiki Otsutsuki','TALENT','speed %',5,'decrease','all enemies who have unactivated chakra nature','ninja is alive','battle ends'),('Yomotsu Hirasaka','Urashiki Otsutsuki','TALENT','speed %',5,'decrease','enemies earth chakra nature','ninja is alive','battle ends'),('Yomotsu Hirasaka','Urashiki Otsutsuki','TALENT','speed %',112,'increase','all allies','ninja is alive','battle ends'),('Yomotsu Hirasaka','Urashiki Otsutsuki','TALENT','speed %',86,'increase','self','ninja is alive','battle ends'),('Yomotsu Hirasaka','Urashiki Otsutsuki','NORMAL_ATTACK','weakened state',80,'apply','enemies Supports','ninja attack','for 2 round'),('Bubbles Technique','Utakata','TALENT','attack',30,'increase','all allies','ninja is alive','battle ends'),('Shabondama','Utakata','SKILL','attack',40,'decrease','enemy lightning chakra nature','ninja attack','battle ends'),('Shabondama','Utakata','SKILL','attack',40,'increase','ally Assaulters','ninja attack','for 2 rounds'),('Shabondama','Utakata','SKILL','attack',40,'increase','ally Vanguard','ninja attack','for 2 rounds'),('Bubbles Technique','Utakata','TALENT','avoid injury rate',65,'increase','self','ninja is alive','battle ends'),('Shabondama','Utakata','SKILL','avoid injury rate',50,'decrease','enemy fire chakra nature','ninja attack','battle ends'),('Shabondama','Utakata','SKILL','bleeding state',120,'apply','all enemies','ninja attack','for 2 rounds'),('Bubbles Technique','Utakata','TALENT','cc resistance',30,'increase','ally water chakra nature','ninja is alive','battle ends'),('Bubbles Technique','Utakata','TALENT','damage rate',40,'decrease','enemy fire chakra nature','ninja is alive','battle ends'),('Bubbles Technique','Utakata','TALENT','damage rate',40,'decrease','enemy lightning chakra nature','ninja is alive','battle ends'),('Bubbles Technique','Utakata','TALENT','damage rate',65,'increase','self','ninja is alive','battle ends'),('Bubbles Technique','Utakata','TALENT','defense',50,'increase','ally water chakra nature','ninja is alive','battle ends'),('Bubbles Technique','Utakata','TALENT','freeze state',35,'apply','attacker','when attacked','for 2 round'),('Shabondama','Utakata','SKILL','fury',30,'increase','all allies (except self)','ninja attack','attack ends'),('Shabondama','Utakata','SKILL','fury',68,'increase','self','ninja attack','attack ends'),('Shabondama','Utakata','SKILL','growth rate',300,'attack','all enemies','ninja attack','meanwhile attack'),('Bubbles Technique','Utakata','TALENT','HP',30,'increase','ally Assaulters','ninja is alive','battle ends'),('Bubbles Technique','Utakata','TALENT','HP',50,'increase','ally Supports','ninja is alive','battle ends'),('Bubbles Technique','Utakata','TALENT','HP',30,'increase','ally Vanguard','ninja is alive','battle ends'),('Bubbles Technique','Utakata','TALENT','ignore super dodge',1,'obtain','self','ninja is alive','battle ends'),('Bubbles Technique','Utakata','TALENT','immune to death seed',1,'obtain','self','ninja is alive','battle ends'),('Bubbles Technique','Utakata','TALENT','immune to freeze',1,'obtain','self','ninja is alive','battle ends'),('Bubbles Technique','Utakata','TALENT','immune to wind bind',1,'obtain','self','ninja is alive','battle ends'),('Bubbles Technique','Utakata','TALENT','massive agility,spirit,and health by percentage',1,'increase','self','ninja is alive','battle ends'),('Shabondama','Utakata','SKILL','penetrating damage',40,'apply','all enemies','ninja attack','for 2 rounds'),('Shabondama','Utakata','SKILL','poison wind state',1,'apply','enemy lowest HP','ninja attack','for 2 rounds'),('Bubbles Technique','Utakata','TALENT','speed %',116,'increase','all allies','ninja is alive','battle ends'),('Bubbles Technique','Utakata','TALENT','speed %',92,'increase','self','ninja is alive','battle ends'),('Shabondama','Utakata','SKILL','speed %',40,'increase','ally Assaulters','ninja attack','for 2 rounds'),('Shabondama','Utakata','SKILL','speed %',40,'increase','ally Vanguard','ninja attack','for 2 rounds'),('Shabondama','Utakata','SKILL','Unification state',120,'apply','all enemies','ninja attack','for 2 rounds'),('Bubbles Technique','Utakata','TALENT','weaknes state',1,'apply','attacker','when attacked','for 1 round'),('Sakura Ilusion - Burst','Warlord Sakura','TALENT','attack',30,'decrease','all enemies','ninja is alive','battle ends'),('Sakura Ilusion - Slash','Warlord Sakura','SKILL','attack',30,'decrease','all enemies','ninja attack','for 2 rounds'),('Sakura Ilusion - Burst','Warlord Sakura','TALENT','avoid injury rate',65,'increase','self','ninja is alive','battle ends'),('Sakura Ilusion - Burst','Warlord Sakura','TALENT','bond state',30,'apply','ally vanguard','When attacked','for 2 round'),('Sakura Ilusion - Burst','Warlord Sakura','TALENT','bond state',30,'apply','self','When attacked','for 2 round'),('Sakura Ilusion - Slash','Warlord Sakura','SKILL','breaking wind status',1,'apply','ally vanguard','ninja attack','for 2 rounds'),('Sakura Ilusion - Slash','Warlord Sakura','SKILL','breaking wind status',1,'apply','self','ninja attack','for 2 rounds'),('Sakura Ilusion - Burst','Warlord Sakura','TALENT','cc resistance',55,'increase','self','ninja is alive','battle ends'),('Sakura Ilusion - Slash','Warlord Sakura','SKILL','chaos',90,'apply','all enemies','ninja attack','for 2 rounds'),('Sakura Ilusion - Slash','Warlord Sakura','SKILL','charm',100,'apply','enemy assaulters','ninja attack','for 2 rounds'),('Sakura Ilusion - Burst','Warlord Sakura','TALENT','crit chance(can break upper limit)',5,'increase','all allies','Every 10% loss in health','health is still losed'),('Sakura Ilusion - Burst','Warlord Sakura','TALENT','damage dealt',30,'increase','all allies','ninja is alive','battle ends'),('Sakura Ilusion - Burst','Warlord Sakura','TALENT','damage rate',30,'decrease','all enemies','ninja is alive','battle ends'),('Sakura Ilusion - Burst','Warlord Sakura','TALENT','damage rate',65,'increase','self','ninja is alive','battle ends'),('Sakura Ilusion - Slash','Warlord Sakura','SKILL','damage rate',30,'decrease','all enemies','ninja attack','for 2 rounds'),('Sakura Ilusion - Burst','Warlord Sakura','TALENT','damage reduction',30,'increase','all allies','ninja is alive','battle ends'),('Sakura Ilusion - Slash','Warlord Sakura','SKILL','fury',30,'increase','all allies (except self)','ninja attack','for 2 rounds'),('Sakura Ilusion - Slash','Warlord Sakura','SKILL','fury',68,'increase','self','ninja attack','for 2 rounds'),('Sakura Ilusion - Slash','Warlord Sakura','SKILL','growth rate',320,'attack','all enemies','ninja attack','meanwhile attack'),('Sakura Ilusion - Burst','Warlord Sakura','TALENT','HP',50,'increase','ally Assaulters','ninja is alive','battle ends'),('Sakura Ilusion - Burst','Warlord Sakura','TALENT','HP',50,'increase','ally Supports','ninja is alive','battle ends'),('Sakura Ilusion - Burst','Warlord Sakura','TALENT','HP',30,'increase','ally Vanguard','ninja is alive','battle ends'),('Sakura Ilusion - Burst','Warlord Sakura','TALENT','ignore enemy defense',10,'increase','all allies','Every 10% loss in health','health is still losed'),('Sakura Ilusion - Burst','Warlord Sakura','TALENT','immune to chaos',1,'obtain','self','ninja is alive','battle ends'),('Sakura Ilusion - Burst','Warlord Sakura','TALENT','immune to charm',1,'obtain','self','ninja is alive','battle ends'),('Sakura Ilusion - Burst','Warlord Sakura','TALENT','immune to death seed',1,'obtain','self','ninja is alive','battle ends'),('Sakura Ilusion - Burst','Warlord Sakura','TALENT','massive agility, health, and force by percentage',1,'increase','self','ninja is alive','battle ends'),('Sakura Ilusion - Burst','Warlord Sakura','TALENT','reduce reflect damage',150,'increase','self','ninja is alive','battle ends'),('Sakura Ilusion - Burst','Warlord Sakura','TALENT','remove buffs',40,'apply','all enemies','When attacked','for 2 round'),('Sakura Ilusion - Slash','Warlord Sakura','SKILL','remove debuffs',1,'apply','all allies','ninja attack','battle ends'),('Sakura Ilusion - Burst','Warlord Sakura','TALENT','speed %',112,'increase','all allies','ninja is alive','battle ends'),('Sakura Ilusion - Burst','Warlord Sakura','TALENT','speed %',86,'increase','self','ninja is alive','battle ends');

INSERT INTO `ninja_stats` VALUES ('Akimichi','120'),('Animal Path','120'),('Daiguren Toshiro','120'),('Hidan','120'),('Hotaru','120'),('Hyakki Sasori','120'),('Ino','120'),('Jiongu Kakuzu','120'),('Kankuro','120'),('Kurotsuchi','120'),('Mito','120'),('Reanimated Hanzo','120'),('Sakon & Ukon','120'),('Sixth Mizukage','120'),('Urashiki Otsutsuki','120'),('Utakata','120'),('Warlord Sakura','120');

INSERT INTO `stat_atributo` VALUES ('Akimichi','120','agility',50),('Akimichi','120','agility growth rate',1),('Akimichi','120','chakra',50),('Akimichi','120','chakra growth rate',1),('Akimichi','120','force',30),('Akimichi','120','force growth rate',1),('Akimichi','120','power',40),('Akimichi','120','power growth rate',1),('Animal Path','120','agility',40000),('Animal Path','120','agility growth rate',40),('Animal Path','120','chakra',38000),('Animal Path','120','chakra growth rate',38),('Animal Path','120','force',25000),('Animal Path','120','force growth rate',25),('Animal Path','120','power',420000),('Animal Path','120','power growth rate',42),('Daiguren Toshiro','120','agility',35000),('Daiguren Toshiro','120','agility growth rate',35),('Daiguren Toshiro','120','chakra',22000),('Daiguren Toshiro','120','chakra growth rate',22),('Daiguren Toshiro','120','force',48000),('Daiguren Toshiro','120','force growth rate',48),('Daiguren Toshiro','120','power',400000),('Daiguren Toshiro','120','power growth rate',40),('Hidan','120','agility',40000),('Hidan','120','agility growth rate',40),('Hidan','120','chakra',36000),('Hidan','120','chakra growth rate',36),('Hidan','120','force',25000),('Hidan','120','force growth rate',25),('Hidan','120','power',440000),('Hidan','120','power growth rate',44),('Hotaru','120','agility',38000),('Hotaru','120','agility growth rate',38),('Hotaru','120','chakra',25000),('Hotaru','120','chakra growth rate',258),('Hotaru','120','force',40000),('Hotaru','120','force growth rate',40),('Hotaru','120','power',420000),('Hotaru','120','power growth rate',42),('Hyakki Sasori','120','agility',40000),('Hyakki Sasori','120','agility growth rate',40),('Hyakki Sasori','120','chakra',38000),('Hyakki Sasori','120','chakra growth rate',38),('Hyakki Sasori','120','force',25000),('Hyakki Sasori','120','force growth rate',25),('Hyakki Sasori','120','power',420000),('Hyakki Sasori','120','power growth rate',42),('Ino','120','agility',50),('Ino','120','agility growth rate',1),('Ino','120','chakra',50),('Ino','120','chakra growth rate',1),('Ino','120','force',30),('Ino','120','force growth rate',1),('Ino','120','power',40),('Ino','120','power growth rate',1),('Jiongu Kakuzu','120','agility',36000),('Jiongu Kakuzu','120','agility growth rate',36),('Jiongu Kakuzu','120','chakra',27000),('Jiongu Kakuzu','120','chakra growth rate',27),('Jiongu Kakuzu','120','force',39000),('Jiongu Kakuzu','120','force growth rate',39),('Jiongu Kakuzu','120','power',430000),('Jiongu Kakuzu','120','power growth rate',43),('Kankuro','120','agility',50),('Kankuro','120','agility growth rate',1),('Kankuro','120','chakra',50),('Kankuro','120','chakra growth rate',1),('Kankuro','120','force',30),('Kankuro','120','force growth rate',1),('Kankuro','120','power',40),('Kankuro','120','power growth rate',1),('Kurotsuchi','120','agility',38000),('Kurotsuchi','120','agility growth rate',38),('Kurotsuchi','120','chakra',40000),('Kurotsuchi','120','chakra growth rate',40),('Kurotsuchi','120','force',22000),('Kurotsuchi','120','force growth rate',22),('Kurotsuchi','120','power',450000),('Kurotsuchi','120','power growth rate',45),('Mito','120','agility',40000),('Mito','120','agility growth rate',40),('Mito','120','chakra',38000),('Mito','120','chakra growth rate',38),('Mito','120','force',25000),('Mito','120','force growth rate',25),('Mito','120','power',420000),('Mito','120','power growth rate',42),('Reanimated Hanzo','120','agility',40000),('Reanimated Hanzo','120','agility growth rate',40),('Reanimated Hanzo','120','chakra',38000),('Reanimated Hanzo','120','chakra growth rate',38),('Reanimated Hanzo','120','force',25000),('Reanimated Hanzo','120','force growth rate',25),('Reanimated Hanzo','120','power',420000),('Reanimated Hanzo','120','power growth rate',42),('Sakon & Ukon','120','agility',38000),('Sakon & Ukon','120','agility growth rate',30),('Sakon & Ukon','120','chakra',32000),('Sakon & Ukon','120','chakra growth rate',32),('Sakon & Ukon','120','force',30000),('Sakon & Ukon','120','force growth rate',38),('Sakon & Ukon','120','power',450000),('Sakon & Ukon','120','power growth rate',45),('Sixth Mizukage','120','agility',38000),('Sixth Mizukage','120','agility growth rate',38),('Sixth Mizukage','120','chakra',25000),('Sixth Mizukage','120','chakra growth rate',25),('Sixth Mizukage','120','force',40000),('Sixth Mizukage','120','force growth rate',40),('Sixth Mizukage','120','power',420000),('Sixth Mizukage','120','power growth rate',42),('Urashiki Otsutsuki','120','agility',38000),('Urashiki Otsutsuki','120','agility growth rate',38000),('Urashiki Otsutsuki','120','chakra',40000),('Urashiki Otsutsuki','120','chakra growth rate',40000),('Urashiki Otsutsuki','120','force',40000),('Urashiki Otsutsuki','120','force growth rate',40000),('Urashiki Otsutsuki','120','power',270000),('Urashiki Otsutsuki','120','power growth rate',270000),('Utakata','120','agility',38000),('Utakata','120','agility growth rate',38),('Utakata','120','chakra',40000),('Utakata','120','chakra growth rate',40),('Utakata','120','force',22000),('Utakata','120','force growth rate',22),('Utakata','120','power',450000),('Utakata','120','power growth rate',45),('Warlord Sakura','120','agility',39000),('Warlord Sakura','120','agility growth rate',39),('Warlord Sakura','120','chakra',25000),('Warlord Sakura','120','chakra growth rate',25),('Warlord Sakura','120','force',41000),('Warlord Sakura','120','force growth rate',41),('Warlord Sakura','120','power',400000),('Warlord Sakura','120','power growth rate',40); 
	 
INSERT INTO `equipos` VALUES ('amegakure set'),('amenunohoko set'),('ashura set'),('bloodfang set'),('curse seal set'),('hyuga set'),('indora set'),('kirikakure set'),('kumogakure set'),('longen set'),('moonlit set'),('pain set'),('saint set'),('sakura set'),('sarutobi set'),('senju set'),('sunagakure set'),('uchiha set'),('uzumaki set'),('yaksa set');

INSERT INTO `bonuses` VALUES (2,'amegakure set','2 effect : '),(2,'amenunohoko set','2 effect : '),(2,'ashura set','2 effect : '),(2,'bloodfang set','2 effect : '),(2,'curse seal set','2 effect : '),(2,'hyuga set','2 effect : '),(2,'indora set','2 effect : '),(2,'kirikakure set','2 effect : '),(2,'kumogakure set','2 effect : '),(2,'longen set','2 effect : '),(2,'moonlit set','2 effect: '),(2,'pain set','2 effect : '),(2,'saint set','2 effect : '),(2,'sakura set','2 effect : '),(2,'sarutobi set','2 effect : '),(2,'senju set','2 effect : '),(2,'sunagakure set','2 effect : '),(2,'uchiha set','2 effect : '),(2,'uzumaki set','2 effect : '),(2,'yaksa set','2 effect: '),(4,'amegakure set','4 effect : '),(4,'amenunohoko set','4 effect : '),(4,'ashura set','4 effect : '),(4,'bloodfang set','4 effect : '),(4,'curse seal set','4 effect : '),(4,'hyuga set','4 effect : '),(4,'indora set','4 effect : '),(4,'kirikakure set','4 effect : '),(4,'kumogakure set','4 effect : '),(4,'longen set','4 effect : '),(4,'moonlit set','4 effect: '),(4,'pain set','4 effect : '),(4,'saint set','4 effect : '),(4,'sakura set','4 effect : '),(4,'sarutobi set','4 effect : '),(4,'senju set','4 effect : '),(4,'sunagakure set','4 effect : '),(4,'uchiha set','4 effect : '),(4,'uzumaki set','4 effect : '),(4,'yaksa set','4 effect: '),(6,'amegakure set','6 effect : '),(6,'amenunohoko set','6 effect : '),(6,'ashura set','6 effect : '),(6,'bloodfang set','6 effect : '),(6,'curse seal set','6 effect : '),(6,'hyuga set','6 effect : '),(6,'indora set','6 effect : '),(6,'kirikakure set','6 effect : '),(6,'kumogakure set','6 effect : '),(6,'longen set','6 effect : '),(6,'moonlit set','6 effect: '),(6,'pain set','6 effect : '),(6,'saint set','6 effect : '),(6,'sakura set','6 effect : '),(6,'sarutobi set','6 effect : '),(6,'senju set','6 effect : '),(6,'sunagakure set','6 effect : '),(6,'uchiha set','6 effect : '),(6,'uzumaki set','6 effect : '),(6,'yaksa set','6 effect: ');

INSERT INTO `bonus_atributo` VALUES (2,'amegakure set','attack',25,'increase','ninja is alive','self','battle ends'),(2,'amegakure set','damage rate',20,'increase','ninja is alive','self','battle ends'),(2,'amegakure set','force',10000,'increase','ninja is alive','self','battle ends'),(2,'amegakure set','punch rate',30,'increase','ninja is alive','self','battle ends'),(2,'amenunohoko set','after released a skill, there has 80% chance to make random enemy ninja enter wind bond state for 2 round',0,'increase','ninja is alive','self','battle ends'),(2,'amenunohoko set','attack',25,'increase','ninja is alive','self','battle ends'),(2,'amenunohoko set','avoid injury rate',30,'increase','ninja is alive','self','battle ends'),(2,'ashura set','agility',10000,'increase','ninja is alive','self','battle ends'),(2,'ashura set','defense',30,'increase','ninja is alive','self','battle ends'),(2,'bloodfang set','avoid injury rate',30,'increase','ninja is alive','self','battle ends'),(2,'bloodfang set','HP',20,'increase','ninja is alive','self','battle ends'),(2,'curse seal set','agility',22000,'increase','ninja is alive','self','battle ends'),(2,'curse seal set','damage rate',30,'increase','ninja is alive','self','battle ends'),(2,'hyuga set','damage rate',30,'increase','ninja is alive','self','battle ends'),(2,'hyuga set','weaken enemy defense',30,'increase','ninja is alive','self','battle ends'),(2,'indora set','avoid injury rate',30,'increase','ninja is alive','self','battle ends'),(2,'indora set','HP',20,'increase','ninja is alive','self','battle ends'),(2,'kirikakure set','attack',20,'increase','ninja is alive','self','battle ends'),(2,'kirikakure set','avoid injury rate',30,'increase','ninja is alive','self','battle ends'),(2,'kumogakure set','agility',24000,'increase','ninja is alive','self','battle ends'),(2,'kumogakure set','damage rate',40,'increase','ninja is alive','self','battle ends'),(2,'kumogakure set','weaken enemy defense',10,'increase','ninja is alive','self','battle ends'),(2,'longen set','agility',10000,'increase','ninja is alive','self','battle ends'),(2,'longen set','avoid injury rate',30,'increase','ninja is alive','self','battle ends'),(2,'longen set','force',10000,'increase','ninja is alive','self','battle ends'),(2,'longen set','HP',30,'increase','ninja is alive','self','battle ends'),(2,'moonlit set','agility',10000,'increase','ninja is alive','self','battle ends'),(2,'moonlit set','attack',20,'increase','ninja is alive','self','battle ends'),(2,'moonlit set','damage rate',30,'increase','ninja is alive','self','battle ends'),(2,'moonlit set','force',10000,'increase','ninja is alive','self','battle ends'),(2,'pain set','HP',20,'increase','ninja is alive','self','battle ends'),(2,'pain set','physical defense',40,'increase','ninja is alive','self','battle ends'),(2,'pain set','resistant',15,'increase','ninja is alive','self','battle ends'),(2,'pain set','strategy defense',40,'increase','ninja is alive','self','battle ends'),(2,'pain set','weaken enemy defense',15,'increase','ninja is alive','self','battle ends'),(2,'saint set','attack',20,'increase','ninja is alive','self','battle ends'),(2,'saint set','HP',20,'increase','ninja is alive','self','battle ends'),(2,'saint set','punch rate',25,'increase','ninja is alive','self','battle ends'),(2,'sakura set','after releasing skill, give 2 random ally fury shield 2 rounds',0,'increase','ninja is alive','self','battle ends'),(2,'sakura set','agility',22000,'increase','ninja is alive','self','battle ends'),(2,'sakura set','damage rate',40,'increase','ninja is alive','self','battle ends'),(2,'sarutobi set','agility',20000,'increase','ninja is alive','self','battle ends'),(2,'sarutobi set','chakra',20000,'increase','ninja is alive','self','battle ends'),(2,'sarutobi set','damage rate',30,'increase','ninja is alive','self','battle ends'),(2,'sarutobi set','force',20000,'increase','ninja is alive','self','battle ends'),(2,'senju set','avoid injury rate',30,'increase','ninja is alive','self','battle ends'),(2,'senju set','cc resistance',15,'increase','ninja is alive','self','battle ends'),(2,'sunagakure set','agility',15000,'increase','ninja is alive','self','battle ends'),(2,'sunagakure set','avoid injury rate',35,'increase','ninja is alive','self','battle ends'),(2,'sunagakure set','force',20000,'increase','ninja is alive','self','battle ends'),(2,'sunagakure set','HP',30,'increase','ninja is alive','self','battle ends'),(2,'uchiha set','avoid injury rate',30,'increase','ninja is alive','self','battle ends'),(2,'uchiha set','HP',30,'increase','ninja is alive','self','battle ends'),(2,'uzumaki set','aid rate',20,'increase','ninja is alive','self','battle ends'),(2,'uzumaki set','avoid injury rate',30,'increase','ninja is alive','self','battle ends'),(2,'uzumaki set','damage rate',30,'increase','ninja is alive','self','battle ends'),(2,'yaksa set','avoid injury rate',30,'increase','ninja is alive','self','battle ends'),(2,'yaksa set','defense',30,'increase','ninja is alive','self','battle ends'),(4,'amegakure set','after release skill has 80% chance to make 2 random enemies enter frozen for 2 rounds',0,'increase','ninja is alive','self','battle ends'),(4,'amegakure set','damage rate',20,'increase','ninja is alive','self','battle ends'),(4,'amegakure set','increase cc rate',40,'increase','ninja is alive','self','battle ends'),(4,'amenunohoko set','after released a skill, increase ally assaulter speed by 30% for 2 round',0,'increase','ninja is alive','self','battle ends'),(4,'amenunohoko set','agility',30000,'increase','ninja is alive','self','battle ends'),(4,'amenunohoko set','damage rate',40,'increase','ninja is alive','self','battle ends'),(4,'ashura set','agility',18000,'increase','ninja is alive','self','battle ends'),(4,'ashura set','avoid injury rate',30,'increase','ninja is alive','self','battle ends'),(4,'ashura set','cc resistance',30,'increase','ninja is alive','self','battle ends'),(4,'bloodfang set','agility',18000,'increase','ninja is alive','self','battle ends'),(4,'bloodfang set','attack',30,'increase','ninja is alive','self','battle ends'),(4,'bloodfang set','damage rate',40,'increase','ninja is alive','self','battle ends'),(4,'curse seal set','agility',28000,'increase','ninja is alive','self','battle ends'),(4,'curse seal set','damage rate',30,'increase','ninja is alive','self','battle ends'),(4,'curse seal set','weaken enemy attack',35,'increase','ninja is alive','self','battle ends'),(4,'hyuga set','attack',25,'increase','ninja is alive','self','battle ends'),(4,'hyuga set','HP',20,'increase','ninja is alive','self','battle ends'),(4,'indora set','agility',18000,'increase','ninja is alive','self','battle ends'),(4,'indora set','attack',30,'increase','ninja is alive','self','battle ends'),(4,'indora set','damage rate',40,'increase','ninja is alive','self','battle ends'),(4,'kirikakure set','agility',25000,'increase','ninja is alive','self','battle ends'),(4,'kirikakure set','avoid injury rate',30,'increase','ninja is alive','self','battle ends'),(4,'kirikakure set','force',25000,'increase','ninja is alive','self','battle ends'),(4,'kirikakure set','increase cc rate',20,'increase','ninja is alive','self','battle ends'),(4,'kumogakure set','agility',34000,'increase','ninja is alive','self','battle ends'),(4,'kumogakure set','s.attack(can break the limit)',50,'increase','ninja is alive','self','battle ends'),(4,'kumogakure set','weaken enemy defense',20,'increase','ninja is alive','self','battle ends'),(4,'longen set','after being attacked, increase self defense by 100%',0,'increase','ninja is alive','self','battle ends'),(4,'longen set','agility',20000,'increase','ninja is alive','self','battle ends'),(4,'longen set','damage rate',40,'increase','ninja is alive','self','battle ends'),(4,'longen set','force',20000,'increase','ninja is alive','self','battle ends'),(4,'moonlit set','agility',23000,'increase','ninja is alive','self','battle ends'),(4,'moonlit set','force',25000,'increase','ninja is alive','self','battle ends'),(4,'moonlit set','HP',30,'increase','ninja is alive','self','battle ends'),(4,'moonlit set','weaken enemy attack',30,'increase','ninja is alive','self','battle ends'),(4,'pain set','agility',25000,'increase','ninja is alive','self','battle ends'),(4,'pain set','damage rate',30,'increase','ninja is alive','self','battle ends'),(4,'pain set','HP',30,'increase','ninja is alive','self','battle ends'),(4,'pain set','physical defense',50,'increase','ninja is alive','self','battle ends'),(4,'pain set','resistant',15,'increase','ninja is alive','self','battle ends'),(4,'pain set','strategy defense',50,'increase','ninja is alive','self','battle ends'),(4,'pain set','weaken enemy defense',15,'increase','ninja is alive','self','battle ends'),(4,'saint set','after using skill, recovers himself HP by 120%',0,'increase','ninja is alive','self','battle ends'),(4,'saint set','agility',20000,'increase','ninja is alive','self','battle ends'),(4,'saint set','damage rate',30,'increase','ninja is alive','self','battle ends'),(4,'sakura set','after releasing skill, incinerate 2 random enemies dot 120% 2 rounds',0,'increase','ninja is alive','self','battle ends'),(4,'sakura set','attack',20,'increase','ninja is alive','self','battle ends'),(4,'sakura set','increase 2 random ally Crit % (break limit)',40,'increase','ninja is alive','self','battle ends'),(4,'sarutobi set','attack',25,'increase','ninja is alive','self','battle ends'),(4,'sarutobi set','chakra',22000,'increase','ninja is alive','self','battle ends'),(4,'sarutobi set','force',22000,'increase','ninja is alive','self','battle ends'),(4,'sarutobi set','HP',30,'increase','ninja is alive','self','battle ends'),(4,'senju set','defense',30,'increase','ninja is alive','self','battle ends'),(4,'senju set','force',20000,'increase','ninja is alive','self','battle ends'),(4,'senju set','HP',30,'increase','ninja is alive','self','battle ends'),(4,'sunagakure set','after being attacked disperse ally fire chakra ninjas debuff',0,'increase','ninja is alive','self','battle ends'),(4,'sunagakure set','agility',15000,'increase','ninja is alive','self','battle ends'),(4,'sunagakure set','attack',20,'increase','ninja is alive','self','battle ends'),(4,'sunagakure set','force',20000,'increase','ninja is alive','self','battle ends'),(4,'sunagakure set','power',40000,'increase','ninja is alive','self','battle ends'),(4,'uchiha set','agility',20000,'increase','ninja is alive','self','battle ends'),(4,'uchiha set','damage rate',40,'increase','ninja is alive','self','battle ends'),(4,'uchiha set','reduce final damage taken by',30,'increase','ninja is alive','self','battle ends'),(4,'uzumaki set','agility',24000,'increase','ninja is alive','self','battle ends'),(4,'uzumaki set','cc resistance',15,'increase','ninja is alive','self','battle ends'),(4,'uzumaki set','HP',20,'increase','ninja is alive','self','battle ends'),(4,'yaksa set','attack',30,'increase','ninja is alive','self','battle ends'),(4,'yaksa set','HP',30,'increase','ninja is alive','self','battle ends'),(6,'amegakure set','after release skill dispel 2 random allies debuff',0,'increase','ninja is alive','self','battle ends'),(6,'amegakure set','agility',50000,'increase','ninja is alive','self','battle ends'),(6,'amegakure set','weaken enemy attack',30,'increase','ninja is alive','self','battle ends'),(6,'amenunohoko set','after released a skill, make random ally ninja enter bond state for 2 round',0,'increase','ninja is alive','self','battle ends'),(6,'amenunohoko set','agility',30000,'increase','ninja is alive','self','battle ends'),(6,'amenunohoko set','weaken enemy attack',30,'increase','ninja is alive','self','battle ends'),(6,'ashura set','after being attacked, restore own HP by 40%',0,'increase','ninja is alive','self','battle ends'),(6,'ashura set','agility',24000,'increase','ninja is alive','self','battle ends'),(6,'ashura set','avoid injury rate',40,'increase','ninja is alive','self','battle ends'),(6,'bloodfang set','after attack Poison enemy for 2 rounds by 80%',0,'increase','ninja is alive','self','battle ends'),(6,'bloodfang set','agility',30000,'increase','ninja is alive','self','battle ends'),(6,'bloodfang set','increase cc rate',40,'increase','ninja is alive','self','battle ends'),(6,'curse seal set','after using skill, recovers himself HP by 40%',0,'increase','ninja is alive','self','battle ends'),(6,'curse seal set','avoid injury rate',30,'increase','ninja is alive','self','battle ends'),(6,'curse seal set','HP',20,'increase','ninja is alive','self','battle ends'),(6,'hyuga set','after skill, deal 40% penetration Damage to 3 enemies',0,'increase','ninja is alive','self','battle ends'),(6,'hyuga set','damage rate',40,'increase','ninja is alive','self','battle ends'),(6,'indora set','after attack Poison enemy for 2 rounds by 80%',0,'increase','ninja is alive','self','battle ends'),(6,'indora set','agility',30000,'increase','ninja is alive','self','battle ends'),(6,'indora set','increase cc rate',40,'increase','ninja is alive','self','battle ends'),(6,'kirikakure set','agility',25000,'increase','ninja is alive','self','battle ends'),(6,'kirikakure set','damage rate',30,'increase','ninja is alive','self','battle ends'),(6,'kirikakure set','when attacked there is an 80% chance to make enemy male ninjas  enter disable for 2 rounds (cant move, cant disperse)',0,'increase','ninja is alive','self','battle ends'),(6,'kumogakure set','attack',20,'increase','ninja is alive','self','battle ends'),(6,'kumogakure set','weaken enemy attack',25,'increase','ninja is alive','self','battle ends'),(6,'kumogakure set','weaken enemy defense',30,'increase','ninja is alive','self','battle ends'),(6,'longen set','after being attacked, increase self speed by 20% for 2 rounds',0,'increase','ninja is alive','self','battle ends'),(6,'longen set','agility',20000,'increase','ninja is alive','self','battle ends'),(6,'longen set','force',30000,'increase','ninja is alive','self','battle ends'),(6,'longen set','weaken enemy attack',30,'increase','ninja is alive','self','battle ends'),(6,'moonlit set','agility',25000,'increase','ninja is alive','self','battle ends'),(6,'moonlit set','attack',20,'increase','ninja is alive','self','battle ends'),(6,'moonlit set','damage rate',40,'increase','ninja is alive','self','battle ends'),(6,'moonlit set','force',40000,'increase','ninja is alive','self','battle ends'),(6,'pain set','agility',32000,'increase','ninja is alive','self','battle ends'),(6,'pain set','avoid injury rate',40,'increase','ninja is alive','self','battle ends'),(6,'pain set','physical defense',60,'increase','ninja is alive','self','battle ends'),(6,'pain set','resistant',20,'increase','ninja is alive','self','battle ends'),(6,'pain set','strategy defense',60,'increase','ninja is alive','self','battle ends'),(6,'pain set','weaken enemy attack',30,'increase','ninja is alive','self','battle ends'),(6,'pain set','weaken enemy defense',20,'increase','ninja is alive','self','battle ends'),(6,'saint set','after Skill, remove all debuffs from Support and give them immunity to CC for 1 round',0,'increase','ninja is alive','self','battle ends'),(6,'saint set','agility',30000,'increase','ninja is alive','self','battle ends'),(6,'saint set','weaken enemy defense',40,'increase','ninja is alive','self','battle ends'),(6,'sakura set','after releasing skill, have 50% chance to make self enter Shielding state (ignore enemy damage, cant be dispelled) 2 rounds',0,'increase','ninja is alive','self','battle ends'),(6,'sakura set','after releasing skill, make 2 random enemy enter pain will (cant add buffs) 2 rounds',0,'increase','ninja is alive','self','battle ends'),(6,'sakura set','agility',30000,'increase','ninja is alive','self','battle ends'),(6,'sakura set','weaken enemy attack',25,'increase','ninja is alive','self','battle ends'),(6,'sarutobi set','avoid injury rate',30,'increase','ninja is alive','self','battle ends'),(6,'sarutobi set','damage rate',30,'increase','ninja is alive','self','battle ends'),(6,'sarutobi set','every 10% HP loss will ignore 6% enemy attack power',0,'increase','ninja is alive','self','battle ends'),(6,'senju set','force',40000,'increase','ninja is alive','self','battle ends'),(6,'senju set','S.Block(After blocking attack, deduct 20% attackers current HP)',0,'increase','ninja is alive','self','battle ends'),(6,'senju set','weaken enemy attack',35,'increase','ninja is alive','self','battle ends'),(6,'sunagakure set','after be attacked has 30% chance to make ally fire chakra ninjas enter position interchange',0,'increase','ninja is alive','self','battle ends'),(6,'sunagakure set','agility',23000,'increase','ninja is alive','self','battle ends'),(6,'sunagakure set','force',25000,'increase','ninja is alive','self','battle ends'),(6,'sunagakure set','power',50000,'increase','ninja is alive','self','battle ends'),(6,'sunagakure set','weaken enemy attack',30,'increase','ninja is alive','self','battle ends'),(6,'uchiha set','after being attacked, 35% chance to enter S-Super Dodge for 1 round',0,'increase','ninja is alive','self','battle ends'),(6,'uchiha set','agility',28000,'increase','ninja is alive','self','battle ends'),(6,'uchiha set','weaken enemy attack',20,'increase','ninja is alive','self','battle ends'),(6,'uzumaki set','after being attacked, 40% chance to enter cc-free state for 2 rounds',0,'increase','ninja is alive','self','battle ends'),(6,'uzumaki set','agility',26000,'increase','ninja is alive','self','battle ends'),(6,'uzumaki set','weaken enemy attack',30,'increase','ninja is alive','self','battle ends'),(6,'yaksa set','attack',30,'increase','ninja is alive','self','battle ends'),(6,'yaksa set','damage rate',50,'increase','ninja is alive','self','battle ends');

INSERT INTO partes (nombre,nombre_atributo,nombre_equipo,valor,image) VALUES
	 ('amegakure armor','physical defense','amegakure set',59000,NULL),
	 ('amegakure belt','power','amegakure set',590000,NULL),
	 ('amegakure boots','speed','amegakure set',59000,NULL),
	 ('amegakure coat','strategy defense','amegakure set',59000,NULL),
	 ('amegakure headband','physical defense','amegakure set',59000,NULL),
	 ('amegakure kunai','physical attack','amegakure set',59000,NULL),
	 ('amegakure scroll','strategy attack','amegakure set',59000,NULL),
	 ('amegakure shuriken','physical attack','amegakure set',59000,NULL),
	 ('amenunohoko armor','physical defense','amenunohoko set',63000,NULL),
	 ('amenunohoko belt','power','amenunohoko set',630000,NULL);
INSERT INTO partes (nombre,nombre_atributo,nombre_equipo,valor,image) VALUES
	 ('amenunohoko boots','speed','amenunohoko set',63000,NULL),
	 ('amenunohoko coat','strategy defense','amenunohoko set',63000,NULL),
	 ('amenunohoko headband','physical defense','amenunohoko set',63000,NULL),
	 ('amenunohoko kunai','physical attack','amenunohoko set',63000,NULL),
	 ('amenunohoko scroll','strategy attack','amenunohoko set',63000,NULL),
	 ('amenunohoko shuriken','physical attack','amenunohoko set',63000,NULL),
	 ('ashura armor','physical defense','ashura set',44000,NULL),
	 ('ashura belt','power','ashura set',460000,NULL),
	 ('ashura boots','speed','ashura set',45000,NULL),
	 ('ashura coat','strategy defense','ashura set',44000,NULL);
INSERT INTO partes (nombre,nombre_atributo,nombre_equipo,valor,image) VALUES
	 ('ashura headband','physical defense','ashura set',44000,NULL),
	 ('ashura kunai','physical attack','ashura set',45000,NULL),
	 ('ashura scroll','strategy attack','ashura set',45000,NULL),
	 ('ashura shuriken','physical attack','ashura set',45000,NULL),
	 ('bloodfang armor','physical defense','bloodfang set',42000,NULL),
	 ('bloodfang belt','power','bloodfang set',440000,NULL),
	 ('bloodfang boots','speed','bloodfang set',44000,NULL),
	 ('bloodfang coat','strategy defense','bloodfang set',42000,NULL),
	 ('bloodfang headband','physical defense','bloodfang set',42000,NULL),
	 ('bloodfang kunai','physical attack','bloodfang set',44000,NULL);
INSERT INTO partes (nombre,nombre_atributo,nombre_equipo,valor,image) VALUES
	 ('bloodfang scroll','strategy attack','bloodfang set',44000,NULL),
	 ('bloodfang shuriken','physical attack','bloodfang set',44000,NULL),
	 ('curse seal armor','physical defense','curse seal set',54000,NULL),
	 ('curse seal belt','power','curse seal set',560000,NULL),
	 ('curse seal boots','speed','curse seal set',55000,NULL),
	 ('curse seal coat','strategy defense','curse seal set',54000,NULL),
	 ('curse seal headband','physical defense','curse seal set',54000,NULL),
	 ('curse seal kunai','physical attack','curse seal set',55000,NULL),
	 ('curse seal scroll','strategy attack','curse seal set',55000,NULL),
	 ('curse seal shuriken','physical attack','curse seal set',55000,NULL);
INSERT INTO partes (nombre,nombre_atributo,nombre_equipo,valor,image) VALUES
	 ('hyuga armor','physical defense','hyuga set',52000,NULL),
	 ('hyuga belt','power','hyuga set',540000,NULL),
	 ('hyuga boots','speed','hyuga set',53000,NULL),
	 ('hyuga coat','strategy defense','hyuga set',52000,NULL),
	 ('hyuga headband','physical defense','hyuga set',52000,NULL),
	 ('hyuga kunai','physical attack','hyuga set',53000,NULL),
	 ('hyuga scroll','strategy attack','hyuga set',53000,NULL),
	 ('hyuga shuriken','physical attack','hyuga set',53000,NULL),
	 ('indora armor','physical defense','indora set',42000,NULL),
	 ('indora belt','power','indora set',440000,NULL);
INSERT INTO partes (nombre,nombre_atributo,nombre_equipo,valor,image) VALUES
	 ('indora boots','speed','indora set',44000,NULL),
	 ('indora coat','strategy defense','indora set',42000,NULL),
	 ('indora headband','physical defense','indora set',42000,NULL),
	 ('indora kunai','physical attack','indora set',44000,NULL),
	 ('indora scroll','strategy attack','indora set',44000,NULL),
	 ('indora shuriken','physical attack','indora set',44000,NULL),
	 ('kirikakure armor','physical defense','kirikakure set',56000,NULL),
	 ('kirikakure belt','power','kirikakure set',580000,NULL),
	 ('kirikakure boots','speed','kirikakure set',57000,NULL),
	 ('kirikakure coat','strategy defense','kirikakure set',56000,NULL);
INSERT INTO partes (nombre,nombre_atributo,nombre_equipo,valor,image) VALUES
	 ('kirikakure headband','physical defense','kirikakure set',56000,NULL),
	 ('kirikakure kunai','physical attack','kirikakure set',57000,NULL),
	 ('kirikakure scroll','strategy attack','kirikakure set',57000,NULL),
	 ('kirikakure shuriken','physical attack','kirikakure set',57000,NULL),
	 ('kumogakure armor','physical defense','kumogakure set',57000,NULL),
	 ('kumogakure belt','power','kumogakure set',570000,NULL),
	 ('kumogakure boots','speed','kumogakure set',57000,NULL),
	 ('kumogakure coat','strategy defense','kumogakure set',57000,NULL),
	 ('kumogakure headband','physical defense','kumogakure set',57000,NULL),
	 ('kumogakure kunai','physical attack','kumogakure set',57000,NULL);
INSERT INTO partes (nombre,nombre_atributo,nombre_equipo,valor,image) VALUES
	 ('kumogakure scroll','strategy attack','kumogakure set',57000,NULL),
	 ('kumogakure shuriken','physical attack','kumogakure set',57000,NULL),
	 ('longen armor','physical defense','longen set',58000,NULL),
	 ('longen belt','power','longen set',580000,NULL),
	 ('longen boots','speed','longen set',58000,NULL),
	 ('longen coat','strategy defense','longen set',58000,NULL),
	 ('longen headband','physical defense','longen set',58000,NULL),
	 ('longen kunai','physical attack','longen set',58000,NULL),
	 ('longen scroll','strategy attack','longen set',58000,NULL),
	 ('longen shuriken','physical attack','longen set',58000,NULL);
INSERT INTO partes (nombre,nombre_atributo,nombre_equipo,valor,image) VALUES
	 ('moonlit armor','physical defense','moonlit set',68000,NULL),
	 ('moonlit belt','power','moonlit set',680000,NULL),
	 ('moonlit boots','speed','moonlit set',68000,NULL),
	 ('moonlit coat','strategy defense','moonlit set',68000,NULL),
	 ('moonlit headband','physical defense','moonlit set',68000,NULL),
	 ('moonlit kunai','physical attack','moonlit set',68000,NULL),
	 ('moonlit scroll','strategy atatck','moonlit set',68000,NULL),
	 ('moonlit shuriken','physical attack','moonlit set',68000,NULL),
	 ('pain armor','physical defense','pain set',54000,NULL),
	 ('pain belt','power','pain set',560000,NULL);
INSERT INTO partes (nombre,nombre_atributo,nombre_equipo,valor,image) VALUES
	 ('pain boots','speed','pain set',55000,NULL),
	 ('pain coat','strategy defense','pain set',54000,NULL),
	 ('pain headband','physical defense','pain set',54000,NULL),
	 ('pain kunai','physical attack','pain set',55000,NULL),
	 ('pain scroll','strategy attack','pain set',55000,NULL),
	 ('pain shuriken','physical attack','pain set',55000,NULL),
	 ('saint armor','physical defense','saint set',48000,NULL),
	 ('saint belt','power','saint set',500000,NULL),
	 ('saint boots','speed','saint set',49000,NULL),
	 ('saint coat','strategy defense','saint set',48000,NULL);
INSERT INTO partes (nombre,nombre_atributo,nombre_equipo,valor,image) VALUES
	 ('saint headband','physical defense','saint set',48000,NULL),
	 ('saint kunai','physical attack','saint set',49000,NULL),
	 ('saint scroll','strategy attack','saint set',49000,NULL),
	 ('saint shuriken','physical attack','saint set',49000,NULL),
	 ('sakura armor','physical defense','sakura set',60000,NULL),
	 ('sakura belt','power','sakura set',600000,NULL),
	 ('sakura boots','speed','sakura set',60000,NULL),
	 ('sakura coat','strategy defense','sakura set',60000,NULL),
	 ('sakura headband','physical defense','sakura set',60000,NULL),
	 ('sakura kunai','physical attack','sakura set',60000,NULL);
INSERT INTO partes (nombre,nombre_atributo,nombre_equipo,valor,image) VALUES
	 ('sakura scroll','strategy attack','sakura set',60000,NULL),
	 ('sakura shuriken','physical attack','sakura set',60000,NULL),
	 ('sarutobi armor','physical defense','sarutobi set',54000,NULL),
	 ('sarutobi belt','power','sarutobi set',560000,NULL),
	 ('sarutobi boots','speed','sarutobi set',55000,NULL),
	 ('sarutobi coat','strategy defense','sarutobi set',54000,NULL),
	 ('sarutobi headband','physical defense','sarutobi set',54000,NULL),
	 ('sarutobi kunai','physical attack','sarutobi set',55000,NULL),
	 ('sarutobi scroll','strategy attack','sarutobi set',55000,NULL),
	 ('sarutobi shuriken','physical attack','sarutobi set',55000,NULL);
INSERT INTO partes (nombre,nombre_atributo,nombre_equipo,valor,image) VALUES
	 ('senju armor','physical defense','senju set',46000,NULL),
	 ('senju belt','power','senju set',480000,NULL),
	 ('senju boots','speed','senju set',47000,NULL),
	 ('senju coat','strategy defense','senju set',46000,NULL),
	 ('senju headband','physical defense','senju set',46000,NULL),
	 ('senju kunai','physical attack','senju set',47000,NULL),
	 ('senju scroll','strategy attack','senju set',47000,NULL),
	 ('senju shuriken','physical attack','senju set',47000,NULL),
	 ('sunagakure armor','physical defense','sunagakure set',61000,NULL),
	 ('sunagakure belt','power','sunagakure set',610000,NULL);
INSERT INTO partes (nombre,nombre_atributo,nombre_equipo,valor,image) VALUES
	 ('sunagakure boots','speed','sunagakure set',61000,NULL),
	 ('sunagakure coat','strategy defense','sunagakure set',61000,NULL),
	 ('sunagakure headband','physical defense','sunagakure set',61000,NULL),
	 ('sunagakure kunai','physical attack','sunagakure set',61000,NULL),
	 ('sunagakure scroll','strategy attack','sunagakure set',61000,NULL),
	 ('sunagakure shuriken','physical attack','sunagakure set',61000,NULL),
	 ('uchiha armor','physical defense','uchiha set',50000,NULL),
	 ('uchiha belt','power','uchiha set',520000,NULL),
	 ('uchiha boots','speed','uchiha set',51000,NULL),
	 ('uchiha coat','strategy defense','uchiha set',50000,NULL);
INSERT INTO partes (nombre,nombre_atributo,nombre_equipo,valor,image) VALUES
	 ('uchiha headband','physical defense','uchiha set',50000,NULL),
	 ('uchiha kunai','physical attack','uchiha set',51000,NULL),
	 ('uchiha scroll','strategy attack','uchiha set',51000,NULL),
	 ('uchiha shuriken','physical attack','uchiha set',51000,NULL),
	 ('uzumaki armor','physical defense','uzumaki set',52000,NULL),
	 ('uzumaki belt','power','uzumaki set',540000,NULL),
	 ('uzumaki boots','speed','uzumaki set',53000,NULL),
	 ('uzumaki coat','strategy defense','uzumaki set',52000,NULL),
	 ('uzumaki headband','physical defense','uzumaki set',52000,NULL),
	 ('uzumaki kunai','physical attack','uzumaki set',53000,NULL);
INSERT INTO partes (nombre,nombre_atributo,nombre_equipo,valor,image) VALUES
	 ('uzumaki scroll','strategy attack','uzumaki set',53000,NULL),
	 ('uzumaki shuriken','physical attack','uzumaki set',53000,NULL),
	 ('yaksa armor','physical defense','yaksa set',67500,NULL),
	 ('yaksa belt','power','yaksa set',675000,NULL),
	 ('yaksa boots','speed','yaksa set',67500,NULL),
	 ('yaksa coat','strategy defense','yaksa set',67500,NULL),
	 ('yaksa headband','physical defense','yaksa set',67500,NULL),
	 ('yaksa kunai','physical attack','yaksa set',67500,NULL),
	 ('yaksa scroll','strategy atatck','yaksa set',67500,NULL),
	 ('yaksa shuriken','physical attack','yaksa set',67500,NULL);
	 
INSERT INTO `set_accesorios` VALUES ('amegakure accessories'),('amenonuhoko accessories'),('ashura accessories'),('corruptor accessories'),('cursed accessories'),('deathbone accessories'),('devout accessories'),('heroism accessories'),('hyuuga accessories'),('indora accessories'),('kaguya accessories'),('kirikakure accessories'),('kumogakure accessories'),('kumogakure(gen) accessories'),('longen accessories'),('otsutsuki accessories'),('reanimated accessories'),('saint accessories'),('sakura accessories'),('sarutobi defend accessories'),('sarutobi raid accessories'),('senju accessories'),('skyshatter accessories'),('uchiha accessories'),('uzumaki accessories'),('yaksa accessories');

INSERT INTO `bonusaccesorios` VALUES ('agility','amegakure accessories'),('chakra','amegakure accessories'),('force','amegakure accessories'),('full set bonus','amegakure accessories'),('power','amegakure accessories'),('agility','amenonuhoko accessories'),('chakra','amenonuhoko accessories'),('force','amenonuhoko accessories'),('full set bonus','amenonuhoko accessories'),('power','amenonuhoko accessories'),('agility','ashura accessories'),('chakra','ashura accessories'),('force','ashura accessories'),('full set bonus','ashura accessories'),('power','ashura accessories'),('agility','corruptor accessories'),('chakra','corruptor accessories'),('force','corruptor accessories'),('full set bonus','corruptor accessories'),('power','corruptor accessories'),('agility','cursed accessories'),('chakra','cursed accessories'),('force','cursed accessories'),('full set bonus','cursed accessories'),('power','cursed accessories'),('agility','deathbone accessories'),('chakra','deathbone accessories'),('force','deathbone accessories'),('full set bonus','deathbone accessories'),('power','deathbone accessories'),('agility','devout accessories'),('chakra','devout accessories'),('force','devout accessories'),('full set bonus','devout accessories'),('power','devout accessories'),('agility','heroism accessories'),('chakra','heroism accessories'),('force','heroism accessories'),('full set bonus','heroism accessories'),('power','heroism accessories'),('agility','hyuuga accessories'),('chakra','hyuuga accessories'),('force','hyuuga accessories'),('full set bonus','hyuuga accessories'),('power','hyuuga accessories'),('agility','indora accessories'),('chakra','indora accessories'),('force','indora accessories'),('full set bonus','indora accessories'),('power','indora accessories'),('agility','kaguya accessories'),('chakra','kaguya accessories'),('force','kaguya accessories'),('full set bonus','kaguya accessories'),('power','kaguya accessories'),('agility','kirikakure accessories'),('chakra','kirikakure accessories'),('force','kirikakure accessories'),('full set bonus','kirikakure accessories'),('power','kirikakure accessories'),('agility','kumogakure accessories'),('chakra','kumogakure accessories'),('force','kumogakure accessories'),('full set bonus','kumogakure accessories'),('power','kumogakure accessories'),('agility','kumogakure(gen) accessories'),('chakra','kumogakure(gen) accessories'),('force','kumogakure(gen) accessories'),('full set bonus','kumogakure(gen) accessories'),('power','kumogakure(gen) accessories'),('agility','longen accessories'),('chakra','longen accessories'),('force','longen accessories'),('full set bonus','longen accessories'),('power','longen accessories'),('agility','otsutsuki accessories'),('chakra','otsutsuki accessories'),('force','otsutsuki accessories'),('full set bonus','otsutsuki accessories'),('power','otsutsuki accessories'),('agility','reanimated accessories'),('chakra','reanimated accessories'),('force','reanimated accessories'),('full set bonus','reanimated accessories'),('power','reanimated accessories'),('agility','saint accessories'),('chakra','saint accessories'),('force','saint accessories'),('full set bonus','saint accessories'),('power','saint accessories'),('agility','sakura accessories'),('chakra','sakura accessories'),('force','sakura accessories'),('full set bonus','sakura accessories'),('power','sakura accessories'),('agility','sarutobi defend accessories'),('chakra','sarutobi defend accessories'),('force','sarutobi defend accessories'),('full set bonus','sarutobi defend accessories'),('power','sarutobi defend accessories'),('agility','sarutobi raid accessories'),('chakra','sarutobi raid accessories'),('force','sarutobi raid accessories'),('full set bonus','sarutobi raid accessories'),('power','sarutobi raid accessories'),('agility','senju accessories'),('chakra','senju accessories'),('force','senju accessories'),('full set bonus','senju accessories'),('power','senju accessories'),('agility','skyshatter accessories'),('chakra','skyshatter accessories'),('force','skyshatter accessories'),('full set bonus','skyshatter accessories'),('power','skyshatter accessories'),('agility','uchiha accessories'),('chakra','uchiha accessories'),('force','uchiha accessories'),('full set bonus','uchiha accessories'),('power','uchiha accessories'),('agility','uzumaki accessories'),('chakra','uzumaki accessories'),('force','uzumaki accessories'),('full set bonus','uzumaki accessories'),('power','uzumaki accessories'),('agility','yaksa accessories'),('chakra','yaksa accessories'),('force','yaksa accessories'),('full set bonus','yaksa accessories'),('power','yaksa accessories');

INSERT INTO `bonusaccesorios_atributo` VALUES ('agility','uchiha accessories','after attack 50% poison enemy for 1 round',1,'increase','ninja is alive','self','battle ends'),('agility','heroism accessories','after attack, remove debuffs from 1 radom ally',1,'increase','ninja is alive','self','battle ends'),('agility','sakura accessories','after be attack, decrease all enemies DMG rate by 20% for 2 round',1,'increase','ninja is alive','self','battle ends'),('agility','amegakure accessories','after be attacked, there has 30% chance to disperse ally Assaulter and Vanguard debuff',1,'increase','ninja is alive','self','battle ends'),('agility','kirikakure accessories','after being attacked, decrease all enemies punch rate by 30% for 2 rounds',1,'increase','ninja is alive','self','battle ends'),('agility','kumogakure accessories','after release skill, make a second blow to the highest hp enemy with 300%(Physical ATK rate)',1,'increase','ninja is alive','self','battle ends'),('agility','kumogakure(gen) accessories','after release skill, make a second blow to the highest hp enemy with 300%(Strategy ATK rate)',1,'increase','ninja is alive','self','battle ends'),('agility','reanimated accessories','after released skill, decrease enemies immune damage rate by 30% for 2 round',1,'increase','ninja is alive','self','battle ends'),('agility','amenonuhoko accessories','after released skill, make all enemies enter Safeguard state (50% rate) for 2 round',1,'increase','ninja is alive','self','battle ends'),('agility','cursed accessories','after skill increase assaulter speed by 40%',1,'increase','ninja is alive','self','battle ends'),('agility','uzumaki accessories','after using skill, 110% chance to make 1 random enemy to enter forbidden jutsu/skill for 1 round',1,'increase','ninja is alive','self','battle ends'),('agility','corruptor accessories','attack',20,'increase','ninja is alive','self','battle ends'),('agility','deathbone accessories','attack',10,'increase','ninja is alive','self','battle ends'),('agility','kaguya accessories','attack',10,'increase','ninja is alive','self','battle ends'),('agility','uzumaki accessories','attack',25,'increase','ninja is alive','self','battle ends'),('agility','ashura accessories','avoid injury rate',30,'increase','ninja is alive','self','battle ends'),('agility','corruptor accessories','avoid injury rate',20,'increase','ninja is alive','self','battle ends'),('agility','sakura accessories','avoid injury rate',20,'increase','ninja is alive','self','battle ends'),('agility','amenonuhoko accessories','cc resistance',32,'increase','ninja is alive','self','battle ends'),('agility','sarutobi defend accessories','cc resistance',25,'increase','ninja is alive','self','battle ends'),('agility','sarutobi raid accessories','cc resistance',35,'increase','ninja is alive','self','battle ends'),('agility','senju accessories','cc resistance',30,'increase','ninja is alive','self','battle ends'),('agility','senju accessories','critical chance(can surpass limit)',25,'increase','ninja is alive','self','battle ends'),('agility','longen accessories','damage after attack',25,'increase','ninja is alive','self','battle ends'),('agility','skyshatter accessories','damage after attack',20,'increase','ninja is alive','self','battle ends'),('agility','deathbone accessories','damage rate',30,'increase','ninja is alive','self','battle ends'),('agility','heroism accessories','damage rate',20,'increase','ninja is alive','self','battle ends'),('agility','indora accessories','damage rate',20,'increase','ninja is alive','self','battle ends'),('agility','kirikakure accessories','damage rate',30,'increase','ninja is alive','self','battle ends'),('agility','kumogakure accessories','damage rate',25,'increase','ninja is alive','self','battle ends'),('agility','kumogakure(gen) accessories','damage rate',25,'increase','ninja is alive','self','battle ends'),('agility','saint accessories','damage rate',20,'increase','ninja is alive','self','battle ends'),('agility','skyshatter accessories','damage rate',20,'increase','ninja is alive','self','battle ends'),('agility','yaksa accessories','damage rate',50,'increase','ninja is alive','self','battle ends'),('agility','uchiha accessories','defense',25,'increase','ninja is alive','self','battle ends'),('agility','sarutobi raid accessories','for every 15% HP loss, increase own attack by 6%',1,'increase','ninja is alive','self','battle ends'),('agility','sarutobi defend accessories','for every 15% HP loss, penetration damage recieved reduced by 8%',1,'increase','ninja is alive','self','battle ends'),('agility','indora accessories','HP',20,'increase','ninja is alive','self','battle ends'),('agility','cursed accessories','immune to S. Block',15,'increase','ninja is alive','self','battle ends'),('agility','devout accessories','increase ally cc rate',20,'increase','ninja is alive','self','battle ends'),('agility','longen accessories','increase cc rate',25,'increase','ninja is alive','self','battle ends'),('agility','reanimated accessories','increase cc rate',20,'increase','ninja is alive','self','battle ends'),('agility','hyuuga accessories','increase the success rate of control skills by',25,'increase','ninja is alive','self','battle ends'),('agility','ashura accessories','physical attack',15,'increase','ninja is alive','self','battle ends'),('agility','amegakure accessories','physical defense',20,'increase','ninja is alive','self','battle ends'),('agility','otsutsuki accessories','power',50000,'increase','ninja is alive','self','battle ends'),('agility','devout accessories','punch rate',20,'increase','ninja is alive','self','battle ends'),('agility','kaguya accessories','punch rate',20,'increase','ninja is alive','self','battle ends'),('agility','amegakure accessories','strategy defense',20,'increase','ninja is alive','self','battle ends'),('agility','yaksa accessories','weaken enemy attack',30,'increase','ninja is alive','self','battle ends'),('agility','hyuuga accessories','weaken enemy defense',20,'increase','ninja is alive','self','battle ends'),('agility','otsutsuki accessories','weaken enemy defense',20,'increase','ninja is alive','self','battle ends'),('agility','saint accessories','weaken enemy defense',20,'increase','ninja is alive','self','battle ends'),('chakra','kirikakure accessories','a.atk(can break limit)',1,'increase','ninja is alive','self','battle ends'),('chakra','uchiha accessories','after attack 50% vein enemy for 1 round',1,'increase','ninja is alive','self','battle ends'),('chakra','heroism accessories','after attack, increase 1 random ally Speed by 20% for 1 round',1,'increase','ninja is alive','self','battle ends'),('chakra','sakura accessories','after be attack, decrease all enemies ATK by 20% for 2 round',1,'increase','ninja is alive','self','battle ends'),('chakra','amegakure accessories','after be attacked, recover ally Support hp rate by 30%',1,'increase','ninja is alive','self','battle ends'),('chakra','longen accessories','after being attacked, reduce own fury by 500',1,'increase','ninja is alive','self','battle ends'),('chakra','kumogakure accessories','after release skill, make a second blow to the lowest hp enemy with 200%(Physical ATK rate)',1,'increase','ninja is alive','self','battle ends'),('chakra','kumogakure(gen) accessories','after release skill, make a second blow to the lowest hp enemy with 200%(Strategy ATK rate)',1,'increase','ninja is alive','self','battle ends'),('chakra','reanimated accessories','after released skill, decrease enemies final damage reduce rate by 20% for 2 round',1,'increase','ninja is alive','self','battle ends'),('chakra','amenonuhoko accessories','after released skill, make all enemies enter Scorching Flame state (50% rate) for 2 round',1,'increase','ninja is alive','self','battle ends'),('chakra','cursed accessories','after skill increase vanguard speed by 40%',1,'increase','ninja is alive','self','battle ends'),('chakra','uzumaki accessories','after using skill, 90% chance to make 1 random enemy to enter imprison for 1 round',1,'increase','ninja is alive','self','battle ends'),('chakra','deathbone accessories','agility',20000,'increase','ninja is alive','self','battle ends'),('chakra','otsutsuki accessories','agility',22000,'increase','ninja is alive','self','battle ends'),('chakra','saint accessories','agility',20000,'increase','ninja is alive','self','battle ends'),('chakra','skyshatter accessories','agility',20000,'increase','ninja is alive','self','battle ends'),('chakra','amenonuhoko accessories','attack',30,'increase','ninja is alive','self','battle ends'),('chakra','hyuuga accessories','attack',20,'increase','ninja is alive','self','battle ends'),('chakra','kaguya accessories','attack',10,'increase','ninja is alive','self','battle ends'),('chakra','kirikakure accessories','attack',20,'increase','ninja is alive','self','battle ends'),('chakra','otsutsuki accessories','attack',20,'increase','ninja is alive','self','battle ends'),('chakra','reanimated accessories','attack',25,'increase','ninja is alive','self','battle ends'),('chakra','sarutobi defend accessories','attack',20,'increase','ninja is alive','self','battle ends'),('chakra','sarutobi raid accessories','attack',25,'increase','ninja is alive','self','battle ends'),('chakra','senju accessories','attack',20,'increase','ninja is alive','self','battle ends'),('chakra','skyshatter accessories','attack',15,'increase','ninja is alive','self','battle ends'),('chakra','yaksa accessories','attack',30,'increase','ninja is alive','self','battle ends'),('chakra','amegakure accessories','avoid injury rate',20,'increase','ninja is alive','self','battle ends'),('chakra','cursed accessories','avoid injury rate',30,'increase','ninja is alive','self','battle ends'),('chakra','devout accessories','avoid injury rate',20,'increase','ninja is alive','self','battle ends'),('chakra','heroism accessories','avoid injury rate',20,'increase','ninja is alive','self','battle ends'),('chakra','saint accessories','avoid injury rate',20,'increase','ninja is alive','self','battle ends'),('chakra','senju accessories','block(can surpass limit)',25,'increase','ninja is alive','self','battle ends'),('chakra','corruptor accessories','damage rate',20,'increase','ninja is alive','self','battle ends'),('chakra','indora accessories','damage rate',25,'increase','ninja is alive','self','battle ends'),('chakra','kaguya accessories','damage rate',40,'increase','ninja is alive','self','battle ends'),('chakra','kumogakure accessories','damage rate',25,'increase','ninja is alive','self','battle ends'),('chakra','kumogakure(gen) accessories','damage rate',25,'increase','ninja is alive','self','battle ends'),('chakra','uchiha accessories','damage rate',30,'increase','ninja is alive','self','battle ends'),('chakra','uzumaki accessories','damage rate',25,'increase','ninja is alive','self','battle ends'),('chakra','devout accessories','damage taken reduction',20,'increase','ninja is alive','self','battle ends'),('chakra','indora accessories','defense',20,'increase','ninja is alive','self','battle ends'),('chakra','longen accessories','defense',35,'increase','ninja is alive','self','battle ends'),('chakra','sarutobi defend accessories','for every 15% HP loss, Crit S+ dmg reduction is increased by 8%',1,'increase','ninja is alive','self','battle ends'),('chakra','sarutobi raid accessories','for every 15% HP loss, increase own avoid injury rate by 6%',1,'increase','ninja is alive','self','battle ends'),('chakra','ashura accessories','HP',30,'increase','ninja is alive','self','battle ends'),('chakra','corruptor accessories','HP',20,'increase','ninja is alive','self','battle ends'),('chakra','sakura accessories','HP',25,'increase','ninja is alive','self','battle ends'),('chakra','yaksa accessories','HP',30,'increase','ninja is alive','self','battle ends'),('chakra','ashura accessories','physical attack',15,'increase','ninja is alive','self','battle ends'),('chakra','deathbone accessories','reduce reflect damage',50,'increase','ninja is alive','self','battle ends'),('chakra','hyuuga accessories','weaken enemy defense',20,'increase','ninja is alive','self','battle ends'),('force','uchiha accessories','after attack 50% split enemy for 1 round',1,'increase','ninja is alive','self','battle ends'),('force','sakura accessories','after be attack, decrease the success rate of all enemies control skill by 25% for 2 round',1,'increase','ninja is alive','self','battle ends'),('force','amegakure accessories','after be attacked, there has 30% chance to disperse ally Supports debuff',1,'increase','ninja is alive','self','battle ends'),('force','kirikakure accessories','after being attack, has 50% chance to deal 20% penetration damage to random enemy target',1,'increase','ninja is alive','self','battle ends'),('force','otsutsuki accessories','after being attacked, increase self speed by 20% for 1 rounds',0,'increase','ninja is alive','self','battle ends'),('force','amenonuhoko accessories','after released a skill, make all enemies enter Burst state (50% rate) for 2 round',1,'increase','ninja is alive','self','battle ends'),('force','reanimated accessories','after released skill, decrease enemies immune control rate by 25% for 2 round',1,'increase','ninja is alive','self','battle ends'),('force','kumogakure accessories','after released skill, make self enter super dodge state for 2 rounds',1,'increase','ninja is alive','self','battle ends'),('force','kumogakure(gen) accessories','after released skill, make self enter super dodge state for 2 rounds',1,'increase','ninja is alive','self','battle ends'),('force','uzumaki accessories','after using skill, 90% chance to make 1 random enemy to enter wind bound for 1 round',1,'increase','ninja is alive','self','battle ends'),('force','corruptor accessories','agility',10000,'increase','ninja is alive','self','battle ends'),('force','heroism accessories','attack',25,'increase','ninja is alive','self','battle ends'),('force','indora accessories','attack',20,'increase','ninja is alive','self','battle ends'),('force','kaguya accessories','attack',10,'increase','ninja is alive','self','battle ends'),('force','kumogakure accessories','attack',20,'increase','ninja is alive','self','battle ends'),('force','kumogakure(gen) accessories','attack',20,'increase','ninja is alive','self','battle ends'),('force','deathbone accessories','avoid injury rate',30,'increase','ninja is alive','self','battle ends'),('force','indora accessories','avoid injury rate',25,'increase','ninja is alive','self','battle ends'),('force','otsutsuki accessories','avoid injury rate',22,'increase','ninja is alive','self','battle ends'),('force','sakura accessories','avoid injury rate',20,'increase','ninja is alive','self','battle ends'),('force','skyshatter accessories','avoid injury rate',20,'increase','ninja is alive','self','battle ends'),('force','yaksa accessories','avoid injury rate',30,'increase','ninja is alive','self','battle ends'),('force','senju accessories','block(can surpass limit)',25,'increase','ninja is alive','self','battle ends'),('force','amenonuhoko accessories','cc resistance',32,'increase','ninja is alive','self','battle ends'),('force','ashura accessories','cc resistance',40,'increase','ninja is alive','self','battle ends'),('force','cursed accessories','cc resistance',30,'increase','ninja is alive','self','battle ends'),('force','deathbone accessories','cc resistance',30,'increase','ninja is alive','self','battle ends'),('force','devout accessories','cc resistance',20,'increase','ninja is alive','self','battle ends'),('force','kirikakure accessories','cc resistance',30,'increase','ninja is alive','self','battle ends'),('force','saint accessories','cc resistance',20,'increase','ninja is alive','self','battle ends'),('force','sarutobi defend accessories','cc resistance',30,'increase','ninja is alive','self','battle ends'),('force','senju accessories','cc resistance',30,'increase','ninja is alive','self','battle ends'),('force','skyshatter accessories','damage after attack',20,'increase','ninja is alive','self','battle ends'),('force','devout accessories','damage rate',20,'increase','ninja is alive','self','battle ends'),('force','heroism accessories','damage rate',20,'increase','ninja is alive','self','battle ends'),('force','longen accessories','damage rate',30,'increase','ninja is alive','self','battle ends'),('force','saint accessories','damage rate',20,'increase','ninja is alive','self','battle ends'),('force','sarutobi raid accessories','damage rate',30,'increase','ninja is alive','self','battle ends'),('force','corruptor accessories','defense',20,'increase','ninja is alive','self','battle ends'),('force','uchiha accessories','defense',25,'increase','ninja is alive','self','battle ends'),('force','yaksa accessories','defense',30,'increase','ninja is alive','self','battle ends'),('force','sarutobi defend accessories','for every 15% HP loss, Block S+ dmg taken is reduced by 8%',1,'increase','ninja is alive','self','battle ends'),('force','sarutobi raid accessories','for every 15% HP loss, increase own dmg rate by 6%',1,'increase','ninja is alive','self','battle ends'),('force','uzumaki accessories','HP',25,'increase','ninja is alive','self','battle ends'),('force','longen accessories','increase cc rate',30,'increase','ninja is alive','self','battle ends'),('force','reanimated accessories','increase cc rate',20,'increase','ninja is alive','self','battle ends'),('force','hyuuga accessories','increase the success rate of control skills by',25,'increase','ninja is alive','self','battle ends'),('force','kaguya accessories','increase the success rate of control skills by',30,'increase','ninja is alive','self','battle ends'),('force','ashura accessories','physical attack',15,'increase','ninja is alive','self','battle ends'),('force','amegakure accessories','physical defense',20,'increase','ninja is alive','self','battle ends'),('force','amegakure accessories','strategy defense',20,'increase','ninja is alive','self','battle ends'),('force','hyuuga accessories','weaken enemy defense',20,'increase','ninja is alive','self','battle ends'),('force','cursed accessories','when attacked, increase SPD of ally support by 10% for 1 round',1,'increase','ninja is alive','self','battle ends'),('full set bonus','amegakure accessories','after be attack, there has 40% chance to make a random enemy to enter weak state for 2 round',1,'increase','ninja is alive','self','battle ends'),('full set bonus','sakura accessories','after be attack, there has 50% chance to make self enter immune control state for 2 round',1,'increase','ninja is alive','self','battle ends'),('full set bonus','ashura accessories','after being hit, 30% chance to trigger Super Flash',1,'increase','ninja is alive','self','battle ends'),('full set bonus','amenonuhoko accessories','after released a skill, has 100% chance to make random enemy enter Poisonous Wind state for 2 round',1,'increase','ninja is alive','self','battle ends'),('full set bonus','reanimated accessories','after released skill, make a random enemy ninja enter Upwind state for 2 round',1,'increase','ninja is alive','self','battle ends'),('full set bonus','amenonuhoko accessories','attack',30,'increase','ninja is alive','self','battle ends'),('full set bonus','hyuuga accessories','attack',20,'increase','ninja is alive','self','battle ends'),('full set bonus','longen accessories','attack',35,'increase','ninja is alive','self','battle ends'),('full set bonus','yaksa accessories','attack',30,'increase','ninja is alive','self','battle ends'),('full set bonus','kirikakure accessories','avoid injury rate',30,'increase','ninja is alive','self','battle ends'),('full set bonus','longen accessories','avoid injury rate',40,'increase','ninja is alive','self','battle ends'),('full set bonus','senju accessories','avoid injury rate',40,'increase','ninja is alive','self','battle ends'),('full set bonus','cursed accessories','cc resistance',20,'increase','ninja is alive','self','battle ends'),('full set bonus','indora accessories','cc resistance',40,'increase','ninja is alive','self','battle ends'),('full set bonus','hyuuga accessories','damage rate',50,'increase','ninja is alive','self','battle ends'),('full set bonus','kumogakure accessories','damage rate',30,'increase','ninja is alive','self','battle ends'),('full set bonus','kumogakure(gen) accessories','damage rate',30,'increase','ninja is alive','self','battle ends'),('full set bonus','senju accessories','damage rate',40,'increase','ninja is alive','self','battle ends'),('full set bonus','uchiha accessories','damage rate',30,'increase','ninja is alive','self','battle ends'),('full set bonus','yaksa accessories','damage rate',50,'increase','ninja is alive','self','battle ends'),('full set bonus','kumogakure accessories','immune to S. Block',30,'increase','ninja is alive','self','battle ends'),('full set bonus','kumogakure(gen) accessories','immune to S. Block',30,'increase','ninja is alive','self','battle ends'),('full set bonus','uzumaki accessories','punch rate',-40,'increase','ninja is alive','self','battle ends'),('full set bonus','amegakure accessories','weaken enemy attack',20,'increase','ninja is alive','self','battle ends'),('full set bonus','cursed accessories','weaken enemy attack',15,'increase','ninja is alive','self','battle ends'),('full set bonus','kirikakure accessories','weaken enemy attack',25,'increase','ninja is alive','self','battle ends'),('full set bonus','reanimated accessories','weaken enemy attack',25,'increase','ninja is alive','self','battle ends'),('full set bonus','sakura accessories','weaken enemy attack',20,'increase','ninja is alive','self','battle ends'),('full set bonus','sarutobi defend accessories','weaken enemy attack',30,'increase','ninja is alive','self','battle ends'),('full set bonus','sarutobi raid accessories','weaken enemy attack',30,'increase','ninja is alive','self','battle ends'),('full set bonus','uchiha accessories','weaken enemy attack',25,'increase','ninja is alive','self','battle ends'),('full set bonus','uzumaki accessories','weaken enemy attack',5,'increase','ninja is alive','self','battle ends'),('full set bonus','kaguya accessories','weaken enemy defense',30,'increase','ninja is alive','self','battle ends'),('power','uchiha accessories','after attack 50% bleeding enemy for 1 round',1,'increase','ninja is alive','self','battle ends'),('power','uzumaki accessories','after attack 50% bleeding enemy for 1 round',1,'increase','ninja is alive','self','battle ends'),('power','sakura accessories','after be attack, decrease all enemies final growth injury rate by 25% for 2 round',20,'increase','ninja is alive','self','battle ends'),('power','kirikakure accessories','after being attacked, decrease all enemies control rates by 20%',20,'increase','ninja is alive','self','battle ends'),('power','corruptor accessories','after recieving attack, small chance 40% to clear debuffs',0,'increase','ninja is alive','self','battle ends'),('power','reanimated accessories','after released skill, decrease enemies defence by 30% for 2 round',1,'increase','ninja is alive','self','battle ends'),('power','amenonuhoko accessories','after released skill, make all enemies enter Unification state (50% rate) for 2 round',1,'increase','ninja is alive','self','battle ends'),('power','ashura accessories','after skill, clear all supports debuffs',1,'increase','ninja is alive','self','battle ends'),('power','deathbone accessories','aid rate',20,'increase','ninja is alive','self','battle ends'),('power','saint accessories','aid rate',20,'increase','ninja is alive','self','battle ends'),('power','skyshatter accessories','aid rate',20,'increase','ninja is alive','self','battle ends'),('power','cursed accessories','attack',20,'increase','ninja is alive','self','battle ends'),('power','hyuuga accessories','attack',20,'increase','ninja is alive','self','battle ends'),('power','kaguya accessories','attack',10,'increase','ninja is alive','self','battle ends'),('power','kumogakure accessories','attack',20,'increase','ninja is alive','self','battle ends'),('power','kumogakure(gen) accessories','attack',20,'increase','ninja is alive','self','battle ends'),('power','reanimated accessories','attack',25,'increase','ninja is alive','self','battle ends'),('power','yaksa accessories','attack',30,'increase','ninja is alive','self','battle ends'),('power','corruptor accessories','avoid injury rate',20,'increase','ninja is alive','self','battle ends'),('power','devout accessories','avoid injury rate',20,'increase','ninja is alive','self','battle ends'),('power','heroism accessories','avoid injury rate',20,'increase','ninja is alive','self','battle ends'),('power','indora accessories','avoid injury rate',20,'increase','ninja is alive','self','battle ends'),('power','kaguya accessories','avoid injury rate',30,'increase','ninja is alive','self','battle ends'),('power','saint accessories','avoid injury rate',20,'increase','ninja is alive','self','battle ends'),('power','skyshatter accessories','avoid injury rate',20,'increase','ninja is alive','self','battle ends'),('power','uchiha accessories','avoid injury rate',30,'increase','ninja is alive','self','battle ends'),('power','kirikakure accessories','cc resistance',30,'increase','ninja is alive','self','battle ends'),('power','otsutsuki accessories','cc resistance',20,'increase','ninja is alive','self','battle ends'),('power','senju accessories','critical chance(can surpass limit)',25,'increase','ninja is alive','self','battle ends'),('power','otsutsuki accessories','damage rate',20,'increase','ninja is alive','self','battle ends'),('power','sarutobi defend accessories','for every 15% HP loss, final dmg recieved is reduced by 8%',1,'increase','ninja is alive','self','battle ends'),('power','sarutobi raid accessories','for every 15% HP loss, increase own defense by 6%',1,'increase','ninja is alive','self','battle ends'),('power','amegakure accessories','HP',25,'increase','ninja is alive','self','battle ends'),('power','devout accessories','HP',20,'increase','ninja is alive','self','battle ends'),('power','heroism accessories','HP',20,'increase','ninja is alive','self','battle ends'),('power','sakura accessories','HP',25,'increase','ninja is alive','self','battle ends'),('power','sarutobi defend accessories','HP',30,'increase','ninja is alive','self','battle ends'),('power','sarutobi raid accessories','HP',25,'increase','ninja is alive','self','battle ends'),('power','senju accessories','HP',30,'increase','ninja is alive','self','battle ends'),('power','cursed accessories','immune to S. Block',10,'increase','ninja is alive','self','battle ends'),('power','kumogakure accessories','immune to S. Block',20,'increase','ninja is alive','self','battle ends'),('power','kumogakure(gen) accessories','immune to S. Block',20,'increase','ninja is alive','self','battle ends'),('power','longen accessories','increase cc rate',20,'increase','ninja is alive','self','battle ends'),('power','ashura accessories','physical attack',15,'increase','ninja is alive','self','battle ends'),('power','hyuuga accessories','punch rate',20,'increase','ninja is alive','self','battle ends'),('power','amegakure accessories','recover ally Assaulter and Vanguard hp rate by 30%',20,'increase','ninja is alive','self','battle ends'),('power','amenonuhoko accessories','weaken enemy attack',25,'increase','ninja is alive','self','battle ends'),('power','indora accessories','weaken enemy attack',20,'increase','ninja is alive','self','battle ends'),('power','longen accessories','weaken enemy attack',20,'increase','ninja is alive','self','battle ends'),('power','uzumaki accessories','weaken enemy attack',25,'increase','ninja is alive','self','battle ends'),('power','yaksa accessories','weaken enemy defense',50,'increase','ninja is alive','self','battle ends'),('power','deathbone accessories','when recieveing attack, 80% chance to stun enemy for 1 round',1,'increase','ninja is alive','self','battle ends');

INSERT INTO partes_accesorios (nombre,nombre_set,nombre_atributo,tipo,valor,image) VALUES
	 ('amegakure amulet','amegakure accessories','chakra','chakra',54000,NULL),
	 ('amegakure bangle','amegakure accessories','agility','agility',54000,NULL),
	 ('amegakure bracelet','amegakure accessories','agility','agility',54000,NULL),
	 ('amegakure gloves','amegakure accessories','power','power',540000,NULL),
	 ('amegakure headband','amegakure accessories','force','force',54000,NULL),
	 ('amegakure necklace','amegakure accessories','force','force',54000,NULL),
	 ('amegakure pendant','amegakure accessories','chakra','chakra',54000,NULL),
	 ('amegakure ring','amegakure accessories','power','power',540000,NULL),
	 ('amenonuhoko amulet','amenonuhoko accessories','chakra','chakra',54000,NULL),
	 ('amenonuhoko bangle','amenonuhoko accessories','agility','agility',54000,NULL);
INSERT INTO partes_accesorios (nombre,nombre_set,nombre_atributo,tipo,valor,image) VALUES
	 ('amenonuhoko bracelet','amenonuhoko accessories','agility','agility',54000,NULL),
	 ('amenonuhoko gloves','amenonuhoko accessories','power','power',540000,NULL),
	 ('amenonuhoko headband','amenonuhoko accessories','force','force',54000,NULL),
	 ('amenonuhoko necklace','amenonuhoko accessories','force','force',54000,NULL),
	 ('amenonuhoko pendant','amenonuhoko accessories','chakra','chakra',54000,NULL),
	 ('amenonuhoko ring','amenonuhoko accessories','power','power',540000,NULL),
	 ('ashura amulet','ashura accessories','chakra','chakra',45000,NULL),
	 ('ashura bangle','ashura accessories','agility','agility',47000,NULL),
	 ('ashura bracelet','ashura accessories','agility','agility',47000,NULL),
	 ('ashura gloves','ashura accessories','power','power',460000,NULL);
INSERT INTO partes_accesorios (nombre,nombre_set,nombre_atributo,tipo,valor,image) VALUES
	 ('ashura headband','ashura accessories','force','force',45000,NULL),
	 ('ashura necklace','ashura accessories','force','force',45000,NULL),
	 ('ashura pendant','ashura accessories','chakra','chakra',45000,NULL),
	 ('ashura ring','ashura accessories','power','power',460000,NULL),
	 ('corruptor amulet','corruptor accessories','chakra','chakra',38000,NULL),
	 ('corruptor bangle','corruptor accessories','agility','agility',40000,NULL),
	 ('corruptor bracelet','corruptor accessories','agility','agility',40000,NULL),
	 ('corruptor gloves','corruptor accessories','power','power',400000,NULL),
	 ('corruptor headband','corruptor accessories','force','force',38000,NULL),
	 ('corruptor necklace','corruptor accessories','force','force',38000,NULL);
INSERT INTO partes_accesorios (nombre,nombre_set,nombre_atributo,tipo,valor,image) VALUES
	 ('corruptor pendant','corruptor accessories','chakra','chakra',38000,NULL),
	 ('corruptor ring','corruptor accessories','power','power',400000,NULL),
	 ('cursed amulet','cursed accessories','chakra','chakra',51000,NULL),
	 ('cursed bangle','cursed accessories','agility','agility',53000,NULL),
	 ('cursed bracelet','cursed accessories','agility','agility',53000,NULL),
	 ('cursed gloves','cursed accessories','power','power',520000,NULL),
	 ('cursed headband','cursed accessories','force','force',51000,NULL),
	 ('cursed necklace','cursed accessories','force','force',51000,NULL),
	 ('cursed pendant','cursed accessories','chakra','chakra',51000,NULL),
	 ('cursed ring','cursed accessories','power','power',520000,NULL);
INSERT INTO partes_accesorios (nombre,nombre_set,nombre_atributo,tipo,valor,image) VALUES
	 ('deathbone amulet','deathbone accessories','chakra','chakra',28000,NULL),
	 ('deathbone bangle','deathbone accessories','agility','agility',32000,NULL),
	 ('deathbone bracelet','deathbone accessories','agility','agility',32000,NULL),
	 ('deathbone gloves','deathbone accessories','power','power',320000,NULL),
	 ('deathbone headband','deathbone accessories','force','force',28000,NULL),
	 ('deathbone necklace','deathbone accessories','force','force',28000,NULL),
	 ('deathbone pendant','deathbone accessories','chakra','chakra',28000,NULL),
	 ('deathbone ring','deathbone accessories','power','power',320000,NULL),
	 ('devout amulet','devout accessories','chakra','chakra',34000,NULL),
	 ('devout bangle','devout accessories','agility','agility',38000,NULL);
INSERT INTO partes_accesorios (nombre,nombre_set,nombre_atributo,tipo,valor,image) VALUES
	 ('devout bracelet','devout accessories','agility','agility',38000,NULL),
	 ('devout gloves','devout accessories','power','power',380000,NULL),
	 ('devout headband','devout accessories','force','force',34000,NULL),
	 ('devout necklace','devout accessories','force','force',34000,NULL),
	 ('devout pendant','devout accessories','chakra','chakra',34000,NULL),
	 ('devout ring','devout accessories','power','power',380000,NULL),
	 ('heroism amulet','heroism accessories','chakra','chakra',40000,NULL),
	 ('heroism bangle','heroism accessories','agility','agility',42000,NULL),
	 ('heroism bracelet','heroism accessories','agility','agility',42000,NULL),
	 ('heroism gloves','heroism accessories','power','power',420000,NULL);
INSERT INTO partes_accesorios (nombre,nombre_set,nombre_atributo,tipo,valor,image) VALUES
	 ('heroism headband','heroism accessories','force','force',40000,NULL),
	 ('heroism necklace','heroism accessories','force','force',40000,NULL),
	 ('heroism pendant','heroism accessories','chakra','chakra',40000,NULL),
	 ('heroism ring','heroism accessories','power','power',420000,NULL),
	 ('hyuuga amulet','hyuuga accessories','chakra','chakra',48000,NULL),
	 ('hyuuga bangle','hyuuga accessories','agility','agility',50000,NULL),
	 ('hyuuga bracelet','hyuuga accessories','agility','agility',50000,NULL),
	 ('hyuuga gloves','hyuuga accessories','power','power',490000,NULL),
	 ('hyuuga headband','hyuuga accessories','force','force',48000,NULL),
	 ('hyuuga necklace','hyuuga accessories','force','force',48000,NULL);
INSERT INTO partes_accesorios (nombre,nombre_set,nombre_atributo,tipo,valor,image) VALUES
	 ('hyuuga pendant','hyuuga accessories','chakra','chakra',48000,NULL),
	 ('hyuuga ring','hyuuga accessories','power','power',490000,NULL),
	 ('indora amulet','indora accessories','chakra','chakra',43000,NULL),
	 ('indora bangle','indora accessories','agility','agility',45000,NULL),
	 ('indora bracelet','indora accessories','agility','agility',45000,NULL),
	 ('indora gloves','indora accessories','power','power',450000,NULL),
	 ('indora headband','indora accessories','force','force',43000,NULL),
	 ('indora necklace','indora accessories','force','force',43000,NULL),
	 ('indora pendant','indora accessories','chakra','chakra',43000,NULL),
	 ('indora ring','indora accessories','power','power',450000,NULL);
INSERT INTO partes_accesorios (nombre,nombre_set,nombre_atributo,tipo,valor,image) VALUES
	 ('kaguya amulet','kaguya accessories','chakra','chakra',44000,NULL),
	 ('kaguya bangle','kaguya accessories','agility','agility',46000,NULL),
	 ('kaguya bracelet','kaguya accessories','agility','agility',46000,NULL),
	 ('kaguya gloves','kaguya accessories','power','power',460000,NULL),
	 ('kaguya headband','kaguya accessories','force','force',44000,NULL),
	 ('kaguya necklace','kaguya accessories','force','force',44000,NULL),
	 ('kaguya pendant','kaguya accessories','chakra','chakra',44000,NULL),
	 ('kaguya ring','kaguya accessories','power','power',460000,NULL),
	 ('kirikakure amulet','kirikakure accessories','chakra','chakra',52000,NULL),
	 ('kirikakure bangle','kirikakure accessories','agility','agility',54000,NULL);
INSERT INTO partes_accesorios (nombre,nombre_set,nombre_atributo,tipo,valor,image) VALUES
	 ('kirikakure bracelet','kirikakure accessories','agility','agility',54000,NULL),
	 ('kirikakure gloves','kirikakure accessories','power','power',530000,NULL),
	 ('kirikakure headband','kirikakure accessories','force','force',52000,NULL),
	 ('kirikakure necklace','kirikakure accessories','force','force',52000,NULL),
	 ('kirikakure pendant','kirikakure accessories','chakra','chakra',52000,NULL),
	 ('kirikakure ring','kirikakure accessories','power','power',530000,NULL),
	 ('kumogakure amulet','kumogakure accessories','chakra','chakra',52500,NULL),
	 ('kumogakure bangle','kumogakure accessories','agility','agility',54000,NULL),
	 ('kumogakure bracelet','kumogakure accessories','agility','agility',54000,NULL),
	 ('kumogakure gloves','kumogakure accessories','power','power',530000,NULL);
INSERT INTO partes_accesorios (nombre,nombre_set,nombre_atributo,tipo,valor,image) VALUES
	 ('kumogakure headband','kumogakure accessories','force','force',52500,NULL),
	 ('kumogakure necklace','kumogakure accessories','force','force',52500,NULL),
	 ('kumogakure pendant','kumogakure accessories','chakra','chakra',52500,NULL),
	 ('kumogakure ring','kumogakure accessories','power','power',530000,NULL),
	 ('kumogakure(gen) amulet','kumogakure(gen) accessories','chakra','chakra',52500,NULL),
	 ('kumogakure(gen) bangle','kumogakure(gen) accessories','agility','agility',54000,NULL),
	 ('kumogakure(gen) bracelet','kumogakure(gen) accessories','agility','agility',54000,NULL),
	 ('kumogakure(gen) gloves','kumogakure(gen) accessories','power','power',530000,NULL),
	 ('kumogakure(gen) headband','kumogakure(gen) accessories','force','force',52500,NULL),
	 ('kumogakure(gen) necklace','kumogakure(gen) accessories','force','force',52500,NULL);
INSERT INTO partes_accesorios (nombre,nombre_set,nombre_atributo,tipo,valor,image) VALUES
	 ('kumogakure(gen) pendant','kumogakure(gen) accessories','chakra','chakra',52500,NULL),
	 ('kumogakure(gen) ring','kumogakure(gen) accessories','power','power',530000,NULL),
	 ('longen amulet','longen accessories','chakra','chakra',53000,NULL),
	 ('longen bangle','longen accessories','agility','agility',54500,NULL),
	 ('longen bracelet','longen accessories','agility','agility',54500,NULL),
	 ('longen gloves','longen accessories','power','power',535000,NULL),
	 ('longen headband','longen accessories','force','force',53000,NULL),
	 ('longen necklace','longen accessories','force','force',53000,NULL),
	 ('longen pendant','longen accessories','chakra','chakra',53000,NULL),
	 ('longen ring','longen accessories','power','power',535000,NULL);
INSERT INTO partes_accesorios (nombre,nombre_set,nombre_atributo,tipo,valor,image) VALUES
	 ('otsutsuki amulet','otsutsuki accessories','chakra','chakra',42000,NULL),
	 ('otsutsuki bangle','otsutsuki accessories','agility','agility',42000,NULL),
	 ('otsutsuki bracelet','otsutsuki accessories','agility','agility',42000,NULL),
	 ('otsutsuki gloves','otsutsuki accessories','power','power',420000,NULL),
	 ('otsutsuki headband','otsutsuki accessories','force','force',42000,NULL),
	 ('otsutsuki necklace','otsutsuki accessories','force','force',42000,NULL),
	 ('otsutsuki pendant','otsutsuki accessories','chakra','chakra',42000,NULL),
	 ('otsutsuki ring','otsutsuki accessories','power','power',420000,NULL),
	 ('reanimated amulet','reanimated accessories','chakra','chakra',54000,NULL),
	 ('reanimated bangle','reanimated accessories','agility','agility',54000,NULL);
INSERT INTO partes_accesorios (nombre,nombre_set,nombre_atributo,tipo,valor,image) VALUES
	 ('reanimated bracelet','reanimated accessories','agility','agility',54000,NULL),
	 ('reanimated gloves','reanimated accessories','power','power',540000,NULL),
	 ('reanimated headband','reanimated accessories','force','force',54000,NULL),
	 ('reanimated necklace','reanimated accessories','force','force',54000,NULL),
	 ('reanimated pendant','reanimated accessories','chakra','chakra',54000,NULL),
	 ('reanimated ring','reanimated accessories','power','power',540000,NULL),
	 ('saint amulet','saint accessories','chakra','chakra',40000,NULL),
	 ('saint bangle','saint accessories','agility','agility',40000,NULL),
	 ('saint bracelet','saint accessories','agility','agility',40000,NULL),
	 ('saint gloves','saint accessories','power','power',400000,NULL);
INSERT INTO partes_accesorios (nombre,nombre_set,nombre_atributo,tipo,valor,image) VALUES
	 ('saint headband','saint accessories','force','force',40000,NULL),
	 ('saint necklace','saint accessories','force','force',40000,NULL),
	 ('saint pendant','saint accessories','chakra','chakra',40000,NULL),
	 ('saint ring','saint accessories','power','power',400000,NULL),
	 ('sakura amulet','sakura accessories','chakra','chakra',53500,NULL),
	 ('sakura bangle','sakura accessories','agility','agility',55000,NULL),
	 ('sakura bracelet','sakura accessories','agility','agility',55000,NULL),
	 ('sakura gloves','sakura accessories','power','power',540000,NULL),
	 ('sakura headband','sakura accessories','force','force',53500,NULL),
	 ('sakura necklace','sakura accessories','force','force',53500,NULL);
INSERT INTO partes_accesorios (nombre,nombre_set,nombre_atributo,tipo,valor,image) VALUES
	 ('sakura pendant','sakura accessories','chakra','chakra',53500,NULL),
	 ('sakura ring','sakura accessories','power','power',540000,NULL),
	 ('sarutobi defend amulet','sarutobi defend accessories','chakra','chakra',50000,NULL),
	 ('sarutobi defend bangle','sarutobi defend accessories','agility','agility',52000,NULL),
	 ('sarutobi defend bracelet','sarutobi defend accessories','agility','agility',52000,NULL),
	 ('sarutobi defend gloves','sarutobi defend accessories','power','power',510000,NULL),
	 ('sarutobi defend headband','sarutobi defend accessories','force','force',50000,NULL),
	 ('sarutobi defend necklace','sarutobi defend accessories','force','force',50000,NULL),
	 ('sarutobi defend pendant','sarutobi defend accessories','chakra','chakra',50000,NULL),
	 ('sarutobi defend ring','sarutobi defend accessories','power','power',510000,NULL);
INSERT INTO partes_accesorios (nombre,nombre_set,nombre_atributo,tipo,valor,image) VALUES
	 ('sarutobi raid amulet','sarutobi raid accessories','chakra','chakra',50000,NULL),
	 ('sarutobi raid bangle','sarutobi raid accessories','agility','agility',52000,NULL),
	 ('sarutobi raid bracelet','sarutobi raid accessories','agility','agility',52000,NULL),
	 ('sarutobi raid gloves','sarutobi raid accessories','power','power',510000,NULL),
	 ('sarutobi raid headband','sarutobi raid accessories','force','force',50000,NULL),
	 ('sarutobi raid necklace','sarutobi raid accessories','force','force',50000,NULL),
	 ('sarutobi raid pendant','sarutobi raid accessories','chakra','chakra',50000,NULL),
	 ('sarutobi raid ring','sarutobi raid accessories','power','power',510000,NULL),
	 ('senju amulet','senju accessories','chakra','chakra',46000,NULL),
	 ('senju bangle','senju accessories','agility','agility',48000,NULL);
INSERT INTO partes_accesorios (nombre,nombre_set,nombre_atributo,tipo,valor,image) VALUES
	 ('senju bracelet','senju accessories','agility','agility',48000,NULL),
	 ('senju gloves','senju accessories','power','power',470000,NULL),
	 ('senju headband','senju accessories','force','force',46000,NULL),
	 ('senju necklace','senju accessories','force','force',46000,NULL),
	 ('senju pendant','senju accessories','chakra','chakra',46000,NULL),
	 ('senju ring','senju accessories','power','power',470000,NULL),
	 ('skyshatter amulet','skyshatter accessories','chakra','chakra',32000,NULL),
	 ('skyshatter bangle','skyshatter accessories','agility','agility',36000,NULL),
	 ('skyshatter bracelet','skyshatter accessories','agility','agility',36000,NULL),
	 ('skyshatter gloves','skyshatter accessories','power','power',360000,NULL);
INSERT INTO partes_accesorios (nombre,nombre_set,nombre_atributo,tipo,valor,image) VALUES
	 ('skyshatter headband','skyshatter accessories','force','force',32000,NULL),
	 ('skyshatter necklace','skyshatter accessories','force','force',32000,NULL),
	 ('skyshatter pendant','skyshatter accessories','chakra','chakra',32000,NULL),
	 ('skyshatter ring','skyshatter accessories','power','power',360000,NULL),
	 ('uchiha amulet','uchiha accessories','chakra','chakra',47000,NULL),
	 ('uchiha bangle','uchiha accessories','agility','agility',49000,NULL),
	 ('uchiha bracelet','uchiha accessories','agility','agility',49000,NULL),
	 ('uchiha gloves','uchiha accessories','power','power',480000,NULL),
	 ('uchiha headband','uchiha accessories','force','force',47000,NULL),
	 ('uchiha necklace','uchiha accessories','force','force',47000,NULL);
INSERT INTO partes_accesorios (nombre,nombre_set,nombre_atributo,tipo,valor,image) VALUES
	 ('uchiha pendant','uchiha accessories','chakra','chakra',47000,NULL),
	 ('uchiha ring','uchiha accessories','power','power',480000,NULL),
	 ('uzumaki amulet','uzumaki accessories','chakra','chakra',49000,NULL),
	 ('uzumaki bangle','uzumaki accessories','agility','agility',51000,NULL),
	 ('uzumaki bracelet','uzumaki accessories','agility','agility',51000,NULL),
	 ('uzumaki gloves','uzumaki accessories','power','power',500000,NULL),
	 ('uzumaki headband','uzumaki accessories','force','force',49000,NULL),
	 ('uzumaki necklace','uzumaki accessories','force','force',49000,NULL),
	 ('uzumaki pendant','uzumaki accessories','chakra','chakra',49000,NULL),
	 ('uzumaki ring','uzumaki accessories','power','power',500000,NULL);
INSERT INTO partes_accesorios (nombre,nombre_set,nombre_atributo,tipo,valor,image) VALUES
	 ('yaksa amulet','yaksa accessories','chakra','chakra',675000,NULL),
	 ('yaksa bangle','yaksa accessories','agility','agility',67500,NULL),
	 ('yaksa bracelet','yaksa accessories','agility','agility',67500,NULL),
	 ('yaksa gloves','yaksa accessories','power','power',67500,NULL),
	 ('yaksa headband','yaksa accessories','force','force',67500,NULL),
	 ('yaksa necklace','yaksa accessories','force','force',67500,NULL),
	 ('yaksa pendant','yaksa accessories','chakra','chakra',67500,NULL),
	 ('yaksa ring','yaksa accessories','power','power',67500,NULL);
	 
	 
	 
	 
	 
INSERT INTO `users` VALUES ('FuriaNinja',1,'rasines111@hotmail.com','$2a$10$gv8KvRGi9fmRP4a.fcKEXu7n2WfYj70.QAuuuKauUNuhJv5el1H/K'),('kirotodo',1,'4alex17396@hotmail.com','$2a$10$z7J.dZaZYSIb6jUktiPACOsL9zTuUi/Bf2Fx7TxPrXxqWUgh3uYRq');
INSERT INTO `authorities` VALUES ('ROLE_ADMIN'),('ROLE_USER');
INSERT INTO `users_roles` VALUES ('kirotodo','ROLE_USER'),('kirotodo','ROLE_ADMIN'),('FuriaNinja','ROLE_USER');


INSERT INTO set_accesorios_user (id,nombre,username) VALUES
	 (7,'accesories daño Ivan','kirotodo'),
	 (13,'accesories tank','kirotodo'),
	 (16,'accesories daño','kirotodo');
INSERT INTO set_accesorios_user_bonus (id,nombre_set_accesorio_original,tipo) VALUES
	 (16,'corruptor accessories','agility'),
	 (16,'indora accessories','force'),
	 (16,'indora accessories','power'),
	 (7,'corruptor accessories','agility'),
	 (7,'indora accessories','force'),
	 (13,'corruptor accessories','agility'),
	 (13,'indora accessories','force'),
	 (13,'amegakure accessories','chakra'),
	 (13,'kaguya accessories','power');
INSERT INTO set_accesorios_user_partes (id_set_accesorio,nombre_parte) VALUES
	 (16,'indora necklace'),
	 (16,'amegakure pendant'),
	 (16,'corruptor amulet'),
	 (16,'indora gloves'),
	 (16,'indora headband'),
	 (16,'corruptor bangle'),
	 (16,'indora ring'),
	 (16,'corruptor bracelet'),
	 (7,'indora necklace'),
	 (7,'amegakure pendant');
INSERT INTO set_accesorios_user_partes (id_set_accesorio,nombre_parte) VALUES
	 (7,'corruptor amulet'),
	 (7,'indora headband'),
	 (7,'corruptor bangle'),
	 (7,'corruptor bracelet'),
	 (13,'indora necklace'),
	 (13,'amegakure pendant'),
	 (13,'amegakure amulet'),
	 (13,'indora headband'),
	 (13,'corruptor bangle'),
	 (13,'kaguya gloves');
INSERT INTO set_accesorios_user_partes (id_set_accesorio,nombre_parte) VALUES
	 (13,'kaguya ring'),
	 (13,'corruptor bracelet');
	 
	 
INSERT INTO equipos_user (id,nombre,username) VALUES
	 (1,'asdfasdf','kirotodo'),
	 (3,'equipo Tank Ivanraaasevesdr','kirotodo'),
	 (12,'equipo Tank','kirotodo'),
	 (15,'equipo daño','kirotodo'),
	 (18,'equipo balanceado','kirotodo'),
	 (26,'IkergaPrueba','kirotodo'),
	 (27,'IkergaPrueba1','kirotodo'),
	 (28,'Ikerga2','kirotodo');
INSERT INTO equipos_user_bonus (id,nombre_equipo_original,id_bonus) VALUES
	 (12,'kirikakure set',2),
	 (12,'pain set',2),
	 (12,'pain set',4),
	 (1,'amegakure set',2),
	 (1,'amegakure set',4),
	 (1,'amegakure set',6),
	 (18,'kirikakure set',2),
	 (18,'kirikakure set',4),
	 (18,'kirikakure set',6),
	 (26,'amegakure set',2);
INSERT INTO equipos_user_bonus (id,nombre_equipo_original,id_bonus) VALUES
	 (26,'amegakure set',4),
	 (26,'amegakure set',6),
	 (27,'bloodfang set',2),
	 (27,'amenunohoko set',2),
	 (27,'amegakure set',2),
	 (28,'kirikakure set',2),
	 (28,'hyuga set',2),
	 (28,'amegakure set',2),
	 (3,'longen set',2);
INSERT INTO equipos_user_partes (id,nombre_parte) VALUES
	 (15,'kirikakure headband'),
	 (15,'ashura boots'),
	 (15,'saint armor'),
	 (15,'indora scroll'),
	 (15,'longen belt'),
	 (15,'pain coat'),
	 (12,'kirikakure boots'),
	 (12,'pain belt'),
	 (12,'pain armor'),
	 (12,'kirikakure scroll');
INSERT INTO equipos_user_partes (id,nombre_parte) VALUES
	 (12,'pain headband'),
	 (12,'pain coat'),
	 (1,'amegakure headband'),
	 (1,'amegakure kunai'),
	 (1,'amegakure coat'),
	 (1,'amegakure boots'),
	 (1,'amegakure armor'),
	 (1,'amegakure belt'),
	 (18,'kirikakure boots'),
	 (18,'kirikakure belt');
INSERT INTO equipos_user_partes (id,nombre_parte) VALUES
	 (18,'kirikakure headband'),
	 (18,'kirikakure coat'),
	 (18,'kirikakure scroll'),
	 (18,'kirikakure armor'),
	 (26,'amegakure headband'),
	 (26,'amegakure kunai'),
	 (26,'amegakure coat'),
	 (26,'amegakure boots'),
	 (26,'amegakure armor'),
	 (26,'amegakure belt');
INSERT INTO equipos_user_partes (id,nombre_parte) VALUES
	 (27,'amenunohoko boots'),
	 (27,'amenunohoko kunai'),
	 (27,'amegakure coat'),
	 (27,'bloodfang headband'),
	 (27,'bloodfang armor'),
	 (27,'amegakure belt'),
	 (28,'hyuga boots'),
	 (28,'kirikakure coat'),
	 (28,'amegakure kunai'),
	 (28,'amegakure headband');
INSERT INTO equipos_user_partes (id,nombre_parte) VALUES
	 (28,'hyuga belt'),
	 (28,'kirikakure armor'),
	 (3,'kirikakure boots'),
	 (3,'amegakure coat'),
	 (3,'longen belt'),
	 (3,'longen armor');


INSERT INTO formation_user (id,nombre,username) VALUES
	 (21,'FormacionPRsAdfAf','kirotodo'),
	 (22,'FormacionPRsAdfAfdg','kirotodo'),
	 (23,'FormacionP3','kirotodo'),
	 (24,'FuriaNinja','kirotodo');

INSERT INTO ninja_user_formation (id,chakra_nature,formation,nombre,sex,skill,username,id_user_set_accesorios,id_user_set,nombre_ninja) VALUES
	 (8,'UNACTIVATED','SUPPORT','Ninja Prueba 1','MALE','SKILL','kirotodo',13,12,'Hidan'),
	 (9,'UNACTIVATED','SUPPORT','Ninja Prueba 2',NULL,'SKILL','kirotodo',7,1,'Sakon & Ukon'),
	 (10,'UNACTIVATED','ASSAULTER','Ninja Prueba 3',NULL,'SKILL','kirotodo',7,1,'Sixth Mizukage'),
	 (11,'UNACTIVATED','ASSAULTER','Ninja Prueba 4','MALE','SKILL','kirotodo',7,1,'Warlord Sakura'),
	 (14,'UNACTIVATED','ASSAULTER','Sixth Mizukage prueba','MALE','SKILL','kirotodo',13,12,'Sixth Mizukage'),
	 (17,'UNACTIVATED','SUPPORT','Mito prueba','MALE','SKILL','kirotodo',16,15,'Mito'),
	 (19,'UNACTIVATED','SUPPORT','Utakata prueba','MALE','SKILL','kirotodo',13,18,'Utakata'),
	 (20,'UNACTIVATED','VANGUARD','Reanimated Hanzo','MALE','SKILL','kirotodo',NULL,18,'Reanimated Hanzo'),
	 (25,'UNACTIVATED','VANGUARD','Ninja Ejeml','MALE','SKILL','kirotodo',13,3,'Jiongu Kakuzu');
	 
INSERT INTO formation_user_ninja_user (formation_user_id,ninja_user_id) VALUES
	 (21,14),
	 (21,17),
	 (21,19),
	 (21,20),
	 (22,14),
	 (22,17),
	 (22,19),
	 (22,20),
	 (23,14),
	 (23,17);
INSERT INTO formation_user_ninja_user (formation_user_id,ninja_user_id) VALUES
	 (23,20),
	 (23,11),
	 (24,8),
	 (24,11),
	 (24,19),
	 (24,20);
 