
insert into atributos(nombre) values('physical attack');
insert into atributos(nombre) values('strategy attack');
insert into atributos(nombre) values('physical defense');
insert into atributos(nombre) values('strategy defense');
insert into atributos(nombre) values('speed');
insert into atributos(nombre) values('power');
insert into atributos(nombre) values('damage rate');
insert into atributos(nombre) values('agility');
insert into atributos(nombre) values('weaken enemy attack');
insert into atributos(nombre) values('avoid injury rate');
insert into atributos(nombre) values('HP');
insert into atributos(nombre) values('after using skill, recovers himself HP by 40%');
insert into atributos(nombre) values('force');
insert into atributos(nombre) values('chakra');
insert into atributos(nombre) values('defense');
insert into atributos(nombre) values('after attack % dot enemy for 1 round');
insert into atributos(nombre) values('aid rate');

insert into atributos(nombre) values('after releasing skill, give 2 random ally fury shield 2 rounds');
insert into atributos(nombre) values('after releasing skill, incinerate 2 random enemies dot 120% 2 rounds');
insert into atributos(nombre) values('increase 2 random ally Crit % (break limit)');
insert into atributos(nombre) values('after releasing skill, make 2 random enemy enter pain will (cant add buffs) 2 rounds');
insert into atributos(nombre) values('after releasing skill, have 50% chance to make self enter Shielding state (ignore enemy damage, cant be dispelled) 2 rounds');
insert into atributos(nombre) values('attack');

insert into atributos(nombre) values('after release skill dispel 2 random allies debuff');
insert into atributos(nombre) values('after skill, deal 40% penetration Damage to 3 enemies');
insert into atributos(nombre) values('reduce final damage taken by');

insert into atributos(nombre) values('increase the success rate of control skills by');
insert into atributos(nombre) values('after release skill has 80% chance to make 2 random enemies enter frozen for 2 rounds');
insert into atributos(nombre) values('punch rate');

insert into atributos(nombre) values('after being attacked, increase self defense by 100%');
insert into atributos(nombre) values('after being attacked, increase self speed by 20% for 2 rounds');
insert into atributos(nombre) values('after being attacked, 40% chance to enter cc-free state for 2 rounds');

insert into atributos(nombre) values('weaken enemy defense');
insert into atributos(nombre) values('s.attack(can break the limit)');
insert into atributos(nombre) 
values('when attacked there is an 80% chance to make enemy male ninjas  enter disable for 2 rounds (cant move, cant disperse)');


insert into atributos(nombre) values('every 10% HP loss will ignore 6% enemy attack power');
insert into atributos(nombre) values('cc resistance');
insert into atributos(nombre) values('after being attacked, 35% chance to enter S-Super Dodge for 1 round');
insert into atributos(nombre) values('after Skill, remove all debuffs from Support and give them immunity to CC for 1 round');
insert into atributos(nombre) values('S.Block(After blocking attack, deduct 20% attackers current HP)');
insert into atributos(nombre) values('After receiving attack, restore own HP by');
insert into atributos(nombre) values('after being attacked, restore own HP by 40%');
insert into atributos(nombre) values('after attack Poison enemy for 2 rounds by 80%');
insert into atributos(nombre) values('increase cc rate');

insert into atributos(nombre) values('after being attacked disperse ally fire chakra ninjas debuff');
insert into atributos(nombre) values('after be attacked has 30% chance to make ally fire chakra ninjas enter position interchange');
insert into atributos(nombre) values('after released a skill, there has 80% chance to make random enemy ninja enter wind bond state for 2 round');
insert into atributos(nombre) values('after released a skill, make random ally ninja enter bond state for 2 round');
insert into atributos(nombre) values('after released a skill, increase ally assaulter speed by 30% for 2 round');
insert into atributos(nombre) values('reduce reflect damage');
insert into atributos(nombre) values('when recieveing attack, 80% chance to stun enemy for 1 round');
insert into atributos(nombre) values('damage after attack');
insert into atributos(nombre) values('damage taken reduction');
insert into atributos(nombre) values('increase ally cc rate');
insert into atributos(nombre) values('after attack, increase 1 random ally Speed by 20% for 1 round');
insert into atributos(nombre) values('after attack, remove debuffs from 1 radom ally');
insert into atributos(nombre) values('after attacked has 50% chance to increase Defense by 50% for 1 round');
insert into atributos(nombre) values('after skill, clear all supports debuffs');
insert into atributos(nombre) values('after being hit, 30% chance to trigger Super Flash');
insert into atributos(nombre) values('block(can surpass limit)');
insert into atributos(nombre) values('critical chance(can surpass limit)');
insert into atributos(nombre) values('after attack 50% poison enemy for 1 round');
insert into atributos(nombre) values('after attack 50% split enemy for 1 round');
insert into atributos(nombre) values('after attack 50% bleeding enemy for 1 round');
insert into atributos(nombre) values('after attack 50% vein enemy for 1 round');
insert into atributos(nombre) values('after using skill, 110% chance to make 1 random enemy to enter forbidden jutsu/skill for 1 round');
insert into atributos(nombre) values('after using skill, 90% chance to make 1 random enemy to enter imprison for 1 round');
insert into atributos(nombre) values('after using skill, 90% chance to make 1 random enemy to enter wind bound for 1 round');
insert into atributos(nombre) values('after using skill, 110% chance to make 1 random enemy to enter chaos for 1 round');
insert into atributos(nombre) values('for every 15% HP loss, Block S+ dmg taken is reduced by 8%');
insert into atributos(nombre) values('for every 15% HP loss, Crit S+ dmg reduction is increased by 8%');
insert into atributos(nombre) values('for every 15% HP loss, penetration damage recieved reduced by 8%');
insert into atributos(nombre) values('for every 15% HP loss, final dmg recieved is reduced by 8%');
insert into atributos(nombre) values('for every 15% HP loss, increase own dmg rate by 6%');
insert into atributos(nombre) values('for every 15% HP loss, increase own avoid injury rate by 6%');
insert into atributos(nombre) values('for every 15% HP loss, increase own attack by 6%');
insert into atributos(nombre) values('for every 15% HP loss, increase own defense by 6%');
insert into atributos(nombre) values('when attacked, increase SPD of ally support by 10% for 1 round');
insert into atributos(nombre) values('after skill increase vanguard speed by 40%');
insert into atributos(nombre) values('immune to S. Block');
insert into atributos(nombre) values('after skill increase assaulter speed by 40%');
insert into atributos(nombre) 
values('after being attack, has 50% chance to deal 20% penetration damage to random enemy target');
insert into atributos(nombre) values('a.atk(can break limit)');
insert into atributos(nombre) 
values('after being attacked, decrease all enemies punch rate by 30% for 2 rounds');
insert into atributos(nombre) 
values('after being attacked, decrease all enemies control rates by 20%');
insert into atributos(nombre) values('after released skill, make self enter super dodge state for 2 rounds');
insert into atributos(nombre) 
values('after release skill, make a second blow to the lowest hp enemy with 200%(Strategy ATK rate)');
insert into atributos(nombre) 
values('after release skill, make a second blow to the highest hp enemy with 300%(Strategy ATK rate)');
insert into atributos(nombre) 
values('after release skill, make a second blow to the lowest hp enemy with 200%(Physical ATK rate)');
insert into atributos(nombre) 
values('after release skill, make a second blow to the highest hp enemy with 300%(Physical ATK rate)');
insert into atributos(nombre) values('after being attacked, reduce own fury by 500');
insert into atributos(nombre) 
values('after be attack, decrease the success rate of all enemies control skill by 25% for 2 round');
insert into atributos(nombre) 
values('after be attack, decrease all enemies ATK by 20% for 2 round');
insert into atributos(nombre) 
values('after be attack, decrease all enemies DMG rate by 20% for 2 round');
insert into atributos(nombre)
values('after be attack, decrease all enemies final growth injury rate by 25% for 2 round');
insert into atributos(nombre) 
values('after be attack, there has 50% chance to make self enter immune control state for 2 round');
insert into atributos(nombre) values('after be attacked, there has 30% chance to disperse ally Supports debuff');
insert into atributos(nombre) values('after be attacked, recover ally Support hp rate by 30%');
insert into atributos(nombre) 
values('after be attacked, there has 30% chance to disperse ally Assaulter and Vanguard debuff');
insert into atributos(nombre) 
values('recover ally Assaulter and Vanguard hp rate by 30%');
insert into atributos(nombre) 
values('after be attack, there has 40% chance to make a random enemy to enter weak state for 2 round');

insert into atributos(nombre) 
values('after released skill, decrease enemies immune control rate by 25% for 2 round');
insert into atributos(nombre) 
values('after released skill, decrease enemies final damage reduce rate by 20% for 2 round');
insert into atributos(nombre) 
values('after released skill, decrease enemies immune damage rate by 30% for 2 round');
insert into atributos(nombre) 
values('after released skill, decrease enemies defence by 30% for 2 round');
insert into atributos(nombre) 
values('after released skill, make a random enemy ninja enter Upwind state for 2 round');

insert into atributos(nombre) 
values('after released a skill, make all enemies enter Burst state (50% rate) for 2 round');
insert into atributos(nombre) 
values('after released skill, make all enemies enter Scorching Flame state (50% rate) for 2 round');
insert into atributos(nombre) 
values('after released skill, make all enemies enter Safeguard state (50% rate) for 2 round');
insert into atributos(nombre) 
values('after released skill, make all enemies enter Unification state (50% rate) for 2 round');
insert into atributos(nombre) 
values('after released a skill, has 100% chance to make random enemy enter Poisonous Wind state for 2 round');
insert into atributos(nombre) values('after using skill, recovers himself HP by 120%');
insert into atributos(nombre) values('after recieving attack, small chance 40% to clear debuffs');
insert into atributos(nombre) values('after being attacked, increase self speed by 20% for 1 rounds');
insert into atributos(nombre) values('resistant');





insert into atributos(nombre) values('Increases self massive agility, chakra, and force by percentage');
insert into atributos(nombre) values('agility growth rate');
insert into atributos(nombre) values('power growth rate');
insert into atributos(nombre) values('force growth rate');
insert into atributos(nombre) values('chakra growth rate');
insert into atributos(nombre) values('massive agility, chakra, and force by percentage');
insert into atributos(nombre) values('speed %');
insert into atributos(nombre) values('ignores enemy attack');
insert into atributos(nombre) values('ignore super flash');
insert into atributos(nombre) values('immune to chaos');
insert into atributos(nombre) values('immune to poisonous wind');
insert into atributos(nombre) values('growth rate');
insert into atributos(nombre) values('100% chance to make enemies enter curse and acupuncture for 3 rounds');
insert into atributos(nombre) values('crit rate');
insert into atributos(nombre) values('deals additional strategy attack with growth rate');
insert into atributos(nombre) values('randomly removes debuffs of 2 allies');
insert into atributos(nombre) values('randomly  removes buffs of 2 enemies');
insert into atributos(nombre) values('95% chance to make 1 random enemy enter poisonous wind state for 2 rounds');
insert into atributos(nombre) values('80% chance to make enemy supports enter weakened state for 2 rounds');
insert into atributos(nombre) values('massive agility, health, and force by percentage');
insert into atributos(nombre) values('damage reduction');
insert into atributos(nombre) values('damage dealt');
insert into atributos(nombre) values('Every 10% loss in health makes all allies ignore 10% of enemy defense');
insert into atributos(nombre) values('Every 10% loss in health makes all allies increases crit chance by 5% (can break upper limit)');
insert into atributos(nombre) values('When attacked, has 40% chance to remove all enemy ninjas buffs for 2 rounds.');
insert into atributos(nombre) values('When attacked, has 30% chance to make self and vanguard enter bond state for 2 rounds.');
insert into atributos(nombre) values('immune to charm');
insert into atributos(nombre) values('immune to death seed');
insert into atributos(nombre) values('90% chance to make enemies enter chaos for 2 rounds');
insert into atributos(nombre) values('100% chance to make enemy assaulter enter charm for 2 rounds');
insert into atributos(nombre) values('makes self and ally vanguard enter breaking wind status for 2 rounds');
insert into atributos(nombre) values('removes all allies debuffs');
insert into atributos(nombre) values('fury');

insert into atributos(nombre) values('heal rate');
insert into atributos(nombre) values('counter rate');
insert into atributos(nombre) values('fury shield for 3 rounds');
insert into atributos(nombre) values('90% chance to Poison with 120% growth rate for 3 rounds');
insert into atributos(nombre) values('90% chance to Imprison State for 2 rounds');
insert into atributos(nombre) values('inmune control state for 2 rounds');
insert into atributos(nombre) values('shatter storm state for 2 rounds');
insert into atributos(nombre) values('heal state % for 2 rounds');
insert into atributos(nombre) values('dispel 3 random Enemies Buffs');
insert into atributos(nombre) values('enter Forbid Fury (Forbid Fury: Disable to recover fury in a round, cannot be Cleansed)');
insert into atributos(nombre) values('90% Chance to enter Wind Bound for 2 rounds');
insert into atributos(nombre) values('90% chance to make enemies enter Void state for 2 turns (Void: Avoid receiving skill damage but not normal attack damage. Cannot be Dispelled)');
insert into atributos(nombre) values('immune to Poison Wind');
insert into atributos(nombre) values('immune to Void');
insert into atributos(nombre) values('immune to Disable');
insert into atributos(nombre) values('enemies fire chakra nature", "DOT (Poison,Ignite,Power Loss,Orochi,Poison,Vein,Damage,Bleed,Split,Unification,Safeguard,Burst,Scorching Flame,Incinerate) damage by');
insert into atributos(nombre) values('massive agility,chakra, and health by percentage');
insert into atributos(nombre) values('DOT (Poison,Ignite,Power Loss,Orochi,Poison,Vein,Damage,Bleed,Split,Unification,Safeguard,Burst,Scorching Flame,Incinerate) damage by');
insert into atributos(nombre) values('cc rate');



insert into atributos(nombre) values('massive chakra, power,and health by percentage');
insert into atributos(nombre) values('cc succes rate');
insert into atributos(nombre) values('final damage increase rate');
insert into atributos(nombre) values('final damage decrease rate');
insert into atributos(nombre) values('recover health');
insert into atributos(nombre) values('100% chance to makes him enter seal state for 2 round');
insert into atributos(nombre) values('100% chance to makes him enter upwind state for 2 round');
insert into atributos(nombre) values('disperse his buffs');
insert into atributos(nombre) values('physical penetrating damage with');
insert into atributos(nombre) values('100% chance to makes him enter wind bond state for 2 round');
insert into atributos(nombre) values('100% chance to makes him incinerate state with 120% rate for 2 round');
insert into atributos(nombre) values('strategy penetrating damage with');
insert into atributos(nombre) values('100% chance to makes him enter freeze state for 2 round');
insert into atributos(nombre) values('100% chance to makes him enter weak state for 2 round');
insert into atributos(nombre) values('100% chance to makes him enter bind state for 2 round');
insert into atributos(nombre) values('fury shield state(10%prob) for 2 round');
insert into atributos(nombre) values('bond state for 2 rounds');
insert into atributos(nombre) values('30% chance to make self enter super dodge state for 2 round');
insert into atributos(nombre) values('50% chance to make ally support enter super dodge for 3 round');
insert into atributos(nombre) values('make unable to gain buffs');
insert into atributos(nombre) values('upwind state for 2 rounds');
insert into atributos(nombre) values('disperse debuffs');

insert into atributos(nombre) values('acupuncture');
insert into atributos(nombre) values('curse');
insert into atributos(nombre) values('remove debuffs');
insert into atributos(nombre) values('remove buffs');
insert into atributos(nombre) values('poisonous wind state');
insert into atributos(nombre) values('weakened state');
insert into atributos(nombre) values('ignore enemy defense');
insert into atributos(nombre) values('crit chance(can break upper limit)');
insert into atributos(nombre) values('bond state');
insert into atributos(nombre) values('chaos');
insert into atributos(nombre) values('charm');
insert into atributos(nombre) values('death seed');
insert into atributos(nombre) values('breaking wind status');
insert into atributos(nombre) values('"DOT (Poison,Ignite,Power Loss,Orochi,Poison,Vein,Damage,Bleed,Split,Unification,Safeguard,Burst,Scorching Flame,Incinerate) damage by');
insert into atributos(nombre) values('Void state');
insert into atributos(nombre) values('Wind Bound state');
insert into atributos(nombre) values('heal state %');
insert into atributos(nombre) values('Forbid Fury state');
insert into atributos(nombre) values('shatter storm state');
insert into atributos(nombre) values('inmune control state');
insert into atributos(nombre) values('Imprison State');
insert into atributos(nombre) values('Poison with 120% growth rate');
insert into atributos(nombre) values('fury shield');
insert into atributos(nombre) values('health');
insert into atributos(nombre) values('seal state');
insert into atributos(nombre) values('upwind state');
insert into atributos(nombre) values('wind bond state');
insert into atributos(nombre) values('incinerate state with 120% rate');
insert into atributos(nombre) values('freeze state');
insert into atributos(nombre) values('weak state');
insert into atributos(nombre) values('bind state');
insert into atributos(nombre) values('super dodge state');
insert into atributos(nombre) values('unable gain buffs state');
insert into atributos(nombre) values('massive agility, spirit, and health by percentage');
insert into atributos(nombre) values('inmune penetrate');
insert into atributos(nombre) values('hp rate');
insert into atributos(nombre) values('immune control state');
insert into atributos(nombre) values('resistance');
insert into atributos(nombre) values('imprision');
insert into atributos(nombre) values('freze');
insert into atributos(nombre) values('petrification');
insert into atributos(nombre) values('collapse');
insert into atributos(nombre) values('immune imprision');
insert into atributos(nombre) values('ignore super dodge');
insert into atributos(nombre) values('reduce damage reflect');
insert into atributos(nombre) values('massive agility, spirit, and force by percentage');
insert into atributos(nombre) values('ignore enemy attack');
insert into atributos(nombre) values('dead wind state');
insert into atributos(nombre) values('break wind state');
insert into atributos(nombre) values('block rate (can break the limit)');
insert into atributos(nombre) values('receive penetration damage');
insert into atributos(nombre) values('immune to seal');
insert into atributos(nombre) values('immune to blind');
insert into atributos(nombre) values('massive agility, chakra, and health by percentage');
insert into atributos(nombre) values('final damage reduction');
insert into atributos(nombre) values('revive with 80% hp');
insert into atributos(nombre) values('DOT status');
insert into atributos(nombre) values('disable state');
insert into atributos(nombre) values('weaknes state');
insert into atributos(nombre) values('immune to wind bind');
insert into atributos(nombre) values('immune to freeze');
insert into atributos(nombre) values('massive agility,spirit,and health by percentage');
insert into atributos(nombre) values('penetrating damage');
insert into atributos(nombre) values('poison wind state');
insert into atributos(nombre) values('bleeding state');
insert into atributos(nombre) values('Unification state');
insert into atributos(nombre) values('immune to weakned state');
insert into atributos(nombre) values('DOT damage (Poison/ Ignite/ Power Loss/ Orochi Poison/ Vein Damage/ Bleed/ Split/ Unification/ Safeguard)');
insert into atributos(nombre) values('massive agility, force, and health by percentage');
insert into atributos(nombre) values('immune to frozen state');
insert into atributos(nombre) values('shielding state');
insert into atributos(nombre) values('blind state');
insert into atributos(nombre) values('frozen state');
insert into atributos(nombre) values('Continuous recovery');
insert into atributos(nombre) values('massive agility, health and force by percentage');
insert into atributos(nombre) values('charm state');
insert into atributos(nombre) values('safeguard state(DOT)');
insert into atributos(nombre) values('s.attack rate');
insert into atributos(nombre) values('super flash');
insert into atributos(nombre) values('inmune to chaos');
insert into atributos(nombre) values('incarnate state(DOT)');
insert into atributos(nombre) values('health by');
insert into atributos(nombre) values('petrification state');
insert into atributos(nombre) values('immune to fury reduction');
insert into atributos(nombre) values('block S+');
insert into atributos(nombre) values('burst state(DOT)');
insert into atributos(nombre) values('split state(DOT)');
insert into atributos(nombre) values('block rate');
insert into atributos(nombre) values('poisonous state');
insert into atributos(nombre) values('immune to seal state');
insert into atributos(nombre) values('breaking wind state');
insert into atributos(nombre) values('massive agility, chakra, and hp by percentage');
insert into atributos(nombre) values('final damage');
/*Equipo pain seal*/

insert into  equipos(nombre) values('pain set');

insert into partes(nombre,nombre_atributo,nombre_equipo,valor) values(
'pain kunai','physical attack','pain set',55000);
insert into partes(nombre,nombre_atributo,nombre_equipo,valor) values(
'pain shuriken','physical attack','pain set',55000);
insert into partes(nombre,nombre_atributo,nombre_equipo,valor) values(
'pain scroll','strategy attack','pain set',55000);
insert into partes(nombre,nombre_atributo,nombre_equipo,valor) values(
'pain headband','physical defense','pain set',54000);
insert into partes(nombre,nombre_atributo,nombre_equipo,valor) values(
'pain armor','physical defense','pain set',54000);
insert into partes(nombre,nombre_atributo,nombre_equipo,valor) values(
'pain coat','strategy defense','pain set',54000);
insert into partes(nombre,nombre_atributo,nombre_equipo,valor) values(
'pain boots','speed','pain set',55000);
insert into partes(nombre,nombre_atributo,nombre_equipo,valor) values(
'pain belt','power','pain set',560000);

insert into bonuses(id,nombre_equipo,nombre) values(2,'pain set','2 effect : ');
insert into bonuses(id,nombre_equipo,nombre) values(4,'pain set','4 effect : ');
insert into bonuses(id,nombre_equipo,nombre) values(6,'pain set','6 effect : ');

insert into bonus_atributo(id_bonus,nombre_equipo,nombre_atributo,valor) values(2,'pain set','resistant',15);
insert into bonus_atributo(id_bonus,nombre_equipo,nombre_atributo,valor) values(2,'pain set','weaken enemy defense',15);
insert into bonus_atributo(id_bonus,nombre_equipo,nombre_atributo,valor) values(2,'pain set','strategy defense',40);
insert into bonus_atributo(id_bonus,nombre_equipo,nombre_atributo,valor) values(2,'pain set','physical defense',40);
insert into bonus_atributo(id_bonus,nombre_equipo,nombre_atributo,valor) values(2,'pain set','HP',20);
insert into bonus_atributo(id_bonus,nombre_equipo,nombre_atributo,valor) values(4,'pain set','resistant',15);
insert into bonus_atributo(id_bonus,nombre_equipo,nombre_atributo,valor) values(4,'pain set','weaken enemy defense',15);
insert into bonus_atributo(id_bonus,nombre_equipo,nombre_atributo,valor) values(4,'pain set','strategy defense',50);
insert into bonus_atributo(id_bonus,nombre_equipo,nombre_atributo,valor) values(4,'pain set','physical defense',50);
insert into bonus_atributo(id_bonus,nombre_equipo,nombre_atributo,valor) values(4,'pain set','HP',30);
insert into bonus_atributo(id_bonus,nombre_equipo,nombre_atributo,valor) values(4,'pain set','damage rate',30);
insert into bonus_atributo(id_bonus,nombre_equipo,nombre_atributo,valor) values(4,'pain set','agility',25000);
insert into bonus_atributo(id_bonus,nombre_equipo,nombre_atributo,valor) values(6,'pain set','resistant',20);
insert into bonus_atributo(id_bonus,nombre_equipo,nombre_atributo,valor) values(6,'pain set','weaken enemy defense',20);
insert into bonus_atributo(id_bonus,nombre_equipo,nombre_atributo,valor) values(6,'pain set','strategy defense',60);
insert into bonus_atributo(id_bonus,nombre_equipo,nombre_atributo,valor) values(6,'pain set','physical defense',60);
insert into bonus_atributo(id_bonus,nombre_equipo,nombre_atributo,valor) values(6,'pain set','agility',32000);
insert into bonus_atributo(id_bonus,nombre_equipo,nombre_atributo,valor) values(6,'pain set','weaken enemy attack',30);
insert into bonus_atributo(id_bonus,nombre_equipo,nombre_atributo,valor) values(6,'pain set','avoid injury rate',40);

/*Equipo pain seal*/

/*Equipo curse seal*/

insert into  equipos(nombre) values('curse seal set');

insert into partes(nombre,nombre_atributo,nombre_equipo,valor) values(
'curse seal kunai','physical attack','curse seal set',55000);
insert into partes(nombre,nombre_atributo,nombre_equipo,valor) values(
'curse seal shuriken','physical attack','curse seal set',55000);
insert into partes(nombre,nombre_atributo,nombre_equipo,valor) values(
'curse seal scroll','strategy attack','curse seal set',55000);
insert into partes(nombre,nombre_atributo,nombre_equipo,valor) values(
'curse seal headband','physical defense','curse seal set',54000);
insert into partes(nombre,nombre_atributo,nombre_equipo,valor) values(
'curse seal armor','physical defense','curse seal set',54000);
insert into partes(nombre,nombre_atributo,nombre_equipo,valor) values(
'curse seal coat','strategy defense','curse seal set',54000);
insert into partes(nombre,nombre_atributo,nombre_equipo,valor) values(
'curse seal boots','speed','curse seal set',55000);
insert into partes(nombre,nombre_atributo,nombre_equipo,valor) values(
'curse seal belt','power','curse seal set',560000);

insert into bonuses(id,nombre_equipo,nombre) values(2,'curse seal set','2 effect : ');
insert into bonuses(id,nombre_equipo,nombre) values(4,'curse seal set','4 effect : ');
insert into bonuses(id,nombre_equipo,nombre) values(6,'curse seal set','6 effect : ');

insert into bonus_atributo(id_bonus,nombre_equipo,nombre_atributo,valor) values(2,'curse seal set','damage rate',30);
insert into bonus_atributo(id_bonus,nombre_equipo,nombre_atributo,valor) values(2,'curse seal set','agility',22000);
insert into bonus_atributo(id_bonus,nombre_equipo,nombre_atributo,valor) values(4,'curse seal set','damage rate',30);
insert into bonus_atributo(id_bonus,nombre_equipo,nombre_atributo,valor) values(4,'curse seal set','weaken enemy attack',35);
insert into bonus_atributo(id_bonus,nombre_equipo,nombre_atributo,valor) values(4,'curse seal set','agility',28000);
insert into bonus_atributo(id_bonus,nombre_equipo,nombre_atributo,valor) values(6,'curse seal set','avoid injury rate',30);
insert into bonus_atributo(id_bonus,nombre_equipo,nombre_atributo,valor) values(6,'curse seal set','HP',20);
insert into bonus_atributo(id_bonus,nombre_equipo,nombre_atributo,valor) values(6,'curse seal set',
'after using skill, recovers himself HP by 40%',0);

/*Equipo curse seal*/
/*Equipo sakura*/

insert into  equipos(nombre) values('sakura set');

insert into partes(nombre,nombre_atributo,nombre_equipo,valor) values(
'sakura kunai','physical attack','sakura set',60000);
insert into partes(nombre,nombre_atributo,nombre_equipo,valor) values(
'sakura shuriken','physical attack','sakura set',60000);
insert into partes(nombre,nombre_atributo,nombre_equipo,valor) values(
'sakura scroll','strategy attack','sakura set',60000);
insert into partes(nombre,nombre_atributo,nombre_equipo,valor) values(
'sakura headband','physical defense','sakura set',60000);
insert into partes(nombre,nombre_atributo,nombre_equipo,valor) values(
'sakura armor','physical defense','sakura set',60000);
insert into partes(nombre,nombre_atributo,nombre_equipo,valor) values(
'sakura coat','strategy defense','sakura set',60000);
insert into partes(nombre,nombre_atributo,nombre_equipo,valor) values(
'sakura boots','speed','sakura set',60000);
insert into partes(nombre,nombre_atributo,nombre_equipo,valor) values(
'sakura belt','power','sakura set',600000);

insert into bonuses(id,nombre_equipo,nombre) values(2,'sakura set','2 effect : ');
insert into bonuses(id,nombre_equipo,nombre) values(4,'sakura set','4 effect : ');
insert into bonuses(id,nombre_equipo,nombre) values(6,'sakura set','6 effect : ');

insert into bonus_atributo(id_bonus,nombre_equipo,nombre_atributo,valor) values(2,'sakura set','damage rate',40);
insert into bonus_atributo(id_bonus,nombre_equipo,nombre_atributo,valor) values(2,'sakura set','agility',22000);
insert into bonus_atributo(id_bonus,nombre_equipo,nombre_atributo,valor) values(2,'sakura set','after releasing skill, give 2 random ally fury shield 2 rounds',0);
insert into bonus_atributo(id_bonus,nombre_equipo,nombre_atributo,valor) values(4,'sakura set','attack',20);
insert into bonus_atributo(id_bonus,nombre_equipo,nombre_atributo,valor) values(4,'sakura set','after releasing skill, incinerate 2 random enemies dot 120% 2 rounds'
,0);
insert into bonus_atributo(id_bonus,nombre_equipo,nombre_atributo,valor) values(4,'sakura set','increase 2 random ally Crit % (break limit)',40);

insert into bonus_atributo(id_bonus,nombre_equipo,nombre_atributo,valor) values(6,'sakura set','agility',30000);
insert into bonus_atributo(id_bonus,nombre_equipo,nombre_atributo,valor) values(6,'sakura set','weaken enemy attack',25);
insert into bonus_atributo(id_bonus,nombre_equipo,nombre_atributo,valor) values(6,'sakura set',
'after releasing skill, make 2 random enemy enter pain will (cant add buffs) 2 rounds',0);
insert into bonus_atributo(id_bonus,nombre_equipo,nombre_atributo,valor) values(6,'sakura set',
'after releasing skill, have 50% chance to make self enter Shielding state (ignore enemy damage, cant be dispelled) 2 rounds',0);


/*Equipo sakura*/

/*Equipo Amegakure*/

insert into  equipos(nombre) values('amegakure set');

insert into partes(nombre,nombre_atributo,nombre_equipo,valor) values(
'amegakure kunai','physical attack','amegakure set',59000);
insert into partes(nombre,nombre_atributo,nombre_equipo,valor) values(
'amegakure shuriken','physical attack','amegakure set',59000);
insert into partes(nombre,nombre_atributo,nombre_equipo,valor) values(
'amegakure scroll','strategy attack','amegakure set',59000);
insert into partes(nombre,nombre_atributo,nombre_equipo,valor) values(
'amegakure headband','physical defense','amegakure set',59000);
insert into partes(nombre,nombre_atributo,nombre_equipo,valor) values(
'amegakure armor','physical defense','amegakure set',59000);
insert into partes(nombre,nombre_atributo,nombre_equipo,valor) values(
'amegakure coat','strategy defense','amegakure set',59000);
insert into partes(nombre,nombre_atributo,nombre_equipo,valor) values(
'amegakure boots','speed','amegakure set',59000);
insert into partes(nombre,nombre_atributo,nombre_equipo,valor) values(
'amegakure belt','power','amegakure set',590000);

insert into bonuses(id,nombre_equipo,nombre) values(2,'amegakure set','2 effect : ');
insert into bonuses(id,nombre_equipo,nombre) values(4,'amegakure set','4 effect : ');
insert into bonuses(id,nombre_equipo,nombre) values(6,'amegakure set','6 effect : ');

insert into bonus_atributo(id_bonus,nombre_equipo,nombre_atributo,valor) values(2,'amegakure set','force',10000);
insert into bonus_atributo(id_bonus,nombre_equipo,nombre_atributo,valor) values(2,'amegakure set','attack',25);
insert into bonus_atributo(id_bonus,nombre_equipo,nombre_atributo,valor) values(2,'amegakure set','damage rate',20);
insert into bonus_atributo(id_bonus,nombre_equipo,nombre_atributo,valor) values(2,'amegakure set','punch rate',30);
insert into bonus_atributo(id_bonus,nombre_equipo,nombre_atributo,valor) values(4,'amegakure set','damage rate',20);
insert into bonus_atributo(id_bonus,nombre_equipo,nombre_atributo,valor) values(4,'amegakure set','increase cc rate',40);
insert into bonus_atributo(id_bonus,nombre_equipo,nombre_atributo,valor) values(4,'amegakure set',
'after release skill has 80% chance to make 2 random enemies enter frozen for 2 rounds',0);
insert into bonus_atributo(id_bonus,nombre_equipo,nombre_atributo,valor) values(6,'amegakure set','agility',50000);
insert into bonus_atributo(id_bonus,nombre_equipo,nombre_atributo,valor) values(6,'amegakure set','weaken enemy attack',30);
insert into bonus_atributo(id_bonus,nombre_equipo,nombre_atributo,valor) values(6,'amegakure set','after release skill dispel 2 random allies debuff',0);

/*Equipo Amegakure*/

/*Equipo Longen*/

insert into  equipos(nombre) values('longen set');

insert into partes(nombre,nombre_atributo,nombre_equipo,valor) values(
'longen kunai','physical attack','longen set',58000);
insert into partes(nombre,nombre_atributo,nombre_equipo,valor) values(
'longen shuriken','physical attack','longen set',58000);
insert into partes(nombre,nombre_atributo,nombre_equipo,valor) values(
'longen scroll','strategy attack','longen set',58000);
insert into partes(nombre,nombre_atributo,nombre_equipo,valor) values(
'longen headband','physical defense','longen set',58000);
insert into partes(nombre,nombre_atributo,nombre_equipo,valor) values(
'longen armor','physical defense','longen set',58000);
insert into partes(nombre,nombre_atributo,nombre_equipo,valor) values(
'longen coat','strategy defense','longen set',58000);
insert into partes(nombre,nombre_atributo,nombre_equipo,valor) values(
'longen boots','speed','longen set',58000);
insert into partes(nombre,nombre_atributo,nombre_equipo,valor) values(
'longen belt','power','longen set',580000);

insert into bonuses(id,nombre_equipo,nombre) values(2,'longen set','2 effect : ');
insert into bonuses(id,nombre_equipo,nombre) values(4,'longen set','4 effect : ');
insert into bonuses(id,nombre_equipo,nombre) values(6,'longen set','6 effect : ');

insert into bonus_atributo(id_bonus,nombre_equipo,nombre_atributo,valor) values(2,'longen set','force',10000);
insert into bonus_atributo(id_bonus,nombre_equipo,nombre_atributo,valor) values(2,'longen set','agility',10000);
insert into bonus_atributo(id_bonus,nombre_equipo,nombre_atributo,valor) values(2,'longen set','HP',30);
insert into bonus_atributo(id_bonus,nombre_equipo,nombre_atributo,valor) values(2,'longen set','avoid injury rate',30);
insert into bonus_atributo(id_bonus,nombre_equipo,nombre_atributo,valor) values(4,'longen set','force',20000);
insert into bonus_atributo(id_bonus,nombre_equipo,nombre_atributo,valor) values(4,'longen set','agility',20000);
insert into bonus_atributo(id_bonus,nombre_equipo,nombre_atributo,valor) values(4,'longen set','damage rate',40);
insert into bonus_atributo(id_bonus,nombre_equipo,nombre_atributo,valor) values(4,'longen set','after being attacked, increase self defense by 100%',0);
insert into bonus_atributo(id_bonus,nombre_equipo,nombre_atributo,valor) values(6,'longen set','force',30000);
insert into bonus_atributo(id_bonus,nombre_equipo,nombre_atributo,valor) values(6,'longen set','agility',20000);
insert into bonus_atributo(id_bonus,nombre_equipo,nombre_atributo,valor) values(6,'longen set','weaken enemy attack',30);
insert into bonus_atributo(id_bonus,nombre_equipo,nombre_atributo,valor) values(6,'longen set','after being attacked, increase self speed by 20% for 2 rounds',0);

/*Equipo Longen*/

/*Equipo Kumogakure*/

insert into  equipos(nombre) values('kumogakure set');

insert into partes(nombre,nombre_atributo,nombre_equipo,valor) values(
'kumogakure kunai','physical attack','kumogakure set',57000);
insert into partes(nombre,nombre_atributo,nombre_equipo,valor) values(
'kumogakure shuriken','physical attack','kumogakure set',57000);
insert into partes(nombre,nombre_atributo,nombre_equipo,valor) values(
'kumogakure scroll','strategy attack','kumogakure set',57000);
insert into partes(nombre,nombre_atributo,nombre_equipo,valor) values(
'kumogakure headband','physical defense','kumogakure set',57000);
insert into partes(nombre,nombre_atributo,nombre_equipo,valor) values(
'kumogakure armor','physical defense','kumogakure set',57000);
insert into partes(nombre,nombre_atributo,nombre_equipo,valor) values(
'kumogakure coat','strategy defense','kumogakure set',57000);
insert into partes(nombre,nombre_atributo,nombre_equipo,valor) values(
'kumogakure boots','speed','kumogakure set',57000);
insert into partes(nombre,nombre_atributo,nombre_equipo,valor) values(
'kumogakure belt','power','kumogakure set',570000);

insert into bonuses(id,nombre_equipo,nombre) values(2,'kumogakure set','2 effect : ');
insert into bonuses(id,nombre_equipo,nombre) values(4,'kumogakure set','4 effect : ');
insert into bonuses(id,nombre_equipo,nombre) values(6,'kumogakure set','6 effect : ');

insert into bonus_atributo(id_bonus,nombre_equipo,nombre_atributo,valor) values(2,'kumogakure set','agility',24000);
insert into bonus_atributo(id_bonus,nombre_equipo,nombre_atributo,valor) values(2,'kumogakure set','damage rate',40);
insert into bonus_atributo(id_bonus,nombre_equipo,nombre_atributo,valor) values(2,'kumogakure set','weaken enemy defense',10);
insert into bonus_atributo(id_bonus,nombre_equipo,nombre_atributo,valor) values(4,'kumogakure set','agility',34000);
insert into bonus_atributo(id_bonus,nombre_equipo,nombre_atributo,valor) values(4,'kumogakure set','weaken enemy defense',20);
insert into bonus_atributo(id_bonus,nombre_equipo,nombre_atributo,valor) values(4,'kumogakure set','s.attack(can break the limit)',50);
insert into bonus_atributo(id_bonus,nombre_equipo,nombre_atributo,valor) values(6,'kumogakure set','attack',20);
insert into bonus_atributo(id_bonus,nombre_equipo,nombre_atributo,valor) values(6,'kumogakure set','weaken enemy defense',30);
insert into bonus_atributo(id_bonus,nombre_equipo,nombre_atributo,valor) values(6,'kumogakure set','weaken enemy attack',25);


/*Equipo Kumogakure*/

/*Equipo Kirikakure*/

insert into  equipos(nombre) values('kirikakure set');

insert into partes(nombre,nombre_atributo,nombre_equipo,valor) values(
'kirikakure kunai','physical attack','kirikakure set',57000);
insert into partes(nombre,nombre_atributo,nombre_equipo,valor) values(
'kirikakure shuriken','physical attack','kirikakure set',57000);
insert into partes(nombre,nombre_atributo,nombre_equipo,valor) values(
'kirikakure scroll','strategy attack','kirikakure set',57000);
insert into partes(nombre,nombre_atributo,nombre_equipo,valor) values(
'kirikakure headband','physical defense','kirikakure set',56000);
insert into partes(nombre,nombre_atributo,nombre_equipo,valor) values(
'kirikakure armor','physical defense','kirikakure set',56000);
insert into partes(nombre,nombre_atributo,nombre_equipo,valor) values(
'kirikakure coat','strategy defense','kirikakure set',56000);
insert into partes(nombre,nombre_atributo,nombre_equipo,valor) values(
'kirikakure boots','speed','kirikakure set',57000);
insert into partes(nombre,nombre_atributo,nombre_equipo,valor) values(
'kirikakure belt','power','kirikakure set',580000);

insert into bonuses(id,nombre_equipo,nombre) values(2,'kirikakure set','2 effect : ');
insert into bonuses(id,nombre_equipo,nombre) values(4,'kirikakure set','4 effect : ');
insert into bonuses(id,nombre_equipo,nombre) values(6,'kirikakure set','6 effect : ');

insert into bonus_atributo(id_bonus,nombre_equipo,nombre_atributo,valor) values(2,'kirikakure set','attack',20);
insert into bonus_atributo(id_bonus,nombre_equipo,nombre_atributo,valor) values(2,'kirikakure set','avoid injury rate',30);
insert into bonus_atributo(id_bonus,nombre_equipo,nombre_atributo,valor) values(4,'kirikakure set','force',25000);
insert into bonus_atributo(id_bonus,nombre_equipo,nombre_atributo,valor) values(4,'kirikakure set','agility',25000);
insert into bonus_atributo(id_bonus,nombre_equipo,nombre_atributo,valor) values(4,'kirikakure set','avoid injury rate',30);
insert into bonus_atributo(id_bonus,nombre_equipo,nombre_atributo,valor) values(4,'kirikakure set',
'increase cc rate',20);
insert into bonus_atributo(id_bonus,nombre_equipo,nombre_atributo,valor) values(6,'kirikakure set','agility',25000);
insert into bonus_atributo(id_bonus,nombre_equipo,nombre_atributo,valor) values(6,'kirikakure set','damage rate',30);
insert into bonus_atributo(id_bonus,nombre_equipo,nombre_atributo,valor) values(6,'kirikakure set',
'when attacked there is an 80% chance to make enemy male ninjas  enter disable for 2 rounds (cant move, cant disperse)',0);


/*Equipo kirikakure*/


/*Equipo sautobi*/
insert into  equipos(nombre) values('sarutobi set');

insert into partes(nombre,nombre_atributo,nombre_equipo,valor) values(
'sarutobi kunai','physical attack','sarutobi set',55000);
insert into partes(nombre,nombre_atributo,nombre_equipo,valor) values(
'sarutobi shuriken','physical attack','sarutobi set',55000);
insert into partes(nombre,nombre_atributo,nombre_equipo,valor) values(
'sarutobi scroll','strategy attack','sarutobi set',55000);
insert into partes(nombre,nombre_atributo,nombre_equipo,valor) values(
'sarutobi headband','physical defense','sarutobi set',54000);
insert into partes(nombre,nombre_atributo,nombre_equipo,valor) values(
'sarutobi armor','physical defense','sarutobi set',54000);
insert into partes(nombre,nombre_atributo,nombre_equipo,valor) values(
'sarutobi coat','strategy defense','sarutobi set',54000);
insert into partes(nombre,nombre_atributo,nombre_equipo,valor) values(
'sarutobi boots','speed','sarutobi set',55000);
insert into partes(nombre,nombre_atributo,nombre_equipo,valor) values(
'sarutobi belt','power','sarutobi set',560000);

insert into bonuses(id,nombre_equipo,nombre) values(2,'sarutobi set','2 effect : ');
insert into bonuses(id,nombre_equipo,nombre) values(4,'sarutobi set','4 effect : ');
insert into bonuses(id,nombre_equipo,nombre) values(6,'sarutobi set','6 effect : ');

insert into bonus_atributo(id_bonus,nombre_equipo,nombre_atributo,valor) values(2,'sarutobi set','damage rate',30);
insert into bonus_atributo(id_bonus,nombre_equipo,nombre_atributo,valor) values(2,'sarutobi set','force',20000);
insert into bonus_atributo(id_bonus,nombre_equipo,nombre_atributo,valor) values(2,'sarutobi set','chakra',20000);
insert into bonus_atributo(id_bonus,nombre_equipo,nombre_atributo,valor) values(2,'sarutobi set','agility',20000);

insert into bonus_atributo(id_bonus,nombre_equipo,nombre_atributo,valor) values(4,'sarutobi set','force',22000);
insert into bonus_atributo(id_bonus,nombre_equipo,nombre_atributo,valor) values(4,'sarutobi set','chakra',22000);
insert into bonus_atributo(id_bonus,nombre_equipo,nombre_atributo,valor) values(4,'sarutobi set','attack',25);
insert into bonus_atributo(id_bonus,nombre_equipo,nombre_atributo,valor) values(4,'sarutobi set','HP',30);

insert into bonus_atributo(id_bonus,nombre_equipo,nombre_atributo,valor) values(6,'sarutobi set','damage rate',30);
insert into bonus_atributo(id_bonus,nombre_equipo,nombre_atributo,valor) values(6,'sarutobi set','avoid injury rate',30);
insert into bonus_atributo(id_bonus,nombre_equipo,nombre_atributo,valor) values(6,'sarutobi set',
'every 10% HP loss will ignore 6% enemy attack power',0);

/*Equipo sautobi*/

/*Equipo uzumaki*/
insert into  equipos(nombre) values('uzumaki set');

insert into partes(nombre,nombre_atributo,nombre_equipo,valor) values(
'uzumaki kunai','physical attack','uzumaki set',53000);
insert into partes(nombre,nombre_atributo,nombre_equipo,valor) values(
'uzumaki shuriken','physical attack','uzumaki set',53000);
insert into partes(nombre,nombre_atributo,nombre_equipo,valor) values(
'uzumaki scroll','strategy attack','uzumaki set',53000);
insert into partes(nombre,nombre_atributo,nombre_equipo,valor) values(
'uzumaki headband','physical defense','uzumaki set',52000);
insert into partes(nombre,nombre_atributo,nombre_equipo,valor) values(
'uzumaki armor','physical defense','uzumaki set',52000);
insert into partes(nombre,nombre_atributo,nombre_equipo,valor) values(
'uzumaki coat','strategy defense','uzumaki set',52000);
insert into partes(nombre,nombre_atributo,nombre_equipo,valor) values(
'uzumaki boots','speed','uzumaki set',53000);
insert into partes(nombre,nombre_atributo,nombre_equipo,valor) values(
'uzumaki belt','power','uzumaki set',540000);

insert into bonuses(id,nombre_equipo,nombre) values(2,'uzumaki set','2 effect : ');
insert into bonuses(id,nombre_equipo,nombre) values(4,'uzumaki set','4 effect : ');
insert into bonuses(id,nombre_equipo,nombre) values(6,'uzumaki set','6 effect : ');

insert into bonus_atributo(id_bonus,nombre_equipo,nombre_atributo,valor) values(2,'uzumaki set','aid rate',20);
insert into bonus_atributo(id_bonus,nombre_equipo,nombre_atributo,valor) values(2,'uzumaki set','damage rate',30);
insert into bonus_atributo(id_bonus,nombre_equipo,nombre_atributo,valor) values(2,'uzumaki set','avoid injury rate',30);

insert into bonus_atributo(id_bonus,nombre_equipo,nombre_atributo,valor) values(4,'uzumaki set','agility',24000);
insert into bonus_atributo(id_bonus,nombre_equipo,nombre_atributo,valor) values(4,'uzumaki set','HP',20);
insert into bonus_atributo(id_bonus,nombre_equipo,nombre_atributo,valor) values(4,'uzumaki set','cc resistance',15);

insert into bonus_atributo(id_bonus,nombre_equipo,nombre_atributo,valor) values(6,'uzumaki set','agility',26000);
insert into bonus_atributo(id_bonus,nombre_equipo,nombre_atributo,valor) values(6,'uzumaki set','weaken enemy attack',30);
insert into bonus_atributo(id_bonus,nombre_equipo,nombre_atributo,valor) values(6,'uzumaki set',
'after being attacked, 40% chance to enter cc-free state for 2 rounds',0);

/*Equipo uzumaki*/

/*Equipo hyuga*/
insert into  equipos(nombre) values('hyuga set');

insert into partes(nombre,nombre_atributo,nombre_equipo,valor) values(
'hyuga kunai','physical attack','hyuga set',53000);
insert into partes(nombre,nombre_atributo,nombre_equipo,valor) values(
'hyuga shuriken','physical attack','hyuga set',53000);
insert into partes(nombre,nombre_atributo,nombre_equipo,valor) values(
'hyuga scroll','strategy attack','hyuga set',53000);
insert into partes(nombre,nombre_atributo,nombre_equipo,valor) values(
'hyuga headband','physical defense','hyuga set',52000);
insert into partes(nombre,nombre_atributo,nombre_equipo,valor) values(
'hyuga armor','physical defense','hyuga set',52000);
insert into partes(nombre,nombre_atributo,nombre_equipo,valor) values(
'hyuga coat','strategy defense','hyuga set',52000);
insert into partes(nombre,nombre_atributo,nombre_equipo,valor) values(
'hyuga boots','speed','hyuga set',53000);
insert into partes(nombre,nombre_atributo,nombre_equipo,valor) values(
'hyuga belt','power','hyuga set',540000);

insert into bonuses(id,nombre_equipo,nombre) values(2,'hyuga set','2 effect : ');
insert into bonuses(id,nombre_equipo,nombre) values(4,'hyuga set','4 effect : ');
insert into bonuses(id,nombre_equipo,nombre) values(6,'hyuga set','6 effect : ');

insert into bonus_atributo(id_bonus,nombre_equipo,nombre_atributo,valor) values(2,'hyuga set','damage rate',30);
insert into bonus_atributo(id_bonus,nombre_equipo,nombre_atributo,valor) values(2,'hyuga set','weaken enemy defense',30);


insert into bonus_atributo(id_bonus,nombre_equipo,nombre_atributo,valor) values(4,'hyuga set','attack',25);
insert into bonus_atributo(id_bonus,nombre_equipo,nombre_atributo,valor) values(4,'hyuga set','HP',20);


insert into bonus_atributo(id_bonus,nombre_equipo,nombre_atributo,valor) values(6,'hyuga set','damage rate',40);
insert into bonus_atributo(id_bonus,nombre_equipo,nombre_atributo,valor) values(6,
'hyuga set','after skill, deal 40% penetration Damage to 3 enemies',0);

/*Equipo hyuga*/

/*Equipo uchiha*/
insert into  equipos(nombre) values('uchiha set');

insert into partes(nombre,nombre_atributo,nombre_equipo,valor) values(
'uchiha kunai','physical attack','uchiha set',51000);
insert into partes(nombre,nombre_atributo,nombre_equipo,valor) values(
'uchiha shuriken','physical attack','uchiha set',51000);
insert into partes(nombre,nombre_atributo,nombre_equipo,valor) values(
'uchiha scroll','strategy attack','uchiha set',51000);
insert into partes(nombre,nombre_atributo,nombre_equipo,valor) values(
'uchiha headband','physical defense','uchiha set',50000);
insert into partes(nombre,nombre_atributo,nombre_equipo,valor) values(
'uchiha armor','physical defense','uchiha set',50000);
insert into partes(nombre,nombre_atributo,nombre_equipo,valor) values(
'uchiha coat','strategy defense','uchiha set',50000);
insert into partes(nombre,nombre_atributo,nombre_equipo,valor) values(
'uchiha boots','speed','uchiha set',51000);
insert into partes(nombre,nombre_atributo,nombre_equipo,valor) values(
'uchiha belt','power','uchiha set',520000);

insert into bonuses(id,nombre_equipo,nombre) values(2,'uchiha set','2 effect : ');
insert into bonuses(id,nombre_equipo,nombre) values(4,'uchiha set','4 effect : ');
insert into bonuses(id,nombre_equipo,nombre) values(6,'uchiha set','6 effect : ');

insert into bonus_atributo(id_bonus,nombre_equipo,nombre_atributo,valor) values(2,'uchiha set','avoid injury rate',30);
insert into bonus_atributo(id_bonus,nombre_equipo,nombre_atributo,valor) values(2,'uchiha set','HP',30);


insert into bonus_atributo(id_bonus,nombre_equipo,nombre_atributo,valor) values(4,'uchiha set','agility',20000);
insert into bonus_atributo(id_bonus,nombre_equipo,nombre_atributo,valor) values(4,'uchiha set','damage rate',40);
insert into bonus_atributo(id_bonus,nombre_equipo,nombre_atributo,valor) values(4,'uchiha set','reduce final damage taken by',30);

insert into bonus_atributo(id_bonus,nombre_equipo,nombre_atributo,valor) values(6,'uchiha set','agility',28000);
insert into bonus_atributo(id_bonus,nombre_equipo,nombre_atributo,valor) values(6,'uchiha set','weaken enemy attack',20);
insert into bonus_atributo(id_bonus,nombre_equipo,nombre_atributo,valor) values(6,'uchiha set',
'after being attacked, 35% chance to enter S-Super Dodge for 1 round',0);
/*Equipo uchiha*/



/*Equipo saint*/
insert into  equipos(nombre) values('saint set');

insert into partes(nombre,nombre_atributo,nombre_equipo,valor) values(
'saint kunai','physical attack','saint set',49000);
insert into partes(nombre,nombre_atributo,nombre_equipo,valor) values(
'saint shuriken','physical attack','saint set',49000);
insert into partes(nombre,nombre_atributo,nombre_equipo,valor) values(
'saint scroll','strategy attack','saint set',49000);
insert into partes(nombre,nombre_atributo,nombre_equipo,valor) values(
'saint headband','physical defense','saint set',48000);
insert into partes(nombre,nombre_atributo,nombre_equipo,valor) values(
'saint armor','physical defense','saint set',48000);
insert into partes(nombre,nombre_atributo,nombre_equipo,valor) values(
'saint coat','strategy defense','saint set',48000);
insert into partes(nombre,nombre_atributo,nombre_equipo,valor) values(
'saint boots','speed','saint set',49000);
insert into partes(nombre,nombre_atributo,nombre_equipo,valor) values(
'saint belt','power','saint set',500000);

insert into bonuses(id,nombre_equipo,nombre) values(2,'saint set','2 effect : ');
insert into bonuses(id,nombre_equipo,nombre) values(4,'saint set','4 effect : ');
insert into bonuses(id,nombre_equipo,nombre) values(6,'saint set','6 effect : ');

insert into bonus_atributo(id_bonus,nombre_equipo,nombre_atributo,valor) values(2,'saint set','punch rate',25);
insert into bonus_atributo(id_bonus,nombre_equipo,nombre_atributo,valor) values(2,'saint set','attack',20);
insert into bonus_atributo(id_bonus,nombre_equipo,nombre_atributo,valor) values(2,'saint set','HP',20);

insert into bonus_atributo(id_bonus,nombre_equipo,nombre_atributo,valor) values(4,'saint set','agility',20000);
insert into bonus_atributo(id_bonus,nombre_equipo,nombre_atributo,valor) values(4,'saint set','damage rate',30);
insert into bonus_atributo(id_bonus,nombre_equipo,nombre_atributo,valor) values(4,'saint set',
'after using skill, recovers himself HP by 120%',0);

insert into bonus_atributo(id_bonus,nombre_equipo,nombre_atributo,valor) values(6,'saint set','agility',30000);
insert into bonus_atributo(id_bonus,nombre_equipo,nombre_atributo,valor) values(6,'saint set','weaken enemy defense',40);
insert into bonus_atributo(id_bonus,nombre_equipo,nombre_atributo,valor) values(6,'saint set',
'after Skill, remove all debuffs from Support and give them immunity to CC for 1 round',0);

/*Equipo saint*/

/*Equipo sunagakure*/
insert into  equipos(nombre) values('sunagakure set');

insert into partes(nombre,nombre_atributo,nombre_equipo,valor) values(
'sunagakure kunai','physical attack','sunagakure set',61000);
insert into partes(nombre,nombre_atributo,nombre_equipo,valor) values(
'sunagakure shuriken','physical attack','sunagakure set',61000);
insert into partes(nombre,nombre_atributo,nombre_equipo,valor) values(
'sunagakure scroll','strategy attack','sunagakure set',61000);
insert into partes(nombre,nombre_atributo,nombre_equipo,valor) values(
'sunagakure headband','physical defense','sunagakure set',61000);
insert into partes(nombre,nombre_atributo,nombre_equipo,valor) values(
'sunagakure armor','physical defense','sunagakure set',61000);
insert into partes(nombre,nombre_atributo,nombre_equipo,valor) values(
'sunagakure coat','strategy defense','sunagakure set',61000);
insert into partes(nombre,nombre_atributo,nombre_equipo,valor) values(
'sunagakure boots','speed','sunagakure set',61000);
insert into partes(nombre,nombre_atributo,nombre_equipo,valor) values(
'sunagakure belt','power','sunagakure set',610000);

insert into bonuses(id,nombre_equipo,nombre) values(2,'sunagakure set','2 effect : ');
insert into bonuses(id,nombre_equipo,nombre) values(4,'sunagakure set','4 effect : ');
insert into bonuses(id,nombre_equipo,nombre) values(6,'sunagakure set','6 effect : ');

insert into bonus_atributo(id_bonus,nombre_equipo,nombre_atributo,valor) values(2,'sunagakure set','force',20000);
insert into bonus_atributo(id_bonus,nombre_equipo,nombre_atributo,valor) values(2,'sunagakure set','agility',15000);
insert into bonus_atributo(id_bonus,nombre_equipo,nombre_atributo,valor) values(2,'sunagakure set','HP',30);
insert into bonus_atributo(id_bonus,nombre_equipo,nombre_atributo,valor) values(2,'sunagakure set','avoid injury rate',35);

insert into bonus_atributo(id_bonus,nombre_equipo,nombre_atributo,valor) values(4,'sunagakure set','force',20000);
insert into bonus_atributo(id_bonus,nombre_equipo,nombre_atributo,valor) values(4,'sunagakure set','agility',15000);
insert into bonus_atributo(id_bonus,nombre_equipo,nombre_atributo,valor) values(4,'sunagakure set','power',40000);
insert into bonus_atributo(id_bonus,nombre_equipo,nombre_atributo,valor) values(4,'sunagakure set','attack',20);
insert into bonus_atributo(id_bonus,nombre_equipo,nombre_atributo,valor) values(4,'sunagakure set',
'after being attacked disperse ally fire chakra ninjas debuff',0);

insert into bonus_atributo(id_bonus,nombre_equipo,nombre_atributo,valor) values(6,'sunagakure set','force',25000);
insert into bonus_atributo(id_bonus,nombre_equipo,nombre_atributo,valor) values(6,'sunagakure set','agility',23000);
insert into bonus_atributo(id_bonus,nombre_equipo,nombre_atributo,valor) values(6,'sunagakure set','power',50000);
insert into bonus_atributo(id_bonus,nombre_equipo,nombre_atributo,valor) values(6,'sunagakure set','weaken enemy attack',30);
insert into bonus_atributo(id_bonus,nombre_equipo,nombre_atributo,valor) values(6,'sunagakure set',
'after be attacked has 30% chance to make ally fire chakra ninjas enter position interchange',0);

/*Equipo sunagakure*/

/*Equipo amenunohoko*/
insert into  equipos(nombre) values('amenunohoko set');

insert into partes(nombre,nombre_atributo,nombre_equipo,valor) values(
'amenunohoko kunai','physical attack','amenunohoko set',63000);
insert into partes(nombre,nombre_atributo,nombre_equipo,valor) values(
'amenunohoko shuriken','physical attack','amenunohoko set',63000);
insert into partes(nombre,nombre_atributo,nombre_equipo,valor) values(
'amenunohoko scroll','strategy attack','amenunohoko set',63000);
insert into partes(nombre,nombre_atributo,nombre_equipo,valor) values(
'amenunohoko headband','physical defense','amenunohoko set',63000);
insert into partes(nombre,nombre_atributo,nombre_equipo,valor) values(
'amenunohoko armor','physical defense','amenunohoko set',63000);
insert into partes(nombre,nombre_atributo,nombre_equipo,valor) values(
'amenunohoko coat','strategy defense','amenunohoko set',63000);
insert into partes(nombre,nombre_atributo,nombre_equipo,valor) values(
'amenunohoko boots','speed','amenunohoko set',63000);
insert into partes(nombre,nombre_atributo,nombre_equipo,valor) values(
'amenunohoko belt','power','amenunohoko set',630000);

insert into bonuses(id,nombre_equipo,nombre) values(2,'amenunohoko set','2 effect : ');
insert into bonuses(id,nombre_equipo,nombre) values(4,'amenunohoko set','4 effect : ');
insert into bonuses(id,nombre_equipo,nombre) values(6,'amenunohoko set','6 effect : ');

insert into bonus_atributo(id_bonus,nombre_equipo,nombre_atributo,valor) values(2,'amenunohoko set','attack',25);
insert into bonus_atributo(id_bonus,nombre_equipo,nombre_atributo,valor) values(2,'amenunohoko set','avoid injury rate',30);
insert into bonus_atributo(id_bonus,nombre_equipo,nombre_atributo,valor) values(2,'amenunohoko set',
'after released a skill, there has 80% chance to make random enemy ninja enter wind bond state for 2 round',0);

insert into bonus_atributo(id_bonus,nombre_equipo,nombre_atributo,valor) values(4,'amenunohoko set','agility',30000);
insert into bonus_atributo(id_bonus,nombre_equipo,nombre_atributo,valor) values(4,'amenunohoko set','damage rate',40);
insert into bonus_atributo(id_bonus,nombre_equipo,nombre_atributo,valor) values(4,'amenunohoko set',
'after released a skill, increase ally assaulter speed by 30% for 2 round',0);

insert into bonus_atributo(id_bonus,nombre_equipo,nombre_atributo,valor) values(6,'amenunohoko set','agility',30000);
insert into bonus_atributo(id_bonus,nombre_equipo,nombre_atributo,valor) values(6,'amenunohoko set','weaken enemy attack',30);
insert into bonus_atributo(id_bonus,nombre_equipo,nombre_atributo,valor) values(6,'amenunohoko set',
'after released a skill, make random ally ninja enter bond state for 2 round',0);

/*Equipo amenunohoko*/

/*Equipo senju*/
insert into  equipos(nombre) values('senju set');

insert into partes(nombre,nombre_atributo,nombre_equipo,valor) values(
'senju kunai','physical attack','senju set',47000);
insert into partes(nombre,nombre_atributo,nombre_equipo,valor) values(
'senju shuriken','physical attack','senju set',47000);
insert into partes(nombre,nombre_atributo,nombre_equipo,valor) values(
'senju scroll','strategy attack','senju set',47000);
insert into partes(nombre,nombre_atributo,nombre_equipo,valor) values(
'senju headband','physical defense','senju set',46000);
insert into partes(nombre,nombre_atributo,nombre_equipo,valor) values(
'senju armor','physical defense','senju set',46000);
insert into partes(nombre,nombre_atributo,nombre_equipo,valor) values(
'senju coat','strategy defense','senju set',46000);
insert into partes(nombre,nombre_atributo,nombre_equipo,valor) values(
'senju boots','speed','senju set',47000);
insert into partes(nombre,nombre_atributo,nombre_equipo,valor) values(
'senju belt','power','senju set',480000);

insert into bonuses(id,nombre_equipo,nombre) values(2,'senju set','2 effect : ');
insert into bonuses(id,nombre_equipo,nombre) values(4,'senju set','4 effect : ');
insert into bonuses(id,nombre_equipo,nombre) values(6,'senju set','6 effect : ');

insert into bonus_atributo(id_bonus,nombre_equipo,nombre_atributo,valor) values(2,'senju set','avoid injury rate',30);
insert into bonus_atributo(id_bonus,nombre_equipo,nombre_atributo,valor) values(2,'senju set','cc resistance',15);

insert into bonus_atributo(id_bonus,nombre_equipo,nombre_atributo,valor) values(4,'senju set','force',20000);
insert into bonus_atributo(id_bonus,nombre_equipo,nombre_atributo,valor) values(4,'senju set','HP',30);
insert into bonus_atributo(id_bonus,nombre_equipo,nombre_atributo,valor) values(4,'senju set',
'defense',30);

insert into bonus_atributo(id_bonus,nombre_equipo,nombre_atributo,valor) values(6,'senju set','force',40000);
insert into bonus_atributo(id_bonus,nombre_equipo,nombre_atributo,valor) values(6,'senju set','weaken enemy attack',35);
insert into bonus_atributo(id_bonus,nombre_equipo,nombre_atributo,valor) values(6,'senju set',
'S.Block(After blocking attack, deduct 20% attackers current HP)',0);

/*Equipo senju*/

/*Equipo ashura*/
insert into  equipos(nombre) values('ashura set');

insert into partes(nombre,nombre_atributo,nombre_equipo,valor) values(
'ashura kunai','physical attack','ashura set',45000);
insert into partes(nombre,nombre_atributo,nombre_equipo,valor) values(
'ashura shuriken','physical attack','ashura set',45000);
insert into partes(nombre,nombre_atributo,nombre_equipo,valor) values(
'ashura scroll','strategy attack','ashura set',45000);
insert into partes(nombre,nombre_atributo,nombre_equipo,valor) values(
'ashura headband','physical defense','ashura set',44000);
insert into partes(nombre,nombre_atributo,nombre_equipo,valor) values(
'ashura armor','physical defense','ashura set',44000);
insert into partes(nombre,nombre_atributo,nombre_equipo,valor) values(
'ashura coat','strategy defense','ashura set',44000);
insert into partes(nombre,nombre_atributo,nombre_equipo,valor) values(
'ashura boots','speed','ashura set',45000);
insert into partes(nombre,nombre_atributo,nombre_equipo,valor) values(
'ashura belt','power','ashura set',460000);

insert into bonuses(id,nombre_equipo,nombre) values(2,'ashura set','2 effect : ');
insert into bonuses(id,nombre_equipo,nombre) values(4,'ashura set','4 effect : ');
insert into bonuses(id,nombre_equipo,nombre) values(6,'ashura set','6 effect : ');

insert into bonus_atributo(id_bonus,nombre_equipo,nombre_atributo,valor) values(2,'ashura set','agility',10000);
insert into bonus_atributo(id_bonus,nombre_equipo,nombre_atributo,valor) values(2,'ashura set','defense',30);

insert into bonus_atributo(id_bonus,nombre_equipo,nombre_atributo,valor) values(4,'ashura set','agility',18000);
insert into bonus_atributo(id_bonus,nombre_equipo,nombre_atributo,valor) values(4,'ashura set','avoid injury rate',30);
insert into bonus_atributo(id_bonus,nombre_equipo,nombre_atributo,valor) values(4,'ashura set','cc resistance',30);


insert into bonus_atributo(id_bonus,nombre_equipo,nombre_atributo,valor) values(6,'ashura set','agility',24000);
insert into bonus_atributo(id_bonus,nombre_equipo,nombre_atributo,valor) values(6,'ashura set','avoid injury rate',40);
insert into bonus_atributo(id_bonus,nombre_equipo,nombre_atributo,valor) values(6,'ashura set',
'after being attacked, restore own HP by 40%',0);

/*Equipo ashura*/

/*Equipo indora*/
insert into  equipos(nombre) values('indora set');

insert into partes(nombre,nombre_atributo,nombre_equipo,valor) values(
'indora kunai','physical attack','indora set',44000);
insert into partes(nombre,nombre_atributo,nombre_equipo,valor) values(
'indora shuriken','physical attack','indora set',44000);
insert into partes(nombre,nombre_atributo,nombre_equipo,valor) values(
'indora scroll','strategy attack','indora set',44000);
insert into partes(nombre,nombre_atributo,nombre_equipo,valor) values(
'indora headband','physical defense','indora set',42000);
insert into partes(nombre,nombre_atributo,nombre_equipo,valor) values(
'indora armor','physical defense','indora set',42000);
insert into partes(nombre,nombre_atributo,nombre_equipo,valor) values(
'indora coat','strategy defense','indora set',42000);
insert into partes(nombre,nombre_atributo,nombre_equipo,valor) values(
'indora boots','speed','indora set',44000);
insert into partes(nombre,nombre_atributo,nombre_equipo,valor) values(
'indora belt','power','indora set',440000);

insert into bonuses(id,nombre_equipo,nombre) values(2,'indora set','2 effect : ');
insert into bonuses(id,nombre_equipo,nombre) values(4,'indora set','4 effect : ');
insert into bonuses(id,nombre_equipo,nombre) values(6,'indora set','6 effect : ');

insert into bonus_atributo(id_bonus,nombre_equipo,nombre_atributo,valor) values(2,'indora set','avoid injury rate',30);
insert into bonus_atributo(id_bonus,nombre_equipo,nombre_atributo,valor) values(2,'indora set','HP',20);

insert into bonus_atributo(id_bonus,nombre_equipo,nombre_atributo,valor) values(4,'indora set','agility',18000);
insert into bonus_atributo(id_bonus,nombre_equipo,nombre_atributo,valor) values(4,'indora set','damage rate',40);
insert into bonus_atributo(id_bonus,nombre_equipo,nombre_atributo,valor) values(4,'indora set','attack',30);

insert into bonus_atributo(id_bonus,nombre_equipo,nombre_atributo,valor) values(6,'indora set','agility',30000);
insert into bonus_atributo(id_bonus,nombre_equipo,nombre_atributo,valor) values(6,'indora set','increase cc rate',40);
insert into bonus_atributo(id_bonus,nombre_equipo,nombre_atributo,valor) values(6,'indora set',
'after attack Poison enemy for 2 rounds by 80%',0);

/*Equipo indora*/


/*Equipo bloodfang*/
insert into  equipos(nombre) values('bloodfang set');

insert into partes(nombre,nombre_atributo,nombre_equipo,valor) values(
'bloodfang kunai','physical attack','bloodfang set',44000);
insert into partes(nombre,nombre_atributo,nombre_equipo,valor) values(
'bloodfang shuriken','physical attack','bloodfang set',44000);
insert into partes(nombre,nombre_atributo,nombre_equipo,valor) values(
'bloodfang scroll','strategy attack','bloodfang set',44000);
insert into partes(nombre,nombre_atributo,nombre_equipo,valor) values(
'bloodfang headband','physical defense','bloodfang set',42000);
insert into partes(nombre,nombre_atributo,nombre_equipo,valor) values(
'bloodfang armor','physical defense','bloodfang set',42000);
insert into partes(nombre,nombre_atributo,nombre_equipo,valor) values(
'bloodfang coat','strategy defense','bloodfang set',42000);
insert into partes(nombre,nombre_atributo,nombre_equipo,valor) values(
'bloodfang boots','speed','bloodfang set',44000);
insert into partes(nombre,nombre_atributo,nombre_equipo,valor) values(
'bloodfang belt','power','bloodfang set',440000);

insert into bonuses(id,nombre_equipo,nombre) values(2,'bloodfang set','2 effect : ');
insert into bonuses(id,nombre_equipo,nombre) values(4,'bloodfang set','4 effect : ');
insert into bonuses(id,nombre_equipo,nombre) values(6,'bloodfang set','6 effect : ');

insert into bonus_atributo(id_bonus,nombre_equipo,nombre_atributo,valor) values(2,'bloodfang set','avoid injury rate',30);
insert into bonus_atributo(id_bonus,nombre_equipo,nombre_atributo,valor) values(2,'bloodfang set','HP',20);

insert into bonus_atributo(id_bonus,nombre_equipo,nombre_atributo,valor) values(4,'bloodfang set','agility',18000);
insert into bonus_atributo(id_bonus,nombre_equipo,nombre_atributo,valor) values(4,'bloodfang set','damage rate',40);
insert into bonus_atributo(id_bonus,nombre_equipo,nombre_atributo,valor) values(4,'bloodfang set','attack',30);

insert into bonus_atributo(id_bonus,nombre_equipo,nombre_atributo,valor) values(6,'bloodfang set','agility',30000);
insert into bonus_atributo(id_bonus,nombre_equipo,nombre_atributo,valor) values(6,'bloodfang set','increase cc rate',40);
insert into bonus_atributo(id_bonus,nombre_equipo,nombre_atributo,valor) values(6,'bloodfang set',
'after attack Poison enemy for 2 rounds by 80%',0);

/*Equipo bloodfang*/

/*
select *from equipos where 
exists(select * from bonus_atributo where bonus_atributo.nombre_equipo=equipos.nombre 
and bonus_atributo.nombre_atributo='avoid injury rate')
and 
exists(select * from bonus_atributo where bonus_atributo.nombre_equipo=equipos.nombre 
and bonus_atributo.nombre_atributo='damage rate')
and 
exists(select * from bonus_atributo where bonus_atributo.nombre_equipo=equipos.nombre 
and bonus_atributo.nombre_atributo='attack')
and 
exists(select * from bonus_atributo where bonus_atributo.nombre_equipo=equipos.nombre 
and bonus_atributo.nombre_atributo='HP');


select *from bonus_atributo where nombre_equipo='kumogakure set' and id_bonus = 4;
select distinct * from equipos join bonuses on equipos.nombre=bonuses.nombre_equipo
join bonus_atributo on bonus_atributo.id_bonus=bonuses.id and bonus_atributo.nombre_equipo=bonuses.nombre_equipo 
where bonus_atributo.nombre_atributo='avoid injury rate' or  bonus_atributo.nombre_atributo='damage rate';*/


/*Indora*/

insert into  set_accesorios(nombre) values('indora accessories');
insert into partes_accesorios(nombre,nombre_set,nombre_atributo,tipo,valor) 
values('indora headband','indora accessories','force','force',43000);
insert into partes_accesorios(nombre,nombre_set,nombre_atributo,tipo,valor) 
values('indora necklace','indora accessories','force','force',43000);

insert into partes_accesorios(nombre,nombre_set,nombre_atributo,tipo,valor) 
values('indora pendant','indora accessories','chakra','chakra',43000);
insert into partes_accesorios(nombre,nombre_set,nombre_atributo,tipo,valor) 
values('indora amulet','indora accessories','chakra','chakra',43000);

insert into partes_accesorios(nombre,nombre_set,nombre_atributo,tipo,valor) 
values('indora bangle','indora accessories','agility','agility',45000);
insert into partes_accesorios(nombre,nombre_set,nombre_atributo,tipo,valor) 
values('indora bracelet','indora accessories','agility','agility',45000);

insert into partes_accesorios(nombre,nombre_set,nombre_atributo,tipo,valor) 
values('indora gloves','indora accessories','power','power',450000);
insert into partes_accesorios(nombre,nombre_set,nombre_atributo,tipo,valor) 
values('indora ring','indora accessories','power','power',450000);

insert into bonusaccesorios(tipo,nombre_set_accesorios) values('force','indora accessories');
insert into bonusaccesorios(tipo,nombre_set_accesorios) values('chakra','indora accessories');
insert into bonusaccesorios(tipo,nombre_set_accesorios) values('agility','indora accessories');
insert into bonusaccesorios(tipo,nombre_set_accesorios) values('power','indora accessories');
insert into bonusaccesorios(tipo,nombre_set_accesorios) values('full set bonus','indora accessories');

insert into bonusaccesorios_Atributo(tipo_bonus,nombre_set_accesorios,nombre_atributo,valor) 
values('force','indora accessories','avoid injury rate',25);
insert into bonusaccesorios_Atributo(tipo_bonus,nombre_set_accesorios,nombre_atributo,valor) 
values('force','indora accessories','attack',20);

insert into bonusaccesorios_Atributo(tipo_bonus,nombre_set_accesorios,nombre_atributo,valor) 
values('chakra','indora accessories','damage rate',25);
insert into bonusaccesorios_Atributo(tipo_bonus,nombre_set_accesorios,nombre_atributo,valor) 
values('chakra','indora accessories','defense',20);

insert into bonusaccesorios_Atributo(tipo_bonus,nombre_set_accesorios,nombre_atributo,valor) 
values('agility','indora accessories','damage rate',20);
insert into bonusaccesorios_Atributo(tipo_bonus,nombre_set_accesorios,nombre_atributo,valor) 
values('agility','indora accessories','HP',20);

insert into bonusaccesorios_Atributo(tipo_bonus,nombre_set_accesorios,nombre_atributo,valor) 
values('power','indora accessories','avoid injury rate',20);
insert into bonusaccesorios_Atributo(tipo_bonus,nombre_set_accesorios,nombre_atributo,valor) 
values('power','indora accessories','weaken enemy attack',20);

insert into bonusaccesorios_Atributo(tipo_bonus,nombre_set_accesorios,nombre_atributo,valor) 
values('full set bonus','indora accessories','cc resistance',40);


/*Kaguya*/
 
insert into  set_accesorios(nombre) values('kaguya accessories');
insert into partes_accesorios(nombre,nombre_set,nombre_atributo,tipo,valor) 
values('kaguya headband','kaguya accessories','force','force',44000);
insert into partes_accesorios(nombre,nombre_set,nombre_atributo,tipo,valor) 
values('kaguya necklace','kaguya accessories','force','force',44000);

insert into partes_accesorios(nombre,nombre_set,nombre_atributo,tipo,valor) 
values('kaguya pendant','kaguya accessories','chakra','chakra',44000);
insert into partes_accesorios(nombre,nombre_set,nombre_atributo,tipo,valor) 
values('kaguya amulet','kaguya accessories','chakra','chakra',44000);

insert into partes_accesorios(nombre,nombre_set,nombre_atributo,tipo,valor) 
values('kaguya bangle','kaguya accessories','agility','agility',46000);
insert into partes_accesorios(nombre,nombre_set,nombre_atributo,tipo,valor) 
values('kaguya bracelet','kaguya accessories','agility','agility',46000);

insert into partes_accesorios(nombre,nombre_set,nombre_atributo,tipo,valor) 
values('kaguya gloves','kaguya accessories','power','power',460000);
insert into partes_accesorios(nombre,nombre_set,nombre_atributo,tipo,valor) 
values('kaguya ring','kaguya accessories','power','power',460000);

insert into bonusaccesorios(tipo,nombre_set_accesorios) values('force','kaguya accessories');
insert into bonusaccesorios(tipo,nombre_set_accesorios) values('chakra','kaguya accessories');
insert into bonusaccesorios(tipo,nombre_set_accesorios) values('agility','kaguya accessories');
insert into bonusaccesorios(tipo,nombre_set_accesorios) values('power','kaguya accessories');
insert into bonusaccesorios(tipo,nombre_set_accesorios) values('full set bonus','kaguya accessories');

insert into bonusaccesorios_Atributo(tipo_bonus,nombre_set_accesorios,nombre_atributo,valor) 
values('force','kaguya accessories','attack',10);
insert into bonusaccesorios_Atributo(tipo_bonus,nombre_set_accesorios,nombre_atributo,valor) 
values('force','kaguya accessories','increase the success rate of control skills by',30);

insert into bonusaccesorios_Atributo(tipo_bonus,nombre_set_accesorios,nombre_atributo,valor) 
values('chakra','kaguya accessories','attack',10);
insert into bonusaccesorios_Atributo(tipo_bonus,nombre_set_accesorios,nombre_atributo,valor) 
values('chakra','kaguya accessories','damage rate',40);

insert into bonusaccesorios_Atributo(tipo_bonus,nombre_set_accesorios,nombre_atributo,valor) 
values('agility','kaguya accessories','attack',10);
insert into bonusaccesorios_Atributo(tipo_bonus,nombre_set_accesorios,nombre_atributo,valor) 
values('agility','kaguya accessories','punch rate',20);

insert into bonusaccesorios_Atributo(tipo_bonus,nombre_set_accesorios,nombre_atributo,valor) 
values('power','kaguya accessories','attack',10);
insert into bonusaccesorios_Atributo(tipo_bonus,nombre_set_accesorios,nombre_atributo,valor) 
values('power','kaguya accessories','avoid injury rate',30);

insert into bonusaccesorios_Atributo(tipo_bonus,nombre_set_accesorios,nombre_atributo,valor) 
values('full set bonus','kaguya accessories','weaken enemy defense',30);



/*corruptor*/

insert into  set_accesorios(nombre) values('corruptor accessories');
insert into partes_accesorios(nombre,nombre_set,nombre_atributo,tipo,valor) 
values('corruptor headband','corruptor accessories','force','force',38000);
insert into partes_accesorios(nombre,nombre_set,nombre_atributo,tipo,valor) 
values('corruptor necklace','corruptor accessories','force','force',38000);

insert into partes_accesorios(nombre,nombre_set,nombre_atributo,tipo,valor) 
values('corruptor pendant','corruptor accessories','chakra','chakra',38000);
insert into partes_accesorios(nombre,nombre_set,nombre_atributo,tipo,valor) 
values('corruptor amulet','corruptor accessories','chakra','chakra',38000);

insert into partes_accesorios(nombre,nombre_set,nombre_atributo,tipo,valor) 
values('corruptor bangle','corruptor accessories','agility','agility',40000);
insert into partes_accesorios(nombre,nombre_set,nombre_atributo,tipo,valor) 
values('corruptor bracelet','corruptor accessories','agility','agility',40000);

insert into partes_accesorios(nombre,nombre_set,nombre_atributo,tipo,valor) 
values('corruptor gloves','corruptor accessories','power','power',400000);
insert into partes_accesorios(nombre,nombre_set,nombre_atributo,tipo,valor) 
values('corruptor ring','corruptor accessories','power','power',400000);

insert into bonusaccesorios(tipo,nombre_set_accesorios) values('force','corruptor accessories');
insert into bonusaccesorios(tipo,nombre_set_accesorios) values('chakra','corruptor accessories');
insert into bonusaccesorios(tipo,nombre_set_accesorios) values('agility','corruptor accessories');
insert into bonusaccesorios(tipo,nombre_set_accesorios) values('power','corruptor accessories');
insert into bonusaccesorios(tipo,nombre_set_accesorios) values('full set bonus','corruptor accessories');

insert into bonusaccesorios_Atributo(tipo_bonus,nombre_set_accesorios,nombre_atributo,valor) 
values('force','corruptor accessories','agility',10000);
insert into bonusaccesorios_Atributo(tipo_bonus,nombre_set_accesorios,nombre_atributo,valor) 
values('force','corruptor accessories','defense',20);

insert into bonusaccesorios_Atributo(tipo_bonus,nombre_set_accesorios,nombre_atributo,valor) 
values('chakra','corruptor accessories','damage rate',20);
insert into bonusaccesorios_Atributo(tipo_bonus,nombre_set_accesorios,nombre_atributo,valor) 
values('chakra','corruptor accessories','HP',20);

insert into bonusaccesorios_Atributo(tipo_bonus,nombre_set_accesorios,nombre_atributo,valor) 
values('agility','corruptor accessories','avoid injury rate',20);
insert into bonusaccesorios_Atributo(tipo_bonus,nombre_set_accesorios,nombre_atributo,valor) 
values('agility','corruptor accessories','attack',20);

insert into bonusaccesorios_Atributo(tipo_bonus,nombre_set_accesorios,nombre_atributo,valor) 
values('power','corruptor accessories','avoid injury rate',20);
insert into bonusaccesorios_Atributo(tipo_bonus,nombre_set_accesorios,nombre_atributo,valor) 
values('power','corruptor accessories','after recieving attack, small chance 40% to clear debuffs',0);




/*otsutsuki*/

insert into  set_accesorios(nombre) values('otsutsuki accessories');
insert into partes_accesorios(nombre,nombre_set,nombre_atributo,tipo,valor) 
values('otsutsuki headband','otsutsuki accessories','force','force',42000);
insert into partes_accesorios(nombre,nombre_set,nombre_atributo,tipo,valor) 
values('otsutsuki necklace','otsutsuki accessories','force','force',42000);

insert into partes_accesorios(nombre,nombre_set,nombre_atributo,tipo,valor) 
values('otsutsuki pendant','otsutsuki accessories','chakra','chakra',42000);
insert into partes_accesorios(nombre,nombre_set,nombre_atributo,tipo,valor) 
values('otsutsuki amulet','otsutsuki accessories','chakra','chakra',42000);

insert into partes_accesorios(nombre,nombre_set,nombre_atributo,tipo,valor) 
values('otsutsuki bangle','otsutsuki accessories','agility','agility',42000);
insert into partes_accesorios(nombre,nombre_set,nombre_atributo,tipo,valor) 
values('otsutsuki bracelet','otsutsuki accessories','agility','agility',42000);

insert into partes_accesorios(nombre,nombre_set,nombre_atributo,tipo,valor) 
values('otsutsuki gloves','otsutsuki accessories','power','power',420000);
insert into partes_accesorios(nombre,nombre_set,nombre_atributo,tipo,valor) 
values('otsutsuki ring','otsutsuki accessories','power','power',420000);

insert into bonusaccesorios(tipo,nombre_set_accesorios) values('force','otsutsuki accessories');
insert into bonusaccesorios(tipo,nombre_set_accesorios) values('chakra','otsutsuki accessories');
insert into bonusaccesorios(tipo,nombre_set_accesorios) values('agility','otsutsuki accessories');
insert into bonusaccesorios(tipo,nombre_set_accesorios) values('power','otsutsuki accessories');
insert into bonusaccesorios(tipo,nombre_set_accesorios) values('full set bonus','otsutsuki accessories');

insert into bonusaccesorios_Atributo(tipo_bonus,nombre_set_accesorios,nombre_atributo,valor) 
values('force','otsutsuki accessories','avoid injury rate',22);
insert into bonusaccesorios_Atributo(tipo_bonus,nombre_set_accesorios,nombre_atributo,valor) 
values('force','otsutsuki accessories','after being attacked, increase self speed by 20% for 1 rounds',0);

insert into bonusaccesorios_Atributo(tipo_bonus,nombre_set_accesorios,nombre_atributo,valor) 
values('chakra','otsutsuki accessories','agility',22000);
insert into bonusaccesorios_Atributo(tipo_bonus,nombre_set_accesorios,nombre_atributo,valor) 
values('chakra','otsutsuki accessories','attack',20);

insert into bonusaccesorios_Atributo(tipo_bonus,nombre_set_accesorios,nombre_atributo,valor) 
values('agility','otsutsuki accessories','power',50000);
insert into bonusaccesorios_Atributo(tipo_bonus,nombre_set_accesorios,nombre_atributo,valor) 
values('agility','otsutsuki accessories','weaken enemy defense',20);

insert into bonusaccesorios_Atributo(tipo_bonus,nombre_set_accesorios,nombre_atributo,valor) 
values('power','otsutsuki accessories','damage rate',20);
insert into bonusaccesorios_Atributo(tipo_bonus,nombre_set_accesorios,nombre_atributo,valor) 
values('power','otsutsuki accessories','cc resistance',20);



/*deathbone*/

insert into  set_accesorios(nombre) values('deathbone accessories');
insert into partes_accesorios(nombre,nombre_set,nombre_atributo,tipo,valor) 
values('deathbone headband','deathbone accessories','force','force',28000);
insert into partes_accesorios(nombre,nombre_set,nombre_atributo,tipo,valor) 
values('deathbone necklace','deathbone accessories','force','force',28000);

insert into partes_accesorios(nombre,nombre_set,nombre_atributo,tipo,valor) 
values('deathbone pendant','deathbone accessories','chakra','chakra',28000);
insert into partes_accesorios(nombre,nombre_set,nombre_atributo,tipo,valor) 
values('deathbone amulet','deathbone accessories','chakra','chakra',28000);

insert into partes_accesorios(nombre,nombre_set,nombre_atributo,tipo,valor) 
values('deathbone bangle','deathbone accessories','agility','agility',32000);
insert into partes_accesorios(nombre,nombre_set,nombre_atributo,tipo,valor) 
values('deathbone bracelet','deathbone accessories','agility','agility',32000);

insert into partes_accesorios(nombre,nombre_set,nombre_atributo,tipo,valor) 
values('deathbone gloves','deathbone accessories','power','power',320000);
insert into partes_accesorios(nombre,nombre_set,nombre_atributo,tipo,valor) 
values('deathbone ring','deathbone accessories','power','power',320000);

insert into bonusaccesorios(tipo,nombre_set_accesorios) values('force','deathbone accessories');
insert into bonusaccesorios(tipo,nombre_set_accesorios) values('chakra','deathbone accessories');
insert into bonusaccesorios(tipo,nombre_set_accesorios) values('agility','deathbone accessories');
insert into bonusaccesorios(tipo,nombre_set_accesorios) values('power','deathbone accessories');
insert into bonusaccesorios(tipo,nombre_set_accesorios) values('full set bonus','deathbone accessories');

insert into bonusaccesorios_Atributo(tipo_bonus,nombre_set_accesorios,nombre_atributo,valor) 
values('force','deathbone accessories','avoid injury rate',30);
insert into bonusaccesorios_Atributo(tipo_bonus,nombre_set_accesorios,nombre_atributo,valor) 
values('force','deathbone accessories','cc resistance',30);

insert into bonusaccesorios_Atributo(tipo_bonus,nombre_set_accesorios,nombre_atributo,valor) 
values('chakra','deathbone accessories','agility',20000);
insert into bonusaccesorios_Atributo(tipo_bonus,nombre_set_accesorios,nombre_atributo,valor) 
values('chakra','deathbone accessories','reduce reflect damage',50);

insert into bonusaccesorios_Atributo(tipo_bonus,nombre_set_accesorios,nombre_atributo,valor) 
values('agility','deathbone accessories','damage rate',30);
insert into bonusaccesorios_Atributo(tipo_bonus,nombre_set_accesorios,nombre_atributo,valor) 
values('agility','deathbone accessories','attack',10);

insert into bonusaccesorios_Atributo(tipo_bonus,nombre_set_accesorios,nombre_atributo,valor) 
values('power','deathbone accessories','aid rate',20);
insert into bonusaccesorios_Atributo(tipo_bonus,nombre_set_accesorios,nombre_atributo,valor) 
values('power','deathbone accessories',
'when recieveing attack, 80% chance to stun enemy for 1 round',1);






/*skyshatter */

insert into  set_accesorios(nombre) values('skyshatter accessories');
insert into partes_accesorios(nombre,nombre_set,nombre_atributo,tipo,valor) 
values('skyshatter headband','skyshatter accessories','force','force',32000);
insert into partes_accesorios(nombre,nombre_set,nombre_atributo,tipo,valor) 
values('skyshatter necklace','skyshatter accessories','force','force',32000);

insert into partes_accesorios(nombre,nombre_set,nombre_atributo,tipo,valor) 
values('skyshatter pendant','skyshatter accessories','chakra','chakra',32000);
insert into partes_accesorios(nombre,nombre_set,nombre_atributo,tipo,valor) 
values('skyshatter amulet','skyshatter accessories','chakra','chakra',32000);

insert into partes_accesorios(nombre,nombre_set,nombre_atributo,tipo,valor) 
values('skyshatter bangle','skyshatter accessories','agility','agility',36000);
insert into partes_accesorios(nombre,nombre_set,nombre_atributo,tipo,valor) 
values('skyshatter bracelet','skyshatter accessories','agility','agility',36000);

insert into partes_accesorios(nombre,nombre_set,nombre_atributo,tipo,valor) 
values('skyshatter gloves','skyshatter accessories','power','power',360000);
insert into partes_accesorios(nombre,nombre_set,nombre_atributo,tipo,valor) 
values('skyshatter ring','skyshatter accessories','power','power',360000);

insert into bonusaccesorios(tipo,nombre_set_accesorios) values('force','skyshatter accessories');
insert into bonusaccesorios(tipo,nombre_set_accesorios) values('chakra','skyshatter accessories');
insert into bonusaccesorios(tipo,nombre_set_accesorios) values('agility','skyshatter accessories');
insert into bonusaccesorios(tipo,nombre_set_accesorios) values('power','skyshatter accessories');
insert into bonusaccesorios(tipo,nombre_set_accesorios) values('full set bonus','skyshatter accessories');

insert into bonusaccesorios_Atributo(tipo_bonus,nombre_set_accesorios,nombre_atributo,valor) 
values('force','skyshatter accessories','avoid injury rate',20);
insert into bonusaccesorios_Atributo(tipo_bonus,nombre_set_accesorios,nombre_atributo,valor) 
values('force','skyshatter accessories','damage after attack',20);

insert into bonusaccesorios_Atributo(tipo_bonus,nombre_set_accesorios,nombre_atributo,valor) 
values('chakra','skyshatter accessories','agility',20000);
insert into bonusaccesorios_Atributo(tipo_bonus,nombre_set_accesorios,nombre_atributo,valor) 
values('chakra','skyshatter accessories','attack',15);

insert into bonusaccesorios_Atributo(tipo_bonus,nombre_set_accesorios,nombre_atributo,valor) 
values('agility','skyshatter accessories','damage rate',20);
insert into bonusaccesorios_Atributo(tipo_bonus,nombre_set_accesorios,nombre_atributo,valor) 
values('agility','skyshatter accessories','damage after attack',20);

insert into bonusaccesorios_Atributo(tipo_bonus,nombre_set_accesorios,nombre_atributo,valor) 
values('power','skyshatter accessories','aid rate',20);
insert into bonusaccesorios_Atributo(tipo_bonus,nombre_set_accesorios,nombre_atributo,valor) 
values('power','skyshatter accessories','avoid injury rate',20);



/*devout*/

insert into  set_accesorios(nombre) values('devout accessories');
insert into partes_accesorios(nombre,nombre_set,nombre_atributo,tipo,valor) 
values('devout headband','devout accessories','force','force',34000);
insert into partes_accesorios(nombre,nombre_set,nombre_atributo,tipo,valor) 
values('devout necklace','devout accessories','force','force',34000);

insert into partes_accesorios(nombre,nombre_set,nombre_atributo,tipo,valor) 
values('devout pendant','devout accessories','chakra','chakra',34000);
insert into partes_accesorios(nombre,nombre_set,nombre_atributo,tipo,valor) 
values('devout amulet','devout accessories','chakra','chakra',34000);

insert into partes_accesorios(nombre,nombre_set,nombre_atributo,tipo,valor) 
values('devout bangle','devout accessories','agility','agility',38000);
insert into partes_accesorios(nombre,nombre_set,nombre_atributo,tipo,valor) 
values('devout bracelet','devout accessories','agility','agility',38000);

insert into partes_accesorios(nombre,nombre_set,nombre_atributo,tipo,valor) 
values('devout gloves','devout accessories','power','power',380000);
insert into partes_accesorios(nombre,nombre_set,nombre_atributo,tipo,valor) 
values('devout ring','devout accessories','power','power',380000);

insert into bonusaccesorios(tipo,nombre_set_accesorios) values('force','devout accessories');
insert into bonusaccesorios(tipo,nombre_set_accesorios) values('chakra','devout accessories');
insert into bonusaccesorios(tipo,nombre_set_accesorios) values('agility','devout accessories');
insert into bonusaccesorios(tipo,nombre_set_accesorios) values('power','devout accessories');
insert into bonusaccesorios(tipo,nombre_set_accesorios) values('full set bonus','devout accessories');

insert into bonusaccesorios_Atributo(tipo_bonus,nombre_set_accesorios,nombre_atributo,valor) 
values('force','devout accessories','damage rate',20);
insert into bonusaccesorios_Atributo(tipo_bonus,nombre_set_accesorios,nombre_atributo,valor) 
values('force','devout accessories','cc resistance',20);

insert into bonusaccesorios_Atributo(tipo_bonus,nombre_set_accesorios,nombre_atributo,valor) 
values('chakra','devout accessories','avoid injury rate',20);
insert into bonusaccesorios_Atributo(tipo_bonus,nombre_set_accesorios,nombre_atributo,valor) 
values('chakra','devout accessories','damage taken reduction',20);

insert into bonusaccesorios_Atributo(tipo_bonus,nombre_set_accesorios,nombre_atributo,valor) 
values('agility','devout accessories','punch rate',20);
insert into bonusaccesorios_Atributo(tipo_bonus,nombre_set_accesorios,nombre_atributo,valor) 
values('agility','devout accessories','increase ally cc rate',20);

insert into bonusaccesorios_Atributo(tipo_bonus,nombre_set_accesorios,nombre_atributo,valor) 
values('power','devout accessories','avoid injury rate',20);
insert into bonusaccesorios_Atributo(tipo_bonus,nombre_set_accesorios,nombre_atributo,valor) 
values('power','devout accessories','HP',20);





/*heroism*/

insert into  set_accesorios(nombre) values('heroism accessories');
insert into partes_accesorios(nombre,nombre_set,nombre_atributo,tipo,valor) 
values('heroism headband','heroism accessories','force','force',40000);
insert into partes_accesorios(nombre,nombre_set,nombre_atributo,tipo,valor) 
values('heroism necklace','heroism accessories','force','force',40000);

insert into partes_accesorios(nombre,nombre_set,nombre_atributo,tipo,valor) 
values('heroism pendant','heroism accessories','chakra','chakra',40000);
insert into partes_accesorios(nombre,nombre_set,nombre_atributo,tipo,valor) 
values('heroism amulet','heroism accessories','chakra','chakra',40000);

insert into partes_accesorios(nombre,nombre_set,nombre_atributo,tipo,valor) 
values('heroism bangle','heroism accessories','agility','agility',42000);
insert into partes_accesorios(nombre,nombre_set,nombre_atributo,tipo,valor) 
values('heroism bracelet','heroism accessories','agility','agility',42000);

insert into partes_accesorios(nombre,nombre_set,nombre_atributo,tipo,valor) 
values('heroism gloves','heroism accessories','power','power',420000);
insert into partes_accesorios(nombre,nombre_set,nombre_atributo,tipo,valor) 
values('heroism ring','heroism accessories','power','power',420000);

insert into bonusaccesorios(tipo,nombre_set_accesorios) values('force','heroism accessories');
insert into bonusaccesorios(tipo,nombre_set_accesorios) values('chakra','heroism accessories');
insert into bonusaccesorios(tipo,nombre_set_accesorios) values('agility','heroism accessories');
insert into bonusaccesorios(tipo,nombre_set_accesorios) values('power','heroism accessories');
insert into bonusaccesorios(tipo,nombre_set_accesorios) values('full set bonus','heroism accessories');

insert into bonusaccesorios_Atributo(tipo_bonus,nombre_set_accesorios,nombre_atributo,valor) 
values('force','heroism accessories','damage rate',20);
insert into bonusaccesorios_Atributo(tipo_bonus,nombre_set_accesorios,nombre_atributo,valor) 
values('force','heroism accessories','attack',25);

insert into bonusaccesorios_Atributo(tipo_bonus,nombre_set_accesorios,nombre_atributo,valor) 
values('chakra','heroism accessories','avoid injury rate',20);
insert into bonusaccesorios_Atributo(tipo_bonus,nombre_set_accesorios,nombre_atributo,valor) 
values('chakra','heroism accessories','after attack, increase 1 random ally Speed by 20% for 1 round',1);

insert into bonusaccesorios_Atributo(tipo_bonus,nombre_set_accesorios,nombre_atributo,valor) 
values('agility','heroism accessories','damage rate',20);
insert into bonusaccesorios_Atributo(tipo_bonus,nombre_set_accesorios,nombre_atributo,valor) 
values('agility','heroism accessories','after attack, remove debuffs from 1 radom ally',1);

insert into bonusaccesorios_Atributo(tipo_bonus,nombre_set_accesorios,nombre_atributo,valor) 
values('power','heroism accessories','HP',20);
insert into bonusaccesorios_Atributo(tipo_bonus,nombre_set_accesorios,nombre_atributo,valor) 
values('power','heroism accessories','avoid injury rate',20);




/*saint*/

insert into  set_accesorios(nombre) values('saint accessories');
insert into partes_accesorios(nombre,nombre_set,nombre_atributo,tipo,valor) 
values('saint headband','saint accessories','force','force',40000);
insert into partes_accesorios(nombre,nombre_set,nombre_atributo,tipo,valor) 
values('saint necklace','saint accessories','force','force',40000);

insert into partes_accesorios(nombre,nombre_set,nombre_atributo,tipo,valor) 
values('saint pendant','saint accessories','chakra','chakra',40000);
insert into partes_accesorios(nombre,nombre_set,nombre_atributo,tipo,valor) 
values('saint amulet','saint accessories','chakra','chakra',40000);

insert into partes_accesorios(nombre,nombre_set,nombre_atributo,tipo,valor) 
values('saint bangle','saint accessories','agility','agility',40000);
insert into partes_accesorios(nombre,nombre_set,nombre_atributo,tipo,valor) 
values('saint bracelet','saint accessories','agility','agility',40000);

insert into partes_accesorios(nombre,nombre_set,nombre_atributo,tipo,valor) 
values('saint gloves','saint accessories','power','power',400000);
insert into partes_accesorios(nombre,nombre_set,nombre_atributo,tipo,valor) 
values('saint ring','saint accessories','power','power',400000);

insert into bonusaccesorios(tipo,nombre_set_accesorios) values('force','saint accessories');
insert into bonusaccesorios(tipo,nombre_set_accesorios) values('chakra','saint accessories');
insert into bonusaccesorios(tipo,nombre_set_accesorios) values('agility','saint accessories');
insert into bonusaccesorios(tipo,nombre_set_accesorios) values('power','saint accessories');
insert into bonusaccesorios(tipo,nombre_set_accesorios) values('full set bonus','saint accessories');

insert into bonusaccesorios_Atributo(tipo_bonus,nombre_set_accesorios,nombre_atributo,valor) 
values('force','saint accessories','damage rate',20);
insert into bonusaccesorios_Atributo(tipo_bonus,nombre_set_accesorios,nombre_atributo,valor) 
values('force','saint accessories','cc resistance',20);

insert into bonusaccesorios_Atributo(tipo_bonus,nombre_set_accesorios,nombre_atributo,valor) 
values('chakra','saint accessories','avoid injury rate',20);
insert into bonusaccesorios_Atributo(tipo_bonus,nombre_set_accesorios,nombre_atributo,valor) 
values('chakra','saint accessories','agility',20000);

insert into bonusaccesorios_Atributo(tipo_bonus,nombre_set_accesorios,nombre_atributo,valor) 
values('agility','saint accessories','damage rate',20);
insert into bonusaccesorios_Atributo(tipo_bonus,nombre_set_accesorios,nombre_atributo,valor) 
values('agility','saint accessories','weaken enemy defense',20);

insert into bonusaccesorios_Atributo(tipo_bonus,nombre_set_accesorios,nombre_atributo,valor) 
values('power','saint accessories','avoid injury rate',20);
insert into bonusaccesorios_Atributo(tipo_bonus,nombre_set_accesorios,nombre_atributo,valor) 
values('power','saint accessories','aid rate',20);




/*ashura*/

insert into  set_accesorios(nombre) values('ashura accessories');
insert into partes_accesorios(nombre,nombre_set,nombre_atributo,tipo,valor) 
values('ashura headband','ashura accessories','force','force',45000);
insert into partes_accesorios(nombre,nombre_set,nombre_atributo,tipo,valor) 
values('ashura necklace','ashura accessories','force','force',45000);

insert into partes_accesorios(nombre,nombre_set,nombre_atributo,tipo,valor) 
values('ashura pendant','ashura accessories','chakra','chakra',45000);
insert into partes_accesorios(nombre,nombre_set,nombre_atributo,tipo,valor) 
values('ashura amulet','ashura accessories','chakra','chakra',45000);

insert into partes_accesorios(nombre,nombre_set,nombre_atributo,tipo,valor) 
values('ashura bangle','ashura accessories','agility','agility',47000);
insert into partes_accesorios(nombre,nombre_set,nombre_atributo,tipo,valor) 
values('ashura bracelet','ashura accessories','agility','agility',47000);

insert into partes_accesorios(nombre,nombre_set,nombre_atributo,tipo,valor) 
values('ashura gloves','ashura accessories','power','power',460000);
insert into partes_accesorios(nombre,nombre_set,nombre_atributo,tipo,valor) 
values('ashura ring','ashura accessories','power','power',460000);

insert into bonusaccesorios(tipo,nombre_set_accesorios) values('force','ashura accessories');
insert into bonusaccesorios(tipo,nombre_set_accesorios) values('chakra','ashura accessories');
insert into bonusaccesorios(tipo,nombre_set_accesorios) values('agility','ashura accessories');
insert into bonusaccesorios(tipo,nombre_set_accesorios) values('power','ashura accessories');
insert into bonusaccesorios(tipo,nombre_set_accesorios) values('full set bonus','ashura accessories');

insert into bonusaccesorios_Atributo(tipo_bonus,nombre_set_accesorios,nombre_atributo,valor) 
values('force','ashura accessories','physical attack',15);
insert into bonusaccesorios_Atributo(tipo_bonus,nombre_set_accesorios,nombre_atributo,valor) 
values('force','ashura accessories','cc resistance',40);

insert into bonusaccesorios_Atributo(tipo_bonus,nombre_set_accesorios,nombre_atributo,valor) 
values('chakra','ashura accessories','physical attack',15);
insert into bonusaccesorios_Atributo(tipo_bonus,nombre_set_accesorios,nombre_atributo,valor) 
values('chakra','ashura accessories','HP',30);

insert into bonusaccesorios_Atributo(tipo_bonus,nombre_set_accesorios,nombre_atributo,valor) 
values('agility','ashura accessories','physical attack',15);
insert into bonusaccesorios_Atributo(tipo_bonus,nombre_set_accesorios,nombre_atributo,valor) 
values('agility','ashura accessories','avoid injury rate',30);

insert into bonusaccesorios_Atributo(tipo_bonus,nombre_set_accesorios,nombre_atributo,valor) 
values('power','ashura accessories','physical attack',15);
insert into bonusaccesorios_Atributo(tipo_bonus,nombre_set_accesorios,nombre_atributo,valor) 
values('power','ashura accessories','after skill, clear all supports debuffs',1);

insert into bonusaccesorios_Atributo(tipo_bonus,nombre_set_accesorios,nombre_atributo,valor) 
values('full set bonus','ashura accessories',
'after being hit, 30% chance to trigger Super Flash',1);





/*senju*/

insert into  set_accesorios(nombre) values('senju accessories');
insert into partes_accesorios(nombre,nombre_set,nombre_atributo,tipo,valor) 
values('senju headband','senju accessories','force','force',46000);
insert into partes_accesorios(nombre,nombre_set,nombre_atributo,tipo,valor) 
values('senju necklace','senju accessories','force','force',46000);

insert into partes_accesorios(nombre,nombre_set,nombre_atributo,tipo,valor) 
values('senju pendant','senju accessories','chakra','chakra',46000);
insert into partes_accesorios(nombre,nombre_set,nombre_atributo,tipo,valor) 
values('senju amulet','senju accessories','chakra','chakra',46000);

insert into partes_accesorios(nombre,nombre_set,nombre_atributo,tipo,valor) 
values('senju bangle','senju accessories','agility','agility',48000);
insert into partes_accesorios(nombre,nombre_set,nombre_atributo,tipo,valor) 
values('senju bracelet','senju accessories','agility','agility',48000);

insert into partes_accesorios(nombre,nombre_set,nombre_atributo,tipo,valor) 
values('senju gloves','senju accessories','power','power',470000);
insert into partes_accesorios(nombre,nombre_set,nombre_atributo,tipo,valor) 
values('senju ring','senju accessories','power','power',470000);

insert into bonusaccesorios(tipo,nombre_set_accesorios) values('force','senju accessories');
insert into bonusaccesorios(tipo,nombre_set_accesorios) values('chakra','senju accessories');
insert into bonusaccesorios(tipo,nombre_set_accesorios) values('agility','senju accessories');
insert into bonusaccesorios(tipo,nombre_set_accesorios) values('power','senju accessories');
insert into bonusaccesorios(tipo,nombre_set_accesorios) values('full set bonus','senju accessories');

insert into bonusaccesorios_Atributo(tipo_bonus,nombre_set_accesorios,nombre_atributo,valor) 
values('force','senju accessories','block(can surpass limit)',25);
insert into bonusaccesorios_Atributo(tipo_bonus,nombre_set_accesorios,nombre_atributo,valor) 
values('force','senju accessories','cc resistance',30);

insert into bonusaccesorios_Atributo(tipo_bonus,nombre_set_accesorios,nombre_atributo,valor) 
values('chakra','senju accessories','block(can surpass limit)',25);
insert into bonusaccesorios_Atributo(tipo_bonus,nombre_set_accesorios,nombre_atributo,valor) 
values('chakra','senju accessories','attack',20);

insert into bonusaccesorios_Atributo(tipo_bonus,nombre_set_accesorios,nombre_atributo,valor) 
values('agility','senju accessories','critical chance(can surpass limit)',25);
insert into bonusaccesorios_Atributo(tipo_bonus,nombre_set_accesorios,nombre_atributo,valor) 
values('agility','senju accessories','cc resistance',30);

insert into bonusaccesorios_Atributo(tipo_bonus,nombre_set_accesorios,nombre_atributo,valor) 
values('power','senju accessories','critical chance(can surpass limit)',25);
insert into bonusaccesorios_Atributo(tipo_bonus,nombre_set_accesorios,nombre_atributo,valor) 
values('power','senju accessories','HP',30);

insert into bonusaccesorios_Atributo(tipo_bonus,nombre_set_accesorios,nombre_atributo,valor) 
values('full set bonus','senju accessories','damage rate',40);
insert into bonusaccesorios_Atributo(tipo_bonus,nombre_set_accesorios,nombre_atributo,valor) 
values('full set bonus','senju accessories','avoid injury rate',40);






/*uchiha*/

insert into  set_accesorios(nombre) values('uchiha accessories');
insert into partes_accesorios(nombre,nombre_set,nombre_atributo,tipo,valor) 
values('uchiha headband','uchiha accessories','force','force',47000);
insert into partes_accesorios(nombre,nombre_set,nombre_atributo,tipo,valor) 
values('uchiha necklace','uchiha accessories','force','force',47000);

insert into partes_accesorios(nombre,nombre_set,nombre_atributo,tipo,valor) 
values('uchiha pendant','uchiha accessories','chakra','chakra',47000);
insert into partes_accesorios(nombre,nombre_set,nombre_atributo,tipo,valor) 
values('uchiha amulet','uchiha accessories','chakra','chakra',47000);

insert into partes_accesorios(nombre,nombre_set,nombre_atributo,tipo,valor) 
values('uchiha bangle','uchiha accessories','agility','agility',49000);
insert into partes_accesorios(nombre,nombre_set,nombre_atributo,tipo,valor) 
values('uchiha bracelet','uchiha accessories','agility','agility',49000);

insert into partes_accesorios(nombre,nombre_set,nombre_atributo,tipo,valor) 
values('uchiha gloves','uchiha accessories','power','power',480000);
insert into partes_accesorios(nombre,nombre_set,nombre_atributo,tipo,valor) 
values('uchiha ring','uchiha accessories','power','power',480000);

insert into bonusaccesorios(tipo,nombre_set_accesorios) values('force','uchiha accessories');
insert into bonusaccesorios(tipo,nombre_set_accesorios) values('chakra','uchiha accessories');
insert into bonusaccesorios(tipo,nombre_set_accesorios) values('agility','uchiha accessories');
insert into bonusaccesorios(tipo,nombre_set_accesorios) values('power','uchiha accessories');
insert into bonusaccesorios(tipo,nombre_set_accesorios) values('full set bonus','uchiha accessories');

insert into bonusaccesorios_Atributo(tipo_bonus,nombre_set_accesorios,nombre_atributo,valor) 
values('force','uchiha accessories','defense',25);
insert into bonusaccesorios_Atributo(tipo_bonus,nombre_set_accesorios,nombre_atributo,valor) 
values('force','uchiha accessories','after attack 50% split enemy for 1 round',1);

insert into bonusaccesorios_Atributo(tipo_bonus,nombre_set_accesorios,nombre_atributo,valor) 
values('chakra','uchiha accessories','damage rate',30);
insert into bonusaccesorios_Atributo(tipo_bonus,nombre_set_accesorios,nombre_atributo,valor) 
values('chakra','uchiha accessories','after attack 50% vein enemy for 1 round',1);

insert into bonusaccesorios_Atributo(tipo_bonus,nombre_set_accesorios,nombre_atributo,valor) 
values('agility','uchiha accessories','defense',25);
insert into bonusaccesorios_Atributo(tipo_bonus,nombre_set_accesorios,nombre_atributo,valor) 
values('agility','uchiha accessories','after attack 50% poison enemy for 1 round',1);

insert into bonusaccesorios_Atributo(tipo_bonus,nombre_set_accesorios,nombre_atributo,valor) 
values('power','uchiha accessories','avoid injury rate',30);
insert into bonusaccesorios_Atributo(tipo_bonus,nombre_set_accesorios,nombre_atributo,valor) 
values('power','uchiha accessories','after attack 50% bleeding enemy for 1 round',1);

insert into bonusaccesorios_Atributo(tipo_bonus,nombre_set_accesorios,nombre_atributo,valor) 
values('full set bonus','uchiha accessories','damage rate',30);
insert into bonusaccesorios_Atributo(tipo_bonus,nombre_set_accesorios,nombre_atributo,valor) 
values('full set bonus','uchiha accessories','weaken enemy attack',25);


/*Hyuuga*/

insert into  set_accesorios(nombre) values('hyuuga accessories');
insert into partes_accesorios(nombre,nombre_set,nombre_atributo,tipo,valor) 
values('hyuuga headband','hyuuga accessories','force','force',48000);
insert into partes_accesorios(nombre,nombre_set,nombre_atributo,tipo,valor) 
values('hyuuga necklace','hyuuga accessories','force','force',48000);

insert into partes_accesorios(nombre,nombre_set,nombre_atributo,tipo,valor) 
values('hyuuga pendant','hyuuga accessories','chakra','chakra',48000);
insert into partes_accesorios(nombre,nombre_set,nombre_atributo,tipo,valor) 
values('hyuuga amulet','hyuuga accessories','chakra','chakra',48000);

insert into partes_accesorios(nombre,nombre_set,nombre_atributo,tipo,valor) 
values('hyuuga bangle','hyuuga accessories','agility','agility',50000);
insert into partes_accesorios(nombre,nombre_set,nombre_atributo,tipo,valor) 
values('hyuuga bracelet','hyuuga accessories','agility','agility',50000);

insert into partes_accesorios(nombre,nombre_set,nombre_atributo,tipo,valor) 
values('hyuuga gloves','hyuuga accessories','power','power',490000);
insert into partes_accesorios(nombre,nombre_set,nombre_atributo,tipo,valor) 
values('hyuuga ring','hyuuga accessories','power','power',490000);

insert into bonusaccesorios(tipo,nombre_set_accesorios) values('force','hyuuga accessories');
insert into bonusaccesorios(tipo,nombre_set_accesorios) values('chakra','hyuuga accessories');
insert into bonusaccesorios(tipo,nombre_set_accesorios) values('agility','hyuuga accessories');
insert into bonusaccesorios(tipo,nombre_set_accesorios) values('power','hyuuga accessories');
insert into bonusaccesorios(tipo,nombre_set_accesorios) values('full set bonus','hyuuga accessories');

insert into bonusaccesorios_Atributo(tipo_bonus,nombre_set_accesorios,nombre_atributo,valor) 
values('force','hyuuga accessories','increase the success rate of control skills by',25);
insert into bonusaccesorios_Atributo(tipo_bonus,nombre_set_accesorios,nombre_atributo,valor) 
values('force','hyuuga accessories','weaken enemy defense',20);

insert into bonusaccesorios_Atributo(tipo_bonus,nombre_set_accesorios,nombre_atributo,valor) 
values('chakra','hyuuga accessories','attack',20);
insert into bonusaccesorios_Atributo(tipo_bonus,nombre_set_accesorios,nombre_atributo,valor) 
values('chakra','hyuuga accessories','weaken enemy defense',20);

insert into bonusaccesorios_Atributo(tipo_bonus,nombre_set_accesorios,nombre_atributo,valor) 
values('agility','hyuuga accessories','increase the success rate of control skills by',25);
insert into bonusaccesorios_Atributo(tipo_bonus,nombre_set_accesorios,nombre_atributo,valor) 
values('agility','hyuuga accessories','weaken enemy defense',20);

insert into bonusaccesorios_Atributo(tipo_bonus,nombre_set_accesorios,nombre_atributo,valor) 
values('power','hyuuga accessories','attack',20);
insert into bonusaccesorios_Atributo(tipo_bonus,nombre_set_accesorios,nombre_atributo,valor) 
values('power','hyuuga accessories','punch rate',20);

insert into bonusaccesorios_Atributo(tipo_bonus,nombre_set_accesorios,nombre_atributo,valor) 
values('full set bonus','hyuuga accessories','attack',20);
insert into bonusaccesorios_Atributo(tipo_bonus,nombre_set_accesorios,nombre_atributo,valor) 
values('full set bonus','hyuuga accessories','damage rate',50);

/*uzumaki*/

insert into  set_accesorios(nombre) values('uzumaki accessories');
insert into partes_accesorios(nombre,nombre_set,nombre_atributo,tipo,valor) 
values('uzumaki headband','uzumaki accessories','force','force',49000);
insert into partes_accesorios(nombre,nombre_set,nombre_atributo,tipo,valor) 
values('uzumaki necklace','uzumaki accessories','force','force',49000);

insert into partes_accesorios(nombre,nombre_set,nombre_atributo,tipo,valor) 
values('uzumaki pendant','uzumaki accessories','chakra','chakra',49000);
insert into partes_accesorios(nombre,nombre_set,nombre_atributo,tipo,valor) 
values('uzumaki amulet','uzumaki accessories','chakra','chakra',49000);

insert into partes_accesorios(nombre,nombre_set,nombre_atributo,tipo,valor) 
values('uzumaki bangle','uzumaki accessories','agility','agility',51000);
insert into partes_accesorios(nombre,nombre_set,nombre_atributo,tipo,valor) 
values('uzumaki bracelet','uzumaki accessories','agility','agility',51000);

insert into partes_accesorios(nombre,nombre_set,nombre_atributo,tipo,valor) 
values('uzumaki gloves','uzumaki accessories','power','power',500000);
insert into partes_accesorios(nombre,nombre_set,nombre_atributo,tipo,valor) 
values('uzumaki ring','uzumaki accessories','power','power',500000);

insert into bonusaccesorios(tipo,nombre_set_accesorios) values('force','uzumaki accessories');
insert into bonusaccesorios(tipo,nombre_set_accesorios) values('chakra','uzumaki accessories');
insert into bonusaccesorios(tipo,nombre_set_accesorios) values('agility','uzumaki accessories');
insert into bonusaccesorios(tipo,nombre_set_accesorios) values('power','uzumaki accessories');
insert into bonusaccesorios(tipo,nombre_set_accesorios) values('full set bonus','uzumaki accessories');

insert into bonusaccesorios_Atributo(tipo_bonus,nombre_set_accesorios,nombre_atributo,valor) 
values('force','uzumaki accessories','HP',25);
insert into bonusaccesorios_Atributo(tipo_bonus,nombre_set_accesorios,nombre_atributo,valor) 
values('force','uzumaki accessories',
'after using skill, 90% chance to make 1 random enemy to enter wind bound for 1 round',1);

insert into bonusaccesorios_Atributo(tipo_bonus,nombre_set_accesorios,nombre_atributo,valor) 
values('chakra','uzumaki accessories','damage rate',25);
insert into bonusaccesorios_Atributo(tipo_bonus,nombre_set_accesorios,nombre_atributo,valor) 
values('chakra','uzumaki accessories',
'after using skill, 90% chance to make 1 random enemy to enter imprison for 1 round',1);

insert into bonusaccesorios_Atributo(tipo_bonus,nombre_set_accesorios,nombre_atributo,valor) 
values('agility','uzumaki accessories','attack',25);
insert into bonusaccesorios_Atributo(tipo_bonus,nombre_set_accesorios,nombre_atributo,valor) 
values('agility','uzumaki accessories',
'after using skill, 110% chance to make 1 random enemy to enter forbidden jutsu/skill for 1 round',1);

insert into bonusaccesorios_Atributo(tipo_bonus,nombre_set_accesorios,nombre_atributo,valor) 
values('power','uzumaki accessories','weaken enemy attack',25);
insert into bonusaccesorios_Atributo(tipo_bonus,nombre_set_accesorios,nombre_atributo,valor) 
values('power','uzumaki accessories','after attack 50% bleeding enemy for 1 round',1);

insert into bonusaccesorios_Atributo(tipo_bonus,nombre_set_accesorios,nombre_atributo,valor) 
values('full set bonus','uzumaki accessories','weaken enemy attack',5);
insert into bonusaccesorios_Atributo(tipo_bonus,nombre_set_accesorios,nombre_atributo,valor) 
values('full set bonus','uzumaki accessories','punch rate',-40);




/*sarutobi defend*/

insert into  set_accesorios(nombre) values('sarutobi defend accessories');
insert into partes_accesorios(nombre,nombre_set,nombre_atributo,tipo,valor) 
values('sarutobi defend headband','sarutobi defend accessories','force','force',50000);
insert into partes_accesorios(nombre,nombre_set,nombre_atributo,tipo,valor) 
values('sarutobi defend necklace','sarutobi defend accessories','force','force',50000);

insert into partes_accesorios(nombre,nombre_set,nombre_atributo,tipo,valor) 
values('sarutobi defend pendant','sarutobi defend accessories','chakra','chakra',50000);
insert into partes_accesorios(nombre,nombre_set,nombre_atributo,tipo,valor) 
values('sarutobi defend amulet','sarutobi defend accessories','chakra','chakra',50000);

insert into partes_accesorios(nombre,nombre_set,nombre_atributo,tipo,valor) 
values('sarutobi defend bangle','sarutobi defend accessories','agility','agility',52000);
insert into partes_accesorios(nombre,nombre_set,nombre_atributo,tipo,valor) 
values('sarutobi defend bracelet','sarutobi defend accessories','agility','agility',52000);

insert into partes_accesorios(nombre,nombre_set,nombre_atributo,tipo,valor) 
values('sarutobi defend gloves','sarutobi defend accessories','power','power',510000);
insert into partes_accesorios(nombre,nombre_set,nombre_atributo,tipo,valor) 
values('sarutobi defend ring','sarutobi defend accessories','power','power',510000);

insert into bonusaccesorios(tipo,nombre_set_accesorios) values('force','sarutobi defend accessories');
insert into bonusaccesorios(tipo,nombre_set_accesorios) values('chakra','sarutobi defend accessories');
insert into bonusaccesorios(tipo,nombre_set_accesorios) values('agility','sarutobi defend accessories');
insert into bonusaccesorios(tipo,nombre_set_accesorios) values('power','sarutobi defend accessories');
insert into bonusaccesorios(tipo,nombre_set_accesorios) values('full set bonus','sarutobi defend accessories');

  
insert into bonusaccesorios_Atributo(tipo_bonus,nombre_set_accesorios,nombre_atributo,valor) 
values('force','sarutobi defend accessories','cc resistance',30);
insert into bonusaccesorios_Atributo(tipo_bonus,nombre_set_accesorios,nombre_atributo,valor) 
values('force','sarutobi defend accessories',
'for every 15% HP loss, Block S+ dmg taken is reduced by 8%',1);

insert into bonusaccesorios_Atributo(tipo_bonus,nombre_set_accesorios,nombre_atributo,valor) 
values('chakra','sarutobi defend accessories','attack',20);
insert into bonusaccesorios_Atributo(tipo_bonus,nombre_set_accesorios,nombre_atributo,valor) 
values('chakra','sarutobi defend accessories',
'for every 15% HP loss, Crit S+ dmg reduction is increased by 8%',1);

insert into bonusaccesorios_Atributo(tipo_bonus,nombre_set_accesorios,nombre_atributo,valor) 
values('agility','sarutobi defend accessories','cc resistance',25);
insert into bonusaccesorios_Atributo(tipo_bonus,nombre_set_accesorios,nombre_atributo,valor) 
values('agility','sarutobi defend accessories',
'for every 15% HP loss, penetration damage recieved reduced by 8%',1);

insert into bonusaccesorios_Atributo(tipo_bonus,nombre_set_accesorios,nombre_atributo,valor) 
values('power','sarutobi defend accessories','HP',30);
insert into bonusaccesorios_Atributo(tipo_bonus,nombre_set_accesorios,nombre_atributo,valor) 
values('power','sarutobi defend accessories',
'for every 15% HP loss, final dmg recieved is reduced by 8%',1);

insert into bonusaccesorios_Atributo(tipo_bonus,nombre_set_accesorios,nombre_atributo,valor) 
values('full set bonus','sarutobi defend accessories','weaken enemy attack',30);



/*sarutobi raid*/
insert into  set_accesorios(nombre) values('sarutobi raid accessories');
insert into partes_accesorios(nombre,nombre_set,nombre_atributo,tipo,valor) 
values('sarutobi raid headband','sarutobi raid accessories','force','force',50000);
insert into partes_accesorios(nombre,nombre_set,nombre_atributo,tipo,valor) 
values('sarutobi raid necklace','sarutobi raid accessories','force','force',50000);

insert into partes_accesorios(nombre,nombre_set,nombre_atributo,tipo,valor) 
values('sarutobi raid pendant','sarutobi raid accessories','chakra','chakra',50000);
insert into partes_accesorios(nombre,nombre_set,nombre_atributo,tipo,valor) 
values('sarutobi raid amulet','sarutobi raid accessories','chakra','chakra',50000);

insert into partes_accesorios(nombre,nombre_set,nombre_atributo,tipo,valor) 
values('sarutobi raid bangle','sarutobi raid accessories','agility','agility',52000);
insert into partes_accesorios(nombre,nombre_set,nombre_atributo,tipo,valor) 
values('sarutobi raid bracelet','sarutobi raid accessories','agility','agility',52000);

insert into partes_accesorios(nombre,nombre_set,nombre_atributo,tipo,valor) 
values('sarutobi raid gloves','sarutobi raid accessories','power','power',510000);
insert into partes_accesorios(nombre,nombre_set,nombre_atributo,tipo,valor) 
values('sarutobi raid ring','sarutobi raid accessories','power','power',510000);

insert into bonusaccesorios(tipo,nombre_set_accesorios) values('force','sarutobi raid accessories');
insert into bonusaccesorios(tipo,nombre_set_accesorios) values('chakra','sarutobi raid accessories');
insert into bonusaccesorios(tipo,nombre_set_accesorios) values('agility','sarutobi raid accessories');
insert into bonusaccesorios(tipo,nombre_set_accesorios) values('power','sarutobi raid accessories');
insert into bonusaccesorios(tipo,nombre_set_accesorios) values('full set bonus','sarutobi raid accessories');

  
insert into bonusaccesorios_Atributo(tipo_bonus,nombre_set_accesorios,nombre_atributo,valor) 
values('force','sarutobi raid accessories','damage rate',30);
insert into bonusaccesorios_Atributo(tipo_bonus,nombre_set_accesorios,nombre_atributo,valor) 
values('force','sarutobi raid accessories',
'for every 15% HP loss, increase own dmg rate by 6%',1);

insert into bonusaccesorios_Atributo(tipo_bonus,nombre_set_accesorios,nombre_atributo,valor) 
values('chakra','sarutobi raid accessories','attack',25);
insert into bonusaccesorios_Atributo(tipo_bonus,nombre_set_accesorios,nombre_atributo,valor) 
values('chakra','sarutobi raid accessories',
'for every 15% HP loss, increase own avoid injury rate by 6%',1);

insert into bonusaccesorios_Atributo(tipo_bonus,nombre_set_accesorios,nombre_atributo,valor) 
values('agility','sarutobi raid accessories','cc resistance',35);
insert into bonusaccesorios_Atributo(tipo_bonus,nombre_set_accesorios,nombre_atributo,valor) 
values('agility','sarutobi raid accessories',
'for every 15% HP loss, increase own attack by 6%',1);

insert into bonusaccesorios_Atributo(tipo_bonus,nombre_set_accesorios,nombre_atributo,valor) 
values('power','sarutobi raid accessories','HP',25);
insert into bonusaccesorios_Atributo(tipo_bonus,nombre_set_accesorios,nombre_atributo,valor) 
values('power','sarutobi raid accessories',
'for every 15% HP loss, increase own defense by 6%',1);
insert into bonusaccesorios_Atributo(tipo_bonus,nombre_set_accesorios,nombre_atributo,valor) 
values('full set bonus','sarutobi raid accessories','weaken enemy attack',30);


/*cursed*/

insert into  set_accesorios(nombre) values('cursed accessories');
insert into partes_accesorios(nombre,nombre_set,nombre_atributo,tipo,valor) 
values('cursed headband','cursed accessories','force','force',51000);
insert into partes_accesorios(nombre,nombre_set,nombre_atributo,tipo,valor) 
values('cursed necklace','cursed accessories','force','force',51000);

insert into partes_accesorios(nombre,nombre_set,nombre_atributo,tipo,valor) 
values('cursed pendant','cursed accessories','chakra','chakra',51000);
insert into partes_accesorios(nombre,nombre_set,nombre_atributo,tipo,valor) 
values('cursed amulet','cursed accessories','chakra','chakra',51000);

insert into partes_accesorios(nombre,nombre_set,nombre_atributo,tipo,valor) 
values('cursed bangle','cursed accessories','agility','agility',53000);
insert into partes_accesorios(nombre,nombre_set,nombre_atributo,tipo,valor) 
values('cursed bracelet','cursed accessories','agility','agility',53000);

insert into partes_accesorios(nombre,nombre_set,nombre_atributo,tipo,valor) 
values('cursed gloves','cursed accessories','power','power',520000);
insert into partes_accesorios(nombre,nombre_set,nombre_atributo,tipo,valor) 
values('cursed ring','cursed accessories','power','power',520000);

insert into bonusaccesorios(tipo,nombre_set_accesorios) values('force','cursed accessories');
insert into bonusaccesorios(tipo,nombre_set_accesorios) values('chakra','cursed accessories');
insert into bonusaccesorios(tipo,nombre_set_accesorios) values('agility','cursed accessories');
insert into bonusaccesorios(tipo,nombre_set_accesorios) values('power','cursed accessories');
insert into bonusaccesorios(tipo,nombre_set_accesorios) values('full set bonus','cursed accessories');

insert into bonusaccesorios_Atributo(tipo_bonus,nombre_set_accesorios,nombre_atributo,valor) 
values('force','cursed accessories','cc resistance',30);
insert into bonusaccesorios_Atributo(tipo_bonus,nombre_set_accesorios,nombre_atributo,valor) 
values('force','cursed accessories',
'when attacked, increase SPD of ally support by 10% for 1 round',1);

insert into bonusaccesorios_Atributo(tipo_bonus,nombre_set_accesorios,nombre_atributo,valor) 
values('chakra','cursed accessories','avoid injury rate',30);
insert into bonusaccesorios_Atributo(tipo_bonus,nombre_set_accesorios,nombre_atributo,valor) 
values('chakra','cursed accessories',
'after skill increase vanguard speed by 40%',1);

insert into bonusaccesorios_Atributo(tipo_bonus,nombre_set_accesorios,nombre_atributo,valor) 
values('agility','cursed accessories','immune to S. Block',15);
insert into bonusaccesorios_Atributo(tipo_bonus,nombre_set_accesorios,nombre_atributo,valor) 
values('agility','cursed accessories',
'after skill increase assaulter speed by 40%',1);

insert into bonusaccesorios_Atributo(tipo_bonus,nombre_set_accesorios,nombre_atributo,valor) 
values('power','cursed accessories','immune to S. Block',10);
insert into bonusaccesorios_Atributo(tipo_bonus,nombre_set_accesorios,nombre_atributo,valor) 
values('power','cursed accessories','attack',20);

insert into bonusaccesorios_Atributo(tipo_bonus,nombre_set_accesorios,nombre_atributo,valor) 
values('full set bonus','cursed accessories','cc resistance',20);
insert into bonusaccesorios_Atributo(tipo_bonus,nombre_set_accesorios,nombre_atributo,valor) 
values('full set bonus','cursed accessories','weaken enemy attack',15);







/*kirikakure */

insert into  set_accesorios(nombre) values('kirikakure accessories');
insert into partes_accesorios(nombre,nombre_set,nombre_atributo,tipo,valor) 
values('kirikakure headband','kirikakure accessories','force','force',52000);
insert into partes_accesorios(nombre,nombre_set,nombre_atributo,tipo,valor) 
values('kirikakure necklace','kirikakure accessories','force','force',52000);

insert into partes_accesorios(nombre,nombre_set,nombre_atributo,tipo,valor) 
values('kirikakure pendant','kirikakure accessories','chakra','chakra',52000);
insert into partes_accesorios(nombre,nombre_set,nombre_atributo,tipo,valor) 
values('kirikakure amulet','kirikakure accessories','chakra','chakra',52000);

insert into partes_accesorios(nombre,nombre_set,nombre_atributo,tipo,valor) 
values('kirikakure bangle','kirikakure accessories','agility','agility',54000);
insert into partes_accesorios(nombre,nombre_set,nombre_atributo,tipo,valor) 
values('kirikakure bracelet','kirikakure accessories','agility','agility',54000);

insert into partes_accesorios(nombre,nombre_set,nombre_atributo,tipo,valor) 
values('kirikakure gloves','kirikakure accessories','power','power',530000);
insert into partes_accesorios(nombre,nombre_set,nombre_atributo,tipo,valor) 
values('kirikakure ring','kirikakure accessories','power','power',530000);

insert into bonusaccesorios(tipo,nombre_set_accesorios) values('force','kirikakure accessories');
insert into bonusaccesorios(tipo,nombre_set_accesorios) values('chakra','kirikakure accessories');
insert into bonusaccesorios(tipo,nombre_set_accesorios) values('agility','kirikakure accessories');
insert into bonusaccesorios(tipo,nombre_set_accesorios) values('power','kirikakure accessories');
insert into bonusaccesorios(tipo,nombre_set_accesorios) values('full set bonus','kirikakure accessories');

insert into bonusaccesorios_Atributo(tipo_bonus,nombre_set_accesorios,nombre_atributo,valor) 
values('force','kirikakure accessories','cc resistance',30);
insert into bonusaccesorios_Atributo(tipo_bonus,nombre_set_accesorios,nombre_atributo,valor) 
values('force','kirikakure accessories',
'after being attack, has 50% chance to deal 20% penetration damage to random enemy target',1);

insert into bonusaccesorios_Atributo(tipo_bonus,nombre_set_accesorios,nombre_atributo,valor) 
values('chakra','kirikakure accessories','attack',20);
insert into bonusaccesorios_Atributo(tipo_bonus,nombre_set_accesorios,nombre_atributo,valor) 
values('chakra','kirikakure accessories',
'a.atk(can break limit)',1);

insert into bonusaccesorios_Atributo(tipo_bonus,nombre_set_accesorios,nombre_atributo,valor) 
values('agility','kirikakure accessories','damage rate',30);
insert into bonusaccesorios_Atributo(tipo_bonus,nombre_set_accesorios,nombre_atributo,valor) 
values('agility','kirikakure accessories',
'after being attacked, decrease all enemies punch rate by 30% for 2 rounds',1);

insert into bonusaccesorios_Atributo(tipo_bonus,nombre_set_accesorios,nombre_atributo,valor) 
values('power','kirikakure accessories','cc resistance',30);
insert into bonusaccesorios_Atributo(tipo_bonus,nombre_set_accesorios,nombre_atributo,valor) 
values('power','kirikakure accessories','after being attacked, decrease all enemies control rates by 20%',20);

insert into bonusaccesorios_Atributo(tipo_bonus,nombre_set_accesorios,nombre_atributo,valor) 
values('full set bonus','kirikakure accessories','weaken enemy attack',25);
insert into bonusaccesorios_Atributo(tipo_bonus,nombre_set_accesorios,nombre_atributo,valor) 
values('full set bonus','kirikakure accessories','avoid injury rate',30);



/*kumogakure(gen)*/

insert into  set_accesorios(nombre) values('kumogakure(gen) accessories');
insert into partes_accesorios(nombre,nombre_set,nombre_atributo,tipo,valor) 
values('kumogakure(gen) headband','kumogakure(gen) accessories','force','force',52500);
insert into partes_accesorios(nombre,nombre_set,nombre_atributo,tipo,valor) 
values('kumogakure(gen) necklace','kumogakure(gen) accessories','force','force',52500);

insert into partes_accesorios(nombre,nombre_set,nombre_atributo,tipo,valor) 
values('kumogakure(gen) pendant','kumogakure(gen) accessories','chakra','chakra',52500);
insert into partes_accesorios(nombre,nombre_set,nombre_atributo,tipo,valor) 
values('kumogakure(gen) amulet','kumogakure(gen) accessories','chakra','chakra',52500);

insert into partes_accesorios(nombre,nombre_set,nombre_atributo,tipo,valor) 
values('kumogakure(gen) bangle','kumogakure(gen) accessories','agility','agility',54000);
insert into partes_accesorios(nombre,nombre_set,nombre_atributo,tipo,valor) 
values('kumogakure(gen) bracelet','kumogakure(gen) accessories','agility','agility',54000);

insert into partes_accesorios(nombre,nombre_set,nombre_atributo,tipo,valor) 
values('kumogakure(gen) gloves','kumogakure(gen) accessories','power','power',530000);
insert into partes_accesorios(nombre,nombre_set,nombre_atributo,tipo,valor) 
values('kumogakure(gen) ring','kumogakure(gen) accessories','power','power',530000);

insert into bonusaccesorios(tipo,nombre_set_accesorios) values('force','kumogakure(gen) accessories');
insert into bonusaccesorios(tipo,nombre_set_accesorios) values('chakra','kumogakure(gen) accessories');
insert into bonusaccesorios(tipo,nombre_set_accesorios) values('agility','kumogakure(gen) accessories');
insert into bonusaccesorios(tipo,nombre_set_accesorios) values('power','kumogakure(gen) accessories');
insert into bonusaccesorios(tipo,nombre_set_accesorios) values('full set bonus','kumogakure(gen) accessories');

insert into bonusaccesorios_Atributo(tipo_bonus,nombre_set_accesorios,nombre_atributo,valor) 
values('force','kumogakure(gen) accessories','attack',20);
insert into bonusaccesorios_Atributo(tipo_bonus,nombre_set_accesorios,nombre_atributo,valor) 
values('force','kumogakure(gen) accessories',
'after released skill, make self enter super dodge state for 2 rounds',1);

insert into bonusaccesorios_Atributo(tipo_bonus,nombre_set_accesorios,nombre_atributo,valor) 
values('chakra','kumogakure(gen) accessories','damage rate',25);
insert into bonusaccesorios_Atributo(tipo_bonus,nombre_set_accesorios,nombre_atributo,valor) 
values('chakra','kumogakure(gen) accessories',
'after release skill, make a second blow to the lowest hp enemy with 200%(Strategy ATK rate)',1);

insert into bonusaccesorios_Atributo(tipo_bonus,nombre_set_accesorios,nombre_atributo,valor) 
values('agility','kumogakure(gen) accessories','damage rate',25);
insert into bonusaccesorios_Atributo(tipo_bonus,nombre_set_accesorios,nombre_atributo,valor) 
values('agility','kumogakure(gen) accessories',
'after release skill, make a second blow to the highest hp enemy with 300%(Strategy ATK rate)',1);

insert into bonusaccesorios_Atributo(tipo_bonus,nombre_set_accesorios,nombre_atributo,valor) 
values('power','kumogakure(gen) accessories','attack',20);
insert into bonusaccesorios_Atributo(tipo_bonus,nombre_set_accesorios,nombre_atributo,valor) 
values('power','kumogakure(gen) accessories','immune to S. Block',20);

insert into bonusaccesorios_Atributo(tipo_bonus,nombre_set_accesorios,nombre_atributo,valor) 
values('full set bonus','kumogakure(gen) accessories','immune to S. Block',30);
insert into bonusaccesorios_Atributo(tipo_bonus,nombre_set_accesorios,nombre_atributo,valor) 
values('full set bonus','kumogakure(gen) accessories','damage rate',30);





/*kumogakure*/

insert into  set_accesorios(nombre) values('kumogakure accessories');
insert into partes_accesorios(nombre,nombre_set,nombre_atributo,tipo,valor) 
values('kumogakure headband','kumogakure accessories','force','force',52500);
insert into partes_accesorios(nombre,nombre_set,nombre_atributo,tipo,valor) 
values('kumogakure necklace','kumogakure accessories','force','force',52500);

insert into partes_accesorios(nombre,nombre_set,nombre_atributo,tipo,valor) 
values('kumogakure pendant','kumogakure accessories','chakra','chakra',52500);
insert into partes_accesorios(nombre,nombre_set,nombre_atributo,tipo,valor) 
values('kumogakure amulet','kumogakure accessories','chakra','chakra',52500);

insert into partes_accesorios(nombre,nombre_set,nombre_atributo,tipo,valor) 
values('kumogakure bangle','kumogakure accessories','agility','agility',54000);
insert into partes_accesorios(nombre,nombre_set,nombre_atributo,tipo,valor) 
values('kumogakure bracelet','kumogakure accessories','agility','agility',54000);

insert into partes_accesorios(nombre,nombre_set,nombre_atributo,tipo,valor) 
values('kumogakure gloves','kumogakure accessories','power','power',530000);
insert into partes_accesorios(nombre,nombre_set,nombre_atributo,tipo,valor) 
values('kumogakure ring','kumogakure accessories','power','power',530000);

insert into bonusaccesorios(tipo,nombre_set_accesorios) values('force','kumogakure accessories');
insert into bonusaccesorios(tipo,nombre_set_accesorios) values('chakra','kumogakure accessories');
insert into bonusaccesorios(tipo,nombre_set_accesorios) values('agility','kumogakure accessories');
insert into bonusaccesorios(tipo,nombre_set_accesorios) values('power','kumogakure accessories');
insert into bonusaccesorios(tipo,nombre_set_accesorios) values('full set bonus','kumogakure accessories');

insert into bonusaccesorios_Atributo(tipo_bonus,nombre_set_accesorios,nombre_atributo,valor) 
values('force','kumogakure accessories','attack',20);
insert into bonusaccesorios_Atributo(tipo_bonus,nombre_set_accesorios,nombre_atributo,valor) 
values('force','kumogakure accessories',
'after released skill, make self enter super dodge state for 2 rounds',1);

insert into bonusaccesorios_Atributo(tipo_bonus,nombre_set_accesorios,nombre_atributo,valor) 
values('chakra','kumogakure accessories','damage rate',25);
insert into bonusaccesorios_Atributo(tipo_bonus,nombre_set_accesorios,nombre_atributo,valor) 
values('chakra','kumogakure accessories',
'after release skill, make a second blow to the lowest hp enemy with 200%(Physical ATK rate)',1);

insert into bonusaccesorios_Atributo(tipo_bonus,nombre_set_accesorios,nombre_atributo,valor) 
values('agility','kumogakure accessories','damage rate',25);
insert into bonusaccesorios_Atributo(tipo_bonus,nombre_set_accesorios,nombre_atributo,valor) 
values('agility','kumogakure accessories',
'after release skill, make a second blow to the highest hp enemy with 300%(Physical ATK rate)',1);

insert into bonusaccesorios_Atributo(tipo_bonus,nombre_set_accesorios,nombre_atributo,valor) 
values('power','kumogakure accessories','attack',20);
insert into bonusaccesorios_Atributo(tipo_bonus,nombre_set_accesorios,nombre_atributo,valor) 
values('power','kumogakure accessories','immune to S. Block',20);

insert into bonusaccesorios_Atributo(tipo_bonus,nombre_set_accesorios,nombre_atributo,valor) 
values('full set bonus','kumogakure accessories','immune to S. Block',30);
insert into bonusaccesorios_Atributo(tipo_bonus,nombre_set_accesorios,nombre_atributo,valor) 
values('full set bonus','kumogakure accessories','damage rate',30);




/*longen*/

insert into  set_accesorios(nombre) values('longen accessories');
insert into partes_accesorios(nombre,nombre_set,nombre_atributo,tipo,valor) 
values('longen headband','longen accessories','force','force',53000);
insert into partes_accesorios(nombre,nombre_set,nombre_atributo,tipo,valor) 
values('longen necklace','longen accessories','force','force',53000);

insert into partes_accesorios(nombre,nombre_set,nombre_atributo,tipo,valor) 
values('longen pendant','longen accessories','chakra','chakra',53000);
insert into partes_accesorios(nombre,nombre_set,nombre_atributo,tipo,valor) 
values('longen amulet','longen accessories','chakra','chakra',53000);

insert into partes_accesorios(nombre,nombre_set,nombre_atributo,tipo,valor) 
values('longen bangle','longen accessories','agility','agility',54500);
insert into partes_accesorios(nombre,nombre_set,nombre_atributo,tipo,valor) 
values('longen bracelet','longen accessories','agility','agility',54500);

insert into partes_accesorios(nombre,nombre_set,nombre_atributo,tipo,valor) 
values('longen gloves','longen accessories','power','power',535000);
insert into partes_accesorios(nombre,nombre_set,nombre_atributo,tipo,valor) 
values('longen ring','longen accessories','power','power',535000);

insert into bonusaccesorios(tipo,nombre_set_accesorios) values('force','longen accessories');
insert into bonusaccesorios(tipo,nombre_set_accesorios) values('chakra','longen accessories');
insert into bonusaccesorios(tipo,nombre_set_accesorios) values('agility','longen accessories');
insert into bonusaccesorios(tipo,nombre_set_accesorios) values('power','longen accessories');
insert into bonusaccesorios(tipo,nombre_set_accesorios) values('full set bonus','longen accessories');

insert into bonusaccesorios_Atributo(tipo_bonus,nombre_set_accesorios,nombre_atributo,valor) 
values('force','longen accessories','damage rate',30);
insert into bonusaccesorios_Atributo(tipo_bonus,nombre_set_accesorios,nombre_atributo,valor) 
values('force','longen accessories','increase cc rate',30);

insert into bonusaccesorios_Atributo(tipo_bonus,nombre_set_accesorios,nombre_atributo,valor) 
values('chakra','longen accessories','defense',35);
insert into bonusaccesorios_Atributo(tipo_bonus,nombre_set_accesorios,nombre_atributo,valor) 
values('chakra','longen accessories','after being attacked, reduce own fury by 500',1);

insert into bonusaccesorios_Atributo(tipo_bonus,nombre_set_accesorios,nombre_atributo,valor) 
values('agility','longen accessories','damage after attack',25);
insert into bonusaccesorios_Atributo(tipo_bonus,nombre_set_accesorios,nombre_atributo,valor) 
values('agility','longen accessories','increase cc rate',25);

insert into bonusaccesorios_Atributo(tipo_bonus,nombre_set_accesorios,nombre_atributo,valor) 
values('power','longen accessories','increase cc rate',20);
insert into bonusaccesorios_Atributo(tipo_bonus,nombre_set_accesorios,nombre_atributo,valor) 
values('power','longen accessories','weaken enemy attack',20);

insert into bonusaccesorios_Atributo(tipo_bonus,nombre_set_accesorios,nombre_atributo,valor) 
values('full set bonus','longen accessories','attack',35);
insert into bonusaccesorios_Atributo(tipo_bonus,nombre_set_accesorios,nombre_atributo,valor) 
values('full set bonus','longen accessories','avoid injury rate',40);




/*sakura*/

insert into  set_accesorios(nombre) values('sakura accessories');
insert into partes_accesorios(nombre,nombre_set,nombre_atributo,tipo,valor) 
values('sakura headband','sakura accessories','force','force',53500);
insert into partes_accesorios(nombre,nombre_set,nombre_atributo,tipo,valor) 
values('sakura necklace','sakura accessories','force','force',53500);

insert into partes_accesorios(nombre,nombre_set,nombre_atributo,tipo,valor) 
values('sakura pendant','sakura accessories','chakra','chakra',53500);
insert into partes_accesorios(nombre,nombre_set,nombre_atributo,tipo,valor) 
values('sakura amulet','sakura accessories','chakra','chakra',53500);

insert into partes_accesorios(nombre,nombre_set,nombre_atributo,tipo,valor) 
values('sakura bangle','sakura accessories','agility','agility',55000);
insert into partes_accesorios(nombre,nombre_set,nombre_atributo,tipo,valor) 
values('sakura bracelet','sakura accessories','agility','agility',55000);

insert into partes_accesorios(nombre,nombre_set,nombre_atributo,tipo,valor) 
values('sakura gloves','sakura accessories','power','power',540000);
insert into partes_accesorios(nombre,nombre_set,nombre_atributo,tipo,valor) 
values('sakura ring','sakura accessories','power','power',540000);

insert into bonusaccesorios(tipo,nombre_set_accesorios) values('force','sakura accessories');
insert into bonusaccesorios(tipo,nombre_set_accesorios) values('chakra','sakura accessories');
insert into bonusaccesorios(tipo,nombre_set_accesorios) values('agility','sakura accessories');
insert into bonusaccesorios(tipo,nombre_set_accesorios) values('power','sakura accessories');
insert into bonusaccesorios(tipo,nombre_set_accesorios) values('full set bonus','sakura accessories');

insert into bonusaccesorios_Atributo(tipo_bonus,nombre_set_accesorios,nombre_atributo,valor) 
values('force','sakura accessories','avoid injury rate',20);
insert into bonusaccesorios_Atributo(tipo_bonus,nombre_set_accesorios,nombre_atributo,valor) 
values('force','sakura accessories',
'after be attack, decrease the success rate of all enemies control skill by 25% for 2 round',1);

insert into bonusaccesorios_Atributo(tipo_bonus,nombre_set_accesorios,nombre_atributo,valor) 
values('chakra','sakura accessories','HP',25);
insert into bonusaccesorios_Atributo(tipo_bonus,nombre_set_accesorios,nombre_atributo,valor) 
values('chakra','sakura accessories',
'after be attack, decrease all enemies ATK by 20% for 2 round',1);

insert into bonusaccesorios_Atributo(tipo_bonus,nombre_set_accesorios,nombre_atributo,valor) 
values('agility','sakura accessories','avoid injury rate',20);
insert into bonusaccesorios_Atributo(tipo_bonus,nombre_set_accesorios,nombre_atributo,valor) 
values('agility','sakura accessories',
'after be attack, decrease all enemies DMG rate by 20% for 2 round',1);

insert into bonusaccesorios_Atributo(tipo_bonus,nombre_set_accesorios,nombre_atributo,valor) 
values('power','sakura accessories','HP',25);
insert into bonusaccesorios_Atributo(tipo_bonus,nombre_set_accesorios,nombre_atributo,valor) 
values('power','sakura accessories',
'after be attack, decrease all enemies final growth injury rate by 25% for 2 round',20);

insert into bonusaccesorios_Atributo(tipo_bonus,nombre_set_accesorios,nombre_atributo,valor) 
values('full set bonus','sakura accessories','weaken enemy attack',20);
insert into bonusaccesorios_Atributo(tipo_bonus,nombre_set_accesorios,nombre_atributo,valor) 
values('full set bonus','sakura accessories',
'after be attack, there has 50% chance to make self enter immune control state for 2 round',1);




/*amegakure*/

insert into  set_accesorios(nombre) values('amegakure accessories');
insert into partes_accesorios(nombre,nombre_set,nombre_atributo,tipo,valor) 
values('amegakure headband','amegakure accessories','force','force',54000);
insert into partes_accesorios(nombre,nombre_set,nombre_atributo,tipo,valor) 
values('amegakure necklace','amegakure accessories','force','force',54000);

insert into partes_accesorios(nombre,nombre_set,nombre_atributo,tipo,valor) 
values('amegakure pendant','amegakure accessories','chakra','chakra',54000);
insert into partes_accesorios(nombre,nombre_set,nombre_atributo,tipo,valor) 
values('amegakure amulet','amegakure accessories','chakra','chakra',54000);

insert into partes_accesorios(nombre,nombre_set,nombre_atributo,tipo,valor) 
values('amegakure bangle','amegakure accessories','agility','agility',54000);
insert into partes_accesorios(nombre,nombre_set,nombre_atributo,tipo,valor) 
values('amegakure bracelet','amegakure accessories','agility','agility',54000);

insert into partes_accesorios(nombre,nombre_set,nombre_atributo,tipo,valor) 
values('amegakure gloves','amegakure accessories','power','power',540000);
insert into partes_accesorios(nombre,nombre_set,nombre_atributo,tipo,valor) 
values('amegakure ring','amegakure accessories','power','power',540000);

insert into bonusaccesorios(tipo,nombre_set_accesorios) values('force','amegakure accessories');
insert into bonusaccesorios(tipo,nombre_set_accesorios) values('chakra','amegakure accessories');
insert into bonusaccesorios(tipo,nombre_set_accesorios) values('agility','amegakure accessories');
insert into bonusaccesorios(tipo,nombre_set_accesorios) values('power','amegakure accessories');
insert into bonusaccesorios(tipo,nombre_set_accesorios) values('full set bonus','amegakure accessories');

insert into bonusaccesorios_Atributo(tipo_bonus,nombre_set_accesorios,nombre_atributo,valor) 
values('force','amegakure accessories','strategy defense',20);
insert into bonusaccesorios_Atributo(tipo_bonus,nombre_set_accesorios,nombre_atributo,valor) 
values('force','amegakure accessories',
'physical defense',20);
insert into bonusaccesorios_Atributo(tipo_bonus,nombre_set_accesorios,nombre_atributo,valor) 
values('force','amegakure accessories',
'after be attacked, there has 30% chance to disperse ally Supports debuff',1);

insert into bonusaccesorios_Atributo(tipo_bonus,nombre_set_accesorios,nombre_atributo,valor) 
values('chakra','amegakure accessories','avoid injury rate',20);
insert into bonusaccesorios_Atributo(tipo_bonus,nombre_set_accesorios,nombre_atributo,valor) 
values('chakra','amegakure accessories',
'after be attacked, recover ally Support hp rate by 30%',1);

insert into bonusaccesorios_Atributo(tipo_bonus,nombre_set_accesorios,nombre_atributo,valor) 
values('agility','amegakure accessories','strategy defense',20);
insert into bonusaccesorios_Atributo(tipo_bonus,nombre_set_accesorios,nombre_atributo,valor) 
values('agility','amegakure accessories',
'physical defense',20);
insert into bonusaccesorios_Atributo(tipo_bonus,nombre_set_accesorios,nombre_atributo,valor) 
values('agility','amegakure accessories',
'after be attacked, there has 30% chance to disperse ally Assaulter and Vanguard debuff',1);

insert into bonusaccesorios_Atributo(tipo_bonus,nombre_set_accesorios,nombre_atributo,valor) 
values('power','amegakure accessories','HP',25);
insert into bonusaccesorios_Atributo(tipo_bonus,nombre_set_accesorios,nombre_atributo,valor) 
values('power','amegakure accessories',
'recover ally Assaulter and Vanguard hp rate by 30%',20);

insert into bonusaccesorios_Atributo(tipo_bonus,nombre_set_accesorios,nombre_atributo,valor) 
values('full set bonus','amegakure accessories','weaken enemy attack',20);
insert into bonusaccesorios_Atributo(tipo_bonus,nombre_set_accesorios,nombre_atributo,valor) 
values('full set bonus','amegakure accessories',
'after be attack, there has 40% chance to make a random enemy to enter weak state for 2 round',1);





/*reanimated*/

insert into  set_accesorios(nombre) values('reanimated accessories');
insert into partes_accesorios(nombre,nombre_set,nombre_atributo,tipo,valor) 
values('reanimated headband','reanimated accessories','force','force',54000);
insert into partes_accesorios(nombre,nombre_set,nombre_atributo,tipo,valor) 
values('reanimated necklace','reanimated accessories','force','force',54000);

insert into partes_accesorios(nombre,nombre_set,nombre_atributo,tipo,valor) 
values('reanimated pendant','reanimated accessories','chakra','chakra',54000);
insert into partes_accesorios(nombre,nombre_set,nombre_atributo,tipo,valor) 
values('reanimated amulet','reanimated accessories','chakra','chakra',54000);

insert into partes_accesorios(nombre,nombre_set,nombre_atributo,tipo,valor) 
values('reanimated bangle','reanimated accessories','agility','agility',54000);
insert into partes_accesorios(nombre,nombre_set,nombre_atributo,tipo,valor) 
values('reanimated bracelet','reanimated accessories','agility','agility',54000);

insert into partes_accesorios(nombre,nombre_set,nombre_atributo,tipo,valor) 
values('reanimated gloves','reanimated accessories','power','power',540000);
insert into partes_accesorios(nombre,nombre_set,nombre_atributo,tipo,valor) 
values('reanimated ring','reanimated accessories','power','power',540000);

insert into bonusaccesorios(tipo,nombre_set_accesorios) values('force','reanimated accessories');
insert into bonusaccesorios(tipo,nombre_set_accesorios) values('chakra','reanimated accessories');
insert into bonusaccesorios(tipo,nombre_set_accesorios) values('agility','reanimated accessories');
insert into bonusaccesorios(tipo,nombre_set_accesorios) values('power','reanimated accessories');
insert into bonusaccesorios(tipo,nombre_set_accesorios) values('full set bonus','reanimated accessories');

insert into bonusaccesorios_Atributo(tipo_bonus,nombre_set_accesorios,nombre_atributo,valor) 
values('force','reanimated accessories','increase cc rate',20);
insert into bonusaccesorios_Atributo(tipo_bonus,nombre_set_accesorios,nombre_atributo,valor) 
values('force','reanimated accessories',
'after released skill, decrease enemies immune control rate by 25% for 2 round',1);

insert into bonusaccesorios_Atributo(tipo_bonus,nombre_set_accesorios,nombre_atributo,valor) 
values('chakra','reanimated accessories','attack',25);
insert into bonusaccesorios_Atributo(tipo_bonus,nombre_set_accesorios,nombre_atributo,valor) 
values('chakra','reanimated accessories',
'after released skill, decrease enemies final damage reduce rate by 20% for 2 round',1);


insert into bonusaccesorios_Atributo(tipo_bonus,nombre_set_accesorios,nombre_atributo,valor) 
values('agility','reanimated accessories','increase cc rate',20);
insert into bonusaccesorios_Atributo(tipo_bonus,nombre_set_accesorios,nombre_atributo,valor) 
values('agility','reanimated accessories',
'after released skill, decrease enemies immune damage rate by 30% for 2 round',1);

insert into bonusaccesorios_Atributo(tipo_bonus,nombre_set_accesorios,nombre_atributo,valor) 
values('power','reanimated accessories','attack',25);
insert into bonusaccesorios_Atributo(tipo_bonus,nombre_set_accesorios,nombre_atributo,valor) 
values('power','reanimated accessories',
'after released skill, decrease enemies defence by 30% for 2 round',1);

insert into bonusaccesorios_Atributo(tipo_bonus,nombre_set_accesorios,nombre_atributo,valor) 
values('full set bonus','reanimated accessories','weaken enemy attack',25);
insert into bonusaccesorios_Atributo(tipo_bonus,nombre_set_accesorios,nombre_atributo,valor) 
values('full set bonus','reanimated accessories',
'after released skill, make a random enemy ninja enter Upwind state for 2 round',1);


/*amenonuhoko*/

insert into  set_accesorios(nombre) values('amenonuhoko accessories');
insert into partes_accesorios(nombre,nombre_set,nombre_atributo,tipo,valor) 
values('amenonuhoko headband','amenonuhoko accessories','force','force',54000);
insert into partes_accesorios(nombre,nombre_set,nombre_atributo,tipo,valor) 
values('amenonuhoko necklace','amenonuhoko accessories','force','force',54000);

insert into partes_accesorios(nombre,nombre_set,nombre_atributo,tipo,valor) 
values('amenonuhoko pendant','amenonuhoko accessories','chakra','chakra',54000);
insert into partes_accesorios(nombre,nombre_set,nombre_atributo,tipo,valor) 
values('amenonuhoko amulet','amenonuhoko accessories','chakra','chakra',54000);

insert into partes_accesorios(nombre,nombre_set,nombre_atributo,tipo,valor) 
values('amenonuhoko bangle','amenonuhoko accessories','agility','agility',54000);
insert into partes_accesorios(nombre,nombre_set,nombre_atributo,tipo,valor) 
values('amenonuhoko bracelet','amenonuhoko accessories','agility','agility',54000);

insert into partes_accesorios(nombre,nombre_set,nombre_atributo,tipo,valor) 
values('amenonuhoko gloves','amenonuhoko accessories','power','power',540000);
insert into partes_accesorios(nombre,nombre_set,nombre_atributo,tipo,valor) 
values('amenonuhoko ring','amenonuhoko accessories','power','power',540000);

insert into bonusaccesorios(tipo,nombre_set_accesorios) values('force','amenonuhoko accessories');
insert into bonusaccesorios(tipo,nombre_set_accesorios) values('chakra','amenonuhoko accessories');
insert into bonusaccesorios(tipo,nombre_set_accesorios) values('agility','amenonuhoko accessories');
insert into bonusaccesorios(tipo,nombre_set_accesorios) values('power','amenonuhoko accessories');
insert into bonusaccesorios(tipo,nombre_set_accesorios) values('full set bonus','amenonuhoko accessories');

insert into bonusaccesorios_Atributo(tipo_bonus,nombre_set_accesorios,nombre_atributo,valor) 
values('force','amenonuhoko accessories','cc resistance',32);
insert into bonusaccesorios_Atributo(tipo_bonus,nombre_set_accesorios,nombre_atributo,valor) 
values('force','amenonuhoko accessories','after released a skill, make all enemies enter Burst state (50% rate) for 2 round',1);

insert into bonusaccesorios_Atributo(tipo_bonus,nombre_set_accesorios,nombre_atributo,valor) 
values('chakra','amenonuhoko accessories','attack',30);
insert into bonusaccesorios_Atributo(tipo_bonus,nombre_set_accesorios,nombre_atributo,valor) 
values('chakra','amenonuhoko accessories','after released skill, make all enemies enter Scorching Flame state (50% rate) for 2 round',1);

insert into bonusaccesorios_Atributo(tipo_bonus,nombre_set_accesorios,nombre_atributo,valor) 
values('agility','amenonuhoko accessories','cc resistance',32);
insert into bonusaccesorios_Atributo(tipo_bonus,nombre_set_accesorios,nombre_atributo,valor) 
values('agility','amenonuhoko accessories','after released skill, make all enemies enter Safeguard state (50% rate) for 2 round',1);

insert into bonusaccesorios_Atributo(tipo_bonus,nombre_set_accesorios,nombre_atributo,valor) 
values('power','amenonuhoko accessories','weaken enemy attack',25);
insert into bonusaccesorios_Atributo(tipo_bonus,nombre_set_accesorios,nombre_atributo,valor) 
values('power','amenonuhoko accessories','after released skill, make all enemies enter Unification state (50% rate) for 2 round',1);

insert into bonusaccesorios_Atributo(tipo_bonus,nombre_set_accesorios,nombre_atributo,valor) 
values('full set bonus','amenonuhoko accessories','attack',30);
insert into bonusaccesorios_Atributo(tipo_bonus,nombre_set_accesorios,nombre_atributo,valor) 
values('full set bonus','amenonuhoko accessories','after released a skill, has 100% chance to make random enemy enter Poisonous Wind state for 2 round',1);


insert into ninjas(nombre,chakra_nature,tipo,formacion) 
values("Urashiki Otsutsuki","WATER","TAIJUTSU","ASSAULTER");
insert into ninja_stats(ninja,nivel) 
values("Urashiki Otsutsuki","120");
insert into stat_atributo(ninja,nivel,nombre_atributo,valor) 
values("Urashiki Otsutsuki","120","agility",38000);
insert into stat_atributo(ninja,nivel,nombre_atributo,valor) 
values("Urashiki Otsutsuki","120","force",40000);
insert into stat_atributo(ninja,nivel,nombre_atributo,valor) 
values("Urashiki Otsutsuki","120","chakra",40000);
insert into stat_atributo(ninja,nivel,nombre_atributo,valor) 
values("Urashiki Otsutsuki","120","power",270000);
insert into stat_atributo(ninja,nivel,nombre_atributo,valor) 
values("Urashiki Otsutsuki","120","agility growth rate",38000);
insert into stat_atributo(ninja,nivel,nombre_atributo,valor) 
values("Urashiki Otsutsuki","120","force growth rate",40000);
insert into stat_atributo(ninja,nivel,nombre_atributo,valor) 
values("Urashiki Otsutsuki","120","chakra growth rate",40000);
insert into stat_atributo(ninja,nivel,nombre_atributo,valor) 
values("Urashiki Otsutsuki","120","power growth rate",270000);

insert into ninja_skills(nombre,ninja,tipo,texto) 
values("Yomotsu Hirasaka","Urashiki Otsutsuki","TALENT","Increases massive agility, chakra, and force by percentage, increases speed by 86%, damage rate by 70%, and avoid-injury rate by 60%. When this ninja is in battle, increase all allies speed by 112% and damage rate by 30%, increase allies health by 30%/30%/20% (Vanguard/Assaulter/Support), decrease enemies defence by 50%/40%/30% (Vanguard/Assaulter/Support), decrease all enemies avoid-injury rate by 30%, decrease enemies who have unactivated chakra nature and earth chakra natures speed by 5%, naturally ignores enemies attack by 10%, control rate by 55%, and reflective damage by 150%. Ignores super flash, immune to chaos, charm, and poisonous wind");
insert into skill_atributo(nombre_skill,nombre_ninja,tipo,accion,afecta,condicion,tiempo,nombre_atributo,valor)
values("Yomotsu Hirasaka","Urashiki Otsutsuki","TALENT","increase","self","ninja is alive","battle ends","massive agility, chakra, and force by percentage",1);
insert into skill_atributo(nombre_skill,nombre_ninja,tipo,accion,afecta,condicion,tiempo,nombre_atributo,valor)
values("Yomotsu Hirasaka","Urashiki Otsutsuki","TALENT","increase","self","ninja is alive","battle ends","speed %",86);
insert into skill_atributo(nombre_skill,nombre_ninja,tipo,accion,afecta,condicion,tiempo,nombre_atributo,valor)
values("Yomotsu Hirasaka","Urashiki Otsutsuki","TALENT","increase","self","ninja is alive","battle ends","damage rate",70);
insert into skill_atributo(nombre_skill,nombre_ninja,tipo,accion,afecta,condicion,tiempo,nombre_atributo,valor)
values("Yomotsu Hirasaka","Urashiki Otsutsuki","TALENT","increase","self","ninja is alive","battle ends","avoid injury rate",60);
insert into skill_atributo(nombre_skill,nombre_ninja,tipo,accion,afecta,condicion,tiempo,nombre_atributo,valor)
values("Yomotsu Hirasaka","Urashiki Otsutsuki","TALENT","increase", "all allies","ninja is alive","battle ends","speed %",112);
insert into skill_atributo(nombre_skill,nombre_ninja,tipo,accion,afecta,condicion,tiempo,nombre_atributo,valor)
values("Yomotsu Hirasaka","Urashiki Otsutsuki","TALENT","increase", "all allies","ninja is alive","battle ends","damage rate",30);
insert into skill_atributo(nombre_skill,nombre_ninja,tipo,accion,afecta,condicion,tiempo,nombre_atributo,valor)
values("Yomotsu Hirasaka","Urashiki Otsutsuki","TALENT","increase", "ally Vanguard","ninja is alive","battle ends","HP",30);
insert into skill_atributo(nombre_skill,nombre_ninja,tipo,accion,afecta,condicion,tiempo,nombre_atributo,valor)
values("Yomotsu Hirasaka","Urashiki Otsutsuki","TALENT","increase", "ally Assaulters","ninja is alive","battle ends","HP",30);
insert into skill_atributo(nombre_skill,nombre_ninja,tipo,accion,afecta,condicion,tiempo,nombre_atributo,valor)
values("Yomotsu Hirasaka","Urashiki Otsutsuki","TALENT","increase", "ally Supports","ninja is alive","battle ends","HP",20);
insert into skill_atributo(nombre_skill,nombre_ninja,tipo,accion,afecta,condicion,tiempo,nombre_atributo,valor)
values("Yomotsu Hirasaka","Urashiki Otsutsuki","TALENT","decrease", "enemie Vanguard","ninja is alive","battle ends","defense",50);
insert into skill_atributo(nombre_skill,nombre_ninja,tipo,accion,afecta,condicion,tiempo,nombre_atributo,valor)
values("Yomotsu Hirasaka","Urashiki Otsutsuki","TALENT","decrease", "enemie Assaulters","ninja is alive","battle ends","defense",40);
insert into skill_atributo(nombre_skill,nombre_ninja,tipo,accion,afecta,condicion,tiempo,nombre_atributo,valor)
values("Yomotsu Hirasaka","Urashiki Otsutsuki","TALENT","decrease", "enemie Supports","ninja is alive","battle ends","defense",30);
insert into skill_atributo(nombre_skill,nombre_ninja,tipo,accion,afecta,condicion,tiempo,nombre_atributo,valor)
values("Yomotsu Hirasaka","Urashiki Otsutsuki","TALENT","decrease", "all enemies","ninja is alive","battle ends","avoid injury rate",30);
insert into skill_atributo(nombre_skill,nombre_ninja,tipo,accion,afecta,condicion,tiempo,nombre_atributo,valor)
values("Yomotsu Hirasaka","Urashiki Otsutsuki","TALENT","decrease", "all enemies who have unactivated chakra nature","ninja is alive","battle ends","speed %",5);
insert into skill_atributo(nombre_skill,nombre_ninja,tipo,accion,afecta,condicion,tiempo,nombre_atributo,valor)
values("Yomotsu Hirasaka","Urashiki Otsutsuki","TALENT","decrease", "enemies earth chakra nature","ninja is alive","battle ends","speed %",5);
insert into skill_atributo(nombre_skill,nombre_ninja,tipo,accion,afecta,condicion,tiempo,nombre_atributo,valor)
values("Yomotsu Hirasaka","Urashiki Otsutsuki","TALENT","increase", "self","ninja is alive","battle ends","ignores enemy attack",10);
insert into skill_atributo(nombre_skill,nombre_ninja,tipo,accion,afecta,condicion,tiempo,nombre_atributo,valor)
values("Yomotsu Hirasaka","Urashiki Otsutsuki","TALENT","increase", "self","ninja is alive","battle ends","cc resistance",55);
insert into skill_atributo(nombre_skill,nombre_ninja,tipo,accion,afecta,condicion,tiempo,nombre_atributo,valor)
values("Yomotsu Hirasaka","Urashiki Otsutsuki","TALENT","increase", "self","ninja is alive","battle ends","reduce reflect damage",150);
insert into skill_atributo(nombre_skill,nombre_ninja,tipo,accion,afecta,condicion,tiempo,nombre_atributo,valor)
values("Yomotsu Hirasaka","Urashiki Otsutsuki","TALENT","obtain","self","ninja is alive","battle ends","ignore super flash",1);
insert into skill_atributo(nombre_skill,nombre_ninja,tipo,accion,afecta,condicion,tiempo,nombre_atributo,valor)
values("Yomotsu Hirasaka","Urashiki Otsutsuki","TALENT","obtain","self","ninja is alive","battle ends","immune to chaos",1);
insert into skill_atributo(nombre_skill,nombre_ninja,tipo,accion,afecta,condicion,tiempo,nombre_atributo,valor)
values("Yomotsu Hirasaka","Urashiki Otsutsuki","TALENT","obtain","self","ninja is alive","battle ends","immune to charm",1);
insert into skill_atributo(nombre_skill,nombre_ninja,tipo,accion,afecta,condicion,tiempo,nombre_atributo,valor)
values("Yomotsu Hirasaka","Urashiki Otsutsuki","TALENT","obtain","self","ninja is alive","battle ends","immune to poisonous wind",1);


insert into ninja_skills(nombre,ninja,tipo,texto) 
values("Amenosubaruboshinomikoto","Urashiki Otsutsuki","SKILL","Attack all enemies with 300% growth rate, 100% chance to make enemies enter curse and acupuncture for 3 rounds, increase all allies crit rate by 40% for 3 rounds,decrease all enemies defence by 30% for 3 rounds, decrease enemy fire, earth, and water chakra nature ninjas speed by 40% and attack by 40% for 3 rounds.");
insert into skill_atributo(nombre_skill,nombre_ninja,tipo,accion,afecta,condicion,tiempo,nombre_atributo,valor)
values("Amenosubaruboshinomikoto","Urashiki Otsutsuki","SKILL","attack","all enemies","ninja attack","battle ends","growth rate",300);
insert into skill_atributo(nombre_skill,nombre_ninja,tipo,accion,afecta,condicion,tiempo,nombre_atributo,valor)
values("Amenosubaruboshinomikoto","Urashiki Otsutsuki","SKILL","apply","all enemies","ninja attack","for 3 rounds","acupuncture",100);
insert into skill_atributo(nombre_skill,nombre_ninja,tipo,accion,afecta,condicion,tiempo,nombre_atributo,valor)
values("Amenosubaruboshinomikoto","Urashiki Otsutsuki","SKILL","apply","all enemies","ninja attack","for 3 rounds","curse",100);
insert into skill_atributo(nombre_skill,nombre_ninja,tipo,accion,afecta,condicion,tiempo,nombre_atributo,valor)
values("Amenosubaruboshinomikoto","Urashiki Otsutsuki","SKILL","increase","all allies","ninja attack","for 3 rounds","crit rate",40);
insert into skill_atributo(nombre_skill,nombre_ninja,tipo,accion,afecta,condicion,tiempo,nombre_atributo,valor)
values("Amenosubaruboshinomikoto","Urashiki Otsutsuki","SKILL","decrease","all enemies","ninja attack","for 3 rounds","defense",30);
insert into skill_atributo(nombre_skill,nombre_ninja,tipo,accion,afecta,condicion,tiempo,nombre_atributo,valor)
values("Amenosubaruboshinomikoto","Urashiki Otsutsuki","SKILL","decrease","enemies fire chakra nature","ninja attack","for 3 rounds","speed %",40);
insert into skill_atributo(nombre_skill,nombre_ninja,tipo,accion,afecta,condicion,tiempo,nombre_atributo,valor)
values("Amenosubaruboshinomikoto","Urashiki Otsutsuki","SKILL","decrease","enemies fire chakra nature","ninja attack","for 3 rounds","attack",40);
insert into skill_atributo(nombre_skill,nombre_ninja,tipo,accion,afecta,condicion,tiempo,nombre_atributo,valor)
values("Amenosubaruboshinomikoto","Urashiki Otsutsuki","SKILL","decrease","enemies earth chakra nature","ninja attack","for 3 rounds","speed %",40);
insert into skill_atributo(nombre_skill,nombre_ninja,tipo,accion,afecta,condicion,tiempo,nombre_atributo,valor)
values("Amenosubaruboshinomikoto","Urashiki Otsutsuki","SKILL","decrease","enemies earth chakra nature","ninja attack","for 3 rounds","attack",40);
insert into skill_atributo(nombre_skill,nombre_ninja,tipo,accion,afecta,condicion,tiempo,nombre_atributo,valor)
values("Amenosubaruboshinomikoto","Urashiki Otsutsuki","SKILL","decrease","enemies water chakra nature","ninja attack","for 3 rounds","speed %",40);
insert into skill_atributo(nombre_skill,nombre_ninja,tipo,accion,afecta,condicion,tiempo,nombre_atributo,valor)
values("Amenosubaruboshinomikoto","Urashiki Otsutsuki","SKILL","decrease","enemies water chakra nature","ninja attack","for 3 rounds","attack",40);


insert into ninja_skills(nombre,ninja,tipo,texto) 
values("Yomotsu Hirasaka","Urashiki Otsutsuki","NORMAL_ATTACK","Attack all enemies with 350% growth rate, deals additional strategy attack with 200% growth rate as second hit, randomly removes debuffs of 2 allies and removes buffs of 2 enemies, 95% chance to make 1 random enemy enter poisonous wind state for 2 rounds, 80% chance to make enemy supports enter weakened state for 2 rounds, increase all allies attack by 30% for 2 rounds.");
insert into skill_atributo(nombre_skill,nombre_ninja,tipo,accion,afecta,condicion,tiempo,nombre_atributo,valor)
values("Yomotsu Hirasaka","Urashiki Otsutsuki","NORMAL_ATTACK","attack","all enemies","ninja attack","battle","growth rate",350);
insert into skill_atributo(nombre_skill,nombre_ninja,tipo,accion,afecta,condicion,tiempo,nombre_atributo,valor)
values("Yomotsu Hirasaka","Urashiki Otsutsuki","NORMAL_ATTACK","attack","all enemies","ninja attack","battle","deals additional strategy attack with growth rate",200);
insert into skill_atributo(nombre_skill,nombre_ninja,tipo,accion,afecta,condicion,tiempo,nombre_atributo,valor)
values("Yomotsu Hirasaka","Urashiki Otsutsuki","NORMAL_ATTACK","apply","2 random allies","ninja attack","battle ends","remove debuffs",1);
insert into skill_atributo(nombre_skill,nombre_ninja,tipo,accion,afecta,condicion,tiempo,nombre_atributo,valor)
values("Yomotsu Hirasaka","Urashiki Otsutsuki","NORMAL_ATTACK","apply","2 random enemies","ninja attack","battle ends","remove buffs",1);
insert into skill_atributo(nombre_skill,nombre_ninja,tipo,accion,afecta,condicion,tiempo,nombre_atributo,valor)
values("Yomotsu Hirasaka","Urashiki Otsutsuki","NORMAL_ATTACK","apply","all enemies","ninja attack","for 2 round","poisonous wind state",95);
insert into skill_atributo(nombre_skill,nombre_ninja,tipo,accion,afecta,condicion,tiempo,nombre_atributo,valor) 
values("Yomotsu Hirasaka","Urashiki Otsutsuki","NORMAL_ATTACK","apply","enemies Supports","ninja attack","for 2 round","weakened state",80);
insert into skill_atributo(nombre_skill,nombre_ninja,tipo,accion,afecta,condicion,tiempo,nombre_atributo,valor)
values("Yomotsu Hirasaka","Urashiki Otsutsuki","NORMAL_ATTACK","increase","all allies","ninja attack","for 2 round","attack",30);

insert into ninja_awakening(nombre,ninja,nivel,activo,tipo,texto)
values("Temporal Rewind","Urashiki Otsutsuki","1ri",true,"TALENT","Naturally has 30% block rate (can break upper limit), immune to disable");
insert into ninja_awakening_atributo(nombre,ninja,nivel,accion,afecta,nombre_atributo,valor,tipo,condicion,tiempo)
values("Temporal Rewind","Urashiki Otsutsuki","1ri","increase","self","block(can surpass limit)",30,"TALENT","ninja is alive","battle ends");


insert into ninjas(nombre,chakra_nature,tipo,formacion) 
values("Warlord Sakura","WATER","TAIJUTSU","ASSAULTER");
insert into ninja_stats(ninja,nivel) 
values("Warlord Sakura","120");
insert into stat_atributo(ninja,nivel,nombre_atributo,valor) 
values("Warlord Sakura","120","agility",39000);
insert into stat_atributo(ninja,nivel,nombre_atributo,valor) 
values("Warlord Sakura","120","force",41000);
insert into stat_atributo(ninja,nivel,nombre_atributo,valor) 
values("Warlord Sakura","120","chakra",25000);
insert into stat_atributo(ninja,nivel,nombre_atributo,valor) 
values("Warlord Sakura","120","power",400000);
insert into stat_atributo(ninja,nivel,nombre_atributo,valor) 
values("Warlord Sakura","120","agility growth rate",39);
insert into stat_atributo(ninja,nivel,nombre_atributo,valor) 
values("Warlord Sakura","120","force growth rate",41);
insert into stat_atributo(ninja,nivel,nombre_atributo,valor) 
values("Warlord Sakura","120","chakra growth rate",25);
insert into stat_atributo(ninja,nivel,nombre_atributo,valor) 
values("Warlord Sakura","120","power growth rate",40);


/*update stat_atributo set valor=40 where ninja="Warlord Sakura" and nombre_atributo="chakra growth rate";*/
insert into ninja_skills(nombre,ninja,tipo,texto) 
values("Sakura Ilusion - Burst","Warlord Sakura","TALENT","Increases massive agility, health, and force by percentage, naturally has 86% speed, 65% damage rate, and 65% avoid-injury rate. When this ninja is alive on the field, increases all allies speed by 112%, damage reduction by 30%, damage dealt by 30%, increases all allies health (vanguard/assaulter/support) by 30%/50%/50%, decreases all enemy ninjas attack and damage rate by 30%. Every 10% loss in health makes all allies ignore 10% of enemy defense and increases crit chance by 5% (can break upper limit). When attacked, has 40% chance to remove all enemy ninjas buffs and 30% chance to make self and vanguard enter bond state for 2 rounds. Naturally ignores 55% of enemies control chances and 150% of reflective damage. Immune to chaos, charm, and death seed. ");
insert into skill_atributo(nombre_skill,nombre_ninja,tipo,accion,afecta,condicion,tiempo,nombre_atributo,valor)
values("Sakura Ilusion - Burst","Warlord Sakura","TALENT","increase","self","ninja is alive","battle ends","massive agility, health, and force by percentage",1);
insert into skill_atributo(nombre_skill,nombre_ninja,tipo,accion,afecta,condicion,tiempo,nombre_atributo,valor)
values("Sakura Ilusion - Burst","Warlord Sakura","TALENT","increase","self","ninja is alive","battle ends","speed %",86);
insert into skill_atributo(nombre_skill,nombre_ninja,tipo,accion,afecta,condicion,tiempo,nombre_atributo,valor)
values("Sakura Ilusion - Burst","Warlord Sakura","TALENT","increase","self","ninja is alive","battle ends","damage rate",65);
insert into skill_atributo(nombre_skill,nombre_ninja,tipo,accion,afecta,condicion,tiempo,nombre_atributo,valor)
values("Sakura Ilusion - Burst","Warlord Sakura","TALENT","increase","self","ninja is alive","battle ends","avoid injury rate",65);
insert into skill_atributo(nombre_skill,nombre_ninja,tipo,accion,afecta,condicion,tiempo,nombre_atributo,valor)
values("Sakura Ilusion - Burst","Warlord Sakura","TALENT","increase", "all allies","ninja is alive","battle ends","speed %",112);
insert into skill_atributo(nombre_skill,nombre_ninja,tipo,accion,afecta,condicion,tiempo,nombre_atributo,valor)
values("Sakura Ilusion - Burst","Warlord Sakura","TALENT","increase", "all allies","ninja is alive","battle ends","damage reduction",30);  
insert into skill_atributo(nombre_skill,nombre_ninja,tipo,accion,afecta,condicion,tiempo,nombre_atributo,valor)
values("Sakura Ilusion - Burst","Warlord Sakura","TALENT","increase", "all allies","ninja is alive","battle ends","damage dealt",30);
insert into skill_atributo(nombre_skill,nombre_ninja,tipo,accion,afecta,condicion,tiempo,nombre_atributo,valor)
values("Sakura Ilusion - Burst","Warlord Sakura","TALENT","increase", "ally Vanguard","ninja is alive","battle ends","HP",30);
insert into skill_atributo(nombre_skill,nombre_ninja,tipo,accion,afecta,condicion,tiempo,nombre_atributo,valor)
values("Sakura Ilusion - Burst","Warlord Sakura","TALENT","increase", "ally Assaulters","ninja is alive","battle ends","HP",50);
insert into skill_atributo(nombre_skill,nombre_ninja,tipo,accion,afecta,condicion,tiempo,nombre_atributo,valor)
values("Sakura Ilusion - Burst","Warlord Sakura","TALENT","increase", "ally Supports","ninja is alive","battle ends","HP",50);
insert into skill_atributo(nombre_skill,nombre_ninja,tipo,accion,afecta,condicion,tiempo,nombre_atributo,valor)
values("Sakura Ilusion - Burst","Warlord Sakura","TALENT","decrease", "all enemies","ninja is alive","battle ends","attack",30);
insert into skill_atributo(nombre_skill,nombre_ninja,tipo,accion,afecta,condicion,tiempo,nombre_atributo,valor)
values("Sakura Ilusion - Burst","Warlord Sakura","TALENT","decrease", "all enemies","ninja is alive","battle ends","damage rate",30);
insert into skill_atributo(nombre_skill,nombre_ninja,tipo,accion,afecta,condicion,tiempo,nombre_atributo,valor)
values("Sakura Ilusion - Burst","Warlord Sakura","TALENT","increase", "all allies","Every 10% loss in health","health is still losed","ignore enemy defense",10);
insert into skill_atributo(nombre_skill,nombre_ninja,tipo,accion,afecta,condicion,tiempo,nombre_atributo,valor)
values("Sakura Ilusion - Burst","Warlord Sakura","TALENT","increase", "all allies","Every 10% loss in health","health is still losed","crit chance(can break upper limit)",5);
insert into skill_atributo(nombre_skill,nombre_ninja,tipo,accion,afecta,condicion,tiempo,nombre_atributo,valor)
values("Sakura Ilusion - Burst","Warlord Sakura","TALENT","apply", "all enemies", "When attacked","for 2 round", "remove buffs",40);
insert into skill_atributo(nombre_skill,nombre_ninja,tipo,accion,afecta,condicion,tiempo,nombre_atributo,valor)
values("Sakura Ilusion - Burst","Warlord Sakura","TALENT","apply", "self", "When attacked","for 2 round","bond state",30);
insert into skill_atributo(nombre_skill,nombre_ninja,tipo,accion,afecta,condicion,tiempo,nombre_atributo,valor)
values("Sakura Ilusion - Burst","Warlord Sakura","TALENT","apply", "ally vanguard", "When attacked","for 2 round","bond state",30);
insert into skill_atributo(nombre_skill,nombre_ninja,tipo,accion,afecta,condicion,tiempo,nombre_atributo,valor)
values("Sakura Ilusion - Burst","Warlord Sakura","TALENT","increase", "self","ninja is alive","battle ends", "cc resistance",55);
insert into skill_atributo(nombre_skill,nombre_ninja,tipo,accion,afecta,condicion,tiempo,nombre_atributo,valor)
values("Sakura Ilusion - Burst","Warlord Sakura","TALENT","increase", "self","ninja is alive","battle ends", "reduce reflect damage",150);
insert into skill_atributo(nombre_skill,nombre_ninja,tipo,accion,afecta,condicion,tiempo,nombre_atributo,valor)
values("Sakura Ilusion - Burst","Warlord Sakura","TALENT","obtain","self","ninja is alive","battle ends","immune to chaos",1);
insert into skill_atributo(nombre_skill,nombre_ninja,tipo,accion,afecta,condicion,tiempo,nombre_atributo,valor)
values("Sakura Ilusion - Burst","Warlord Sakura","TALENT","obtain","self","ninja is alive","battle ends","immune to charm",1);
insert into skill_atributo(nombre_skill,nombre_ninja,tipo,accion,afecta,condicion,tiempo,nombre_atributo,valor)
values("Sakura Ilusion - Burst","Warlord Sakura","TALENT","obtain","self","ninja is alive","battle ends","immune to death seed",1);


insert into ninja_skills(nombre,ninja,tipo,texto) 
values("Sakura Ilusion - Slash","Warlord Sakura","SKILL","Attack all enemies with 320% growth rate, 90% chance to make enemies enter chaos for 2 rounds, has 100% chance to make enemy assaulter enter charm for 2 rounds, makes self and ally vanguard enter breaking wind status for 2 rounds, removes all allies debuffs, decreases all enemies attack and damage rate by 30% for 2 rounds. Recovers 68 fury for self, 30 fury for allies. (Charm: Increases 120% of damage dealt and damage rate, chaos effect, cannot be dispelled)");
insert into skill_atributo(nombre_skill,nombre_ninja,tipo,accion,afecta,condicion,tiempo,nombre_atributo,valor)
values("Sakura Ilusion - Slash","Warlord Sakura","SKILL","attack","all enemies","ninja attack","meanwhile attack","growth rate",320);
insert into skill_atributo(nombre_skill,nombre_ninja,tipo,accion,afecta,condicion,tiempo,nombre_atributo,valor)
values("Sakura Ilusion - Slash","Warlord Sakura","SKILL","apply","all enemies","ninja attack","for 2 rounds","chaos",90);
insert into skill_atributo(nombre_skill,nombre_ninja,tipo,accion,afecta,condicion,tiempo,nombre_atributo,valor)
values("Sakura Ilusion - Slash","Warlord Sakura","SKILL","apply","enemy assaulters","ninja attack","for 2 rounds","charm",100);
insert into skill_atributo(nombre_skill,nombre_ninja,tipo,accion,afecta,condicion,tiempo,nombre_atributo,valor)
values("Sakura Ilusion - Slash","Warlord Sakura","SKILL","apply","self","ninja attack","for 2 rounds","breaking wind status",1);
insert into skill_atributo(nombre_skill,nombre_ninja,tipo,accion,afecta,condicion,tiempo,nombre_atributo,valor)
values("Sakura Ilusion - Slash","Warlord Sakura","SKILL","apply","ally vanguard","ninja attack","for 2 rounds","breaking wind status",1);
insert into skill_atributo(nombre_skill,nombre_ninja,tipo,accion,afecta,condicion,tiempo,nombre_atributo,valor)	
values("Sakura Ilusion - Slash","Warlord Sakura","SKILL","apply","all allies","ninja attack","battle ends","remove debuffs",1);
insert into skill_atributo(nombre_skill,nombre_ninja,tipo,accion,afecta,condicion,tiempo,nombre_atributo,valor)
values("Sakura Ilusion - Slash","Warlord Sakura","SKILL","decrease", "all enemies","ninja attack","for 2 rounds", "damage rate",30);
insert into skill_atributo(nombre_skill,nombre_ninja,tipo,accion,afecta,condicion,tiempo,nombre_atributo,valor)
values("Sakura Ilusion - Slash","Warlord Sakura","SKILL","decrease", "all enemies","ninja attack","for 2 rounds", "attack",30);
insert into skill_atributo(nombre_skill,nombre_ninja,tipo,accion,afecta,condicion,tiempo,nombre_atributo,valor)
values("Sakura Ilusion - Slash","Warlord Sakura","SKILL","increase","all allies (except self)","ninja attack","for 2 rounds","fury",30);
insert into skill_atributo(nombre_skill,nombre_ninja,tipo,accion,afecta,condicion,tiempo,nombre_atributo,valor)
values("Sakura Ilusion - Slash","Warlord Sakura","SKILL","increase","self","ninja attack","for 2 rounds","fury",68);


insert into ninja_awakening(nombre,ninja,nivel,activo,tipo,texto)
values("Warlord Sakura Awakening Talent","Warlord Sakura","1ri",true,"TALENT","Increase ally vanguard speed by 8% and attack by 30%");
insert into ninja_awakening_atributo(nombre,ninja,nivel,accion,afecta,nombre_atributo,valor,tipo,condicion,tiempo)
values("Warlord Sakura Awakening Talent","Warlord Sakura","1ri","increase","ally Vanguard","speed %",8,"TALENT","ninja is alive","battle ends");
insert into ninja_awakening_atributo(nombre,ninja,nivel,accion,afecta,nombre_atributo,valor,tipo,condicion,tiempo)
values("Warlord Sakura Awakening Talent","Warlord Sakura","1ri","increase","ally Vanguard","attack",30,"TALENT","ninja is alive","battle ends");


/*Hyakki Sasori*/
insert into ninjas(nombre,chakra_nature,tipo,formacion) 
values("Hyakki Sasori","WATER","GENJUTSU","SUPPORT");
insert into ninja_stats(ninja,nivel) 
values("Hyakki Sasori","120");
insert into stat_atributo(ninja,nivel,nombre_atributo,valor) 
values("Hyakki Sasori","120","agility",40000);
insert into stat_atributo(ninja,nivel,nombre_atributo,valor) 
values("Hyakki Sasori","120","force",25000);
insert into stat_atributo(ninja,nivel,nombre_atributo,valor) 
values("Hyakki Sasori","120","chakra",38000);
insert into stat_atributo(ninja,nivel,nombre_atributo,valor) 
values("Hyakki Sasori","120","power",420000);
insert into stat_atributo(ninja,nivel,nombre_atributo,valor) 
values("Hyakki Sasori","120","agility growth rate",40);
insert into stat_atributo(ninja,nivel,nombre_atributo,valor) 
values("Hyakki Sasori","120","force growth rate",25);
insert into stat_atributo(ninja,nivel,nombre_atributo,valor) 
values("Hyakki Sasori","120","chakra growth rate",38);
insert into stat_atributo(ninja,nivel,nombre_atributo,valor) 
values("Hyakki Sasori","120","power growth rate",42);

/*update stat_atributo set valor=40 where ninja="Hyakki Sasori" and nombre_atributo="chakra growth rate";*/
insert into ninja_skills(nombre,ninja,tipo,texto) 
values("Red Secret Technique","Hyakki Sasori","TALENT","Increase massive agility,chakra, and health by percentage, naturally has 92% speed 70% Damage rate, and 60% avoid injury rate. When this ninja is alive on the field,increases all allies speed by 116%,health by 30%,damage rate by 30%,increase all lightning chakra nature attack by 30%,punch rate by 20%. Decrease enemy unactivated chakra nature immunity to cc by 20% decrease enemy earth chakra nature avoid injury rate by 30%, decrease enemy fire nature Ninjas DOT damage by 30% (Poison,Ignite,Power Loss,Orochi,Poison,Vein,Damage,Bleed,Split,Unification,Safeguard,Burst,Scorching Flame,Incinerate each by 30% growth rate.Naturally Ignores enemies attack by 10%, Reflective Damage by 150%, Ignores Super Flash. Immune to Disable,Void,Poison Wind.");
insert into skill_atributo(nombre_skill,nombre_ninja,tipo,accion,afecta,condicion,tiempo,nombre_atributo,valor)
values("Red Secret Technique","Hyakki Sasori","TALENT","increase","self","ninja is alive","battle ends","massive agility,chakra, and health by percentage",1);
insert into skill_atributo(nombre_skill,nombre_ninja,tipo,accion,afecta,condicion,tiempo,nombre_atributo,valor)
values("Red Secret Technique","Hyakki Sasori","TALENT","increase","self","ninja is alive","battle ends","speed %",92);
insert into skill_atributo(nombre_skill,nombre_ninja,tipo,accion,afecta,condicion,tiempo,nombre_atributo,valor)
values("Red Secret Technique","Hyakki Sasori","TALENT","increase","self","ninja is alive","battle ends","damage rate",70);
insert into skill_atributo(nombre_skill,nombre_ninja,tipo,accion,afecta,condicion,tiempo,nombre_atributo,valor)							
values("Red Secret Technique","Hyakki Sasori","TALENT","increase","self","ninja is alive","battle ends","avoid injury rate",60);
insert into skill_atributo(nombre_skill,nombre_ninja,tipo,accion,afecta,condicion,tiempo,nombre_atributo,valor)
values("Red Secret Technique","Hyakki Sasori","TALENT","increase", "all allies","ninja is alive","battle ends", "speed %",116);
insert into skill_atributo(nombre_skill,nombre_ninja,tipo,accion,afecta,condicion,tiempo,nombre_atributo,valor)
values("Red Secret Technique","Hyakki Sasori","TALENT","increase", "all allies","ninja is alive","battle ends", "HP",30); 
insert into skill_atributo(nombre_skill,nombre_ninja,tipo,accion,afecta,condicion,tiempo,nombre_atributo,valor)
values("Red Secret Technique","Hyakki Sasori","TALENT","increase", "all allies","ninja is alive","battle ends", "damage rate",30);  
insert into skill_atributo(nombre_skill,nombre_ninja,tipo,accion,afecta,condicion,tiempo,nombre_atributo,valor)
values("Red Secret Technique","Hyakki Sasori","TALENT","increase", "ally lightning chakra nature","ninja is alive","battle ends", "attack",30);
insert into skill_atributo(nombre_skill,nombre_ninja,tipo,accion,afecta,condicion,tiempo,nombre_atributo,valor)
values("Red Secret Technique","Hyakki Sasori","TALENT","increase", "ally lightning chakra nature","ninja is alive","battle ends", "punch rate",20);
insert into skill_atributo(nombre_skill,nombre_ninja,tipo,accion,afecta,condicion,tiempo,nombre_atributo,valor)
values("Red Secret Technique","Hyakki Sasori","TALENT","decrease", "enemy unactivated chakra nature","ninja is alive","battle ends", "cc resistance",20);
insert into skill_atributo(nombre_skill,nombre_ninja,tipo,accion,afecta,condicion,tiempo,nombre_atributo,valor)
values("Red Secret Technique","Hyakki Sasori","TALENT","decrease", "enemy earth chakra nature","ninja is alive","battle ends", "avoid injury rate",30);
insert into skill_atributo(nombre_skill,nombre_ninja,tipo,accion,afecta,condicion,tiempo,nombre_atributo,valor)
values("Red Secret Technique","Hyakki Sasori","TALENT","decrease", "enemy fire chakra nature","ninja is alive","battle ends", "DOT (Poison,Ignite,Power Loss,Orochi,Poison,Vein,Damage,Bleed,Split,Unification,Safeguard,Burst,Scorching Flame,Incinerate) damage by",30);
insert into skill_atributo(nombre_skill,nombre_ninja,tipo,accion,afecta,condicion,tiempo,nombre_atributo,valor)
values("Red Secret Technique","Hyakki Sasori","TALENT","increase", "self", "ninja is alive","battle ends","ignores enemy attack",10);
insert into skill_atributo(nombre_skill,nombre_ninja,tipo,accion,afecta,condicion,tiempo,nombre_atributo,valor)
values("Red Secret Technique","Hyakki Sasori","TALENT","increase", "self","ninja is alive","battle ends", "reduce reflect damage",150);
insert into skill_atributo(nombre_skill,nombre_ninja,tipo,accion,afecta,condicion,tiempo,nombre_atributo,valor)
values("Red Secret Technique","Hyakki Sasori","TALENT","obtain","self","ninja is alive","battle ends","ignore super flash",1);
insert into skill_atributo(nombre_skill,nombre_ninja,tipo,accion,afecta,condicion,tiempo,nombre_atributo,valor)
values("Red Secret Technique","Hyakki Sasori","TALENT","obtain","self","ninja is alive","battle ends","immune to Disable",1);
insert into skill_atributo(nombre_skill,nombre_ninja,tipo,accion,afecta,condicion,tiempo,nombre_atributo,valor)
values("Red Secret Technique","Hyakki Sasori","TALENT","obtain","self","ninja is alive","battle ends","immune to Void",1);
insert into skill_atributo(nombre_skill,nombre_ninja,tipo,accion,afecta,condicion,tiempo,nombre_atributo,valor)
values("Red Secret Technique","Hyakki Sasori","TALENT","obtain","self","ninja is alive","battle ends","immune to Poison Wind",1);

insert into ninja_skills(nombre,ninja,tipo,texto) 
values("Water and Fire","Hyakki Sasori","NORMAL_ATTACK","Attack all enemies with 330% growth rate,90% chance to make enemies enter Void state for 2 turns (Void: Avoid receiving skill damage but not normal attack damage. Cannot be Dispelled). 90% Chance to enter Wind Bound for 2 rounds, makes all Ninjas enter Forbid Fury (Forbid Fury:Disable to recover Fury in a round. Cannot be dispelled.) Dispel 3 random Enemies Buffs, gives ally Lightning Chakra nature ninjas heal state of 90% Growth rate Gives Ally Assaulter/Vanguard Shatter Storm for 2 turns.Makes ally Assaulter enter inmune control state for 2 round.");
insert into skill_atributo(nombre_skill,nombre_ninja,tipo,accion,afecta,condicion,tiempo,nombre_atributo,valor)
values("Water and Fire","Hyakki Sasori","NORMAL_ATTACK","attack","all enemies","ninja attack","battle ends","growth rate",330);
insert into skill_atributo(nombre_skill,nombre_ninja,tipo,accion,afecta,condicion,tiempo,nombre_atributo,valor)
values("Water and Fire","Hyakki Sasori","NORMAL_ATTACK","apply","all enemies","ninja attack","for 2 rounds","Void state",90);
insert into skill_atributo(nombre_skill,nombre_ninja,tipo,accion,afecta,condicion,tiempo,nombre_atributo,valor)
values("Water and Fire","Hyakki Sasori","NORMAL_ATTACK","apply","all enemies","ninja attack","for 2 rounds","Wind Bound state",90);
insert into skill_atributo(nombre_skill,nombre_ninja,tipo,accion,afecta,condicion,tiempo,nombre_atributo,valor)
values("Water and Fire","Hyakki Sasori","NORMAL_ATTACK","apply","all enemies","ninja attack","for 2 rounds","Forbid Fury state",1);
insert into skill_atributo(nombre_skill,nombre_ninja,tipo,accion,afecta,condicion,tiempo,nombre_atributo,valor)
values("Water and Fire","Hyakki Sasori","NORMAL_ATTACK","apply","3 random enemies","ninja attack","battle ends","remove buffs",1);
insert into skill_atributo(nombre_skill,nombre_ninja,tipo,accion,afecta,condicion,tiempo,nombre_atributo,valor) 
values("Water and Fire","Hyakki Sasori","NORMAL_ATTACK","apply","ally lightning chakra nature","ninja attack","for 2 rounds","heal state %",90);
insert into skill_atributo(nombre_skill,nombre_ninja,tipo,accion,afecta,condicion,tiempo,nombre_atributo,valor)
values("Water and Fire","Hyakki Sasori","NORMAL_ATTACK","apply","ally Vanguard","ninja attack","for 2 rounds","shatter storm state",1);
insert into skill_atributo(nombre_skill,nombre_ninja,tipo,accion,afecta,condicion,tiempo,nombre_atributo,valor)
values("Water and Fire","Hyakki Sasori","NORMAL_ATTACK","apply","ally Assaulters","ninja attack","for 2 rounds","shatter storm state",1);
insert into skill_atributo(nombre_skill,nombre_ninja,tipo,accion,afecta,condicion,tiempo,nombre_atributo,valor)
values("Water and Fire","Hyakki Sasori","NORMAL_ATTACK","apply","ally Assaulters","ninja attack","for 2 rounds","inmune control state",1);


insert into ninja_skills(nombre,ninja,tipo,texto) 
values("Puppets: Hyakki No Sen","Hyakki Sasori","SKILL","Attack all enemies with 300% Growth rate, 90% chance to Imprison State for 2 rounds and Poison with 120% growth rate for 3 rounds. Dispel all allies debuff's, gives ally Vanguard/Assaulter Fury Shield for 3 rounds. Decrease all enemy's counter rate by 40% and Heal rate by 50% for 3 rounds");
insert into skill_atributo(nombre_skill,nombre_ninja,tipo,accion,afecta,condicion,tiempo,nombre_atributo,valor)
values("Puppets: Hyakki No Sen","Hyakki Sasori","SKILL","attack","all enemies","ninja attack","attack ends","growth rate",300);
insert into skill_atributo(nombre_skill,nombre_ninja,tipo,accion,afecta,condicion,tiempo,nombre_atributo,valor)
values("Puppets: Hyakki No Sen","Hyakki Sasori","SKILL","apply","all enemies","ninja attack","for 2 rounds","Imprison State",90);
insert into skill_atributo(nombre_skill,nombre_ninja,tipo,accion,afecta,condicion,tiempo,nombre_atributo,valor)
values("Puppets: Hyakki No Sen","Hyakki Sasori","SKILL","apply","all enemies","ninja attack","for 3 rounds","Poison with 120% growth rate",90);
insert into skill_atributo(nombre_skill,nombre_ninja,tipo,accion,afecta,condicion,tiempo,nombre_atributo,valor)
values("Puppets: Hyakki No Sen","Hyakki Sasori","SKILL","apply","all allies","ninja attack","attack ends","remove debuffs",1);
insert into skill_atributo(nombre_skill,nombre_ninja,tipo,accion,afecta,condicion,tiempo,nombre_atributo,valor)
values("Puppets: Hyakki No Sen","Hyakki Sasori","SKILL","apply","ally Vanguard","ninja attack","for 3 rounds","fury shield",1);
insert into skill_atributo(nombre_skill,nombre_ninja,tipo,accion,afecta,condicion,tiempo,nombre_atributo,valor)
values("Puppets: Hyakki No Sen","Hyakki Sasori","SKILL","apply","ally Assaulters","ninja attack","for 3 rounds","fury shield",1);
insert into skill_atributo(nombre_skill,nombre_ninja,tipo,accion,afecta,condicion,tiempo,nombre_atributo,valor)
values("Puppets: Hyakki No Sen","Hyakki Sasori","SKILL","decrease","all enemies","ninja attack","for 3 rounds","counter rate",40);
insert into skill_atributo(nombre_skill,nombre_ninja,tipo,accion,afecta,condicion,tiempo,nombre_atributo,valor)
values("Puppets: Hyakki No Sen","Hyakki Sasori","SKILL","decrease","all enemies","ninja attack","for 3 rounds","heal rate",50);


 
insert into ninja_awakening(nombre,ninja,nivel,activo,tipo,texto)
values("Awaken Puppet control","Hyakki Sasori","1ri",true,"TALENT","Increase Block rate by 30%(Can break upper limit), Immune to charm");
insert into ninja_awakening_atributo(nombre,ninja,nivel,accion,afecta,nombre_atributo,valor,tipo,condicion,tiempo)
values("Awaken Puppet control","Hyakki Sasori","1ri","increase","self","block(can surpass limit)",30,"TALENT","ninja is alive","battle ends");
insert into ninja_awakening_atributo(nombre,ninja,nivel,accion,afecta,nombre_atributo,valor,tipo,condicion,tiempo)
values("Awaken Puppet control","Hyakki Sasori","1ri","obtain","self","immune to charm",1,"TALENT","ninja is alive","battle ends");


/*Animal path*/

insert into ninjas(nombre,chakra_nature,tipo,formacion) 
values("Animal Path","WATER","TAIJUTSU","VANGUARD");
insert into ninja_stats(ninja,nivel) 
values("Animal Path","120");
insert into stat_atributo(ninja,nivel,nombre_atributo,valor) 
values("Animal Path","120","agility",40000);
insert into stat_atributo(ninja,nivel,nombre_atributo,valor) 
values("Animal Path","120","force",25000);
insert into stat_atributo(ninja,nivel,nombre_atributo,valor) 
values("Animal Path","120","chakra",38000);
insert into stat_atributo(ninja,nivel,nombre_atributo,valor) 
values("Animal Path","120","power",420000);
insert into stat_atributo(ninja,nivel,nombre_atributo,valor) 
values("Animal Path","120","agility growth rate",40);
insert into stat_atributo(ninja,nivel,nombre_atributo,valor) 
values("Animal Path","120","force growth rate",25);
insert into stat_atributo(ninja,nivel,nombre_atributo,valor) 
values("Animal Path","120","chakra growth rate",38);
insert into stat_atributo(ninja,nivel,nombre_atributo,valor) 
values("Animal Path","120","power growth rate",42);


/*update stat_atributo set valor=40 where ninja="Animal Path" and nombre_atributo="chakra growth rate";*/
insert into ninja_skills(nombre,ninja,tipo,texto) 
values("Summoning Rinnegan","Animal Path","TALENT","Increases massive chakra, power,and health by percentage.Percentage increase 86% speed,65% damage rate and 65% immune damage rate.When this ninja in the formation,,increase all allies speed by 112% ,health by 30% and attack by 30%.Increase ally ray chakra ninja'swreck rate by 40%(Can be break),control rate by 30%,and finnal damage increase rate by 30%.Increase ally water chakra ninja's defense by 60%,finnal damage decrease rate by 25% and immune damage reate by 40%.Decrease all enemies attack by 30%.Natural ignore enemies 10% attack,55% control rate and 150% reflect damage rate,immune chaos,charm and death seed.");
insert into skill_atributo(nombre_skill,nombre_ninja,tipo,accion,afecta,condicion,tiempo,nombre_atributo,valor)
values("Summoning Rinnegan","Animal Path","TALENT","increase","self","ninja is alive","battle ends","massive chakra, power,and health by percentage",1);
insert into skill_atributo(nombre_skill,nombre_ninja,tipo,accion,afecta,condicion,tiempo,nombre_atributo,valor)
values("Summoning Rinnegan","Animal Path","TALENT","increase","self","ninja is alive","battle ends","speed %",86);
insert into skill_atributo(nombre_skill,nombre_ninja,tipo,accion,afecta,condicion,tiempo,nombre_atributo,valor)
values("Summoning Rinnegan","Animal Path","TALENT","increase","self","ninja is alive","battle ends","damage rate",65);
insert into skill_atributo(nombre_skill,nombre_ninja,tipo,accion,afecta,condicion,tiempo,nombre_atributo,valor)							
values("Summoning Rinnegan","Animal Path","TALENT","increase","self","ninja is alive","battle ends","avoid injury rate",65);
insert into skill_atributo(nombre_skill,nombre_ninja,tipo,accion,afecta,condicion,tiempo,nombre_atributo,valor)
values("Summoning Rinnegan","Animal Path","TALENT","increase", "all allies", "ninja is alive","battle ends","speed %",112);
insert into skill_atributo(nombre_skill,nombre_ninja,tipo,accion,afecta,condicion,tiempo,nombre_atributo,valor)
values("Summoning Rinnegan","Animal Path","TALENT","increase", "all allies","ninja is alive","battle ends", "HP",30); 
insert into skill_atributo(nombre_skill,nombre_ninja,tipo,accion,afecta,condicion,tiempo,nombre_atributo,valor)
values("Summoning Rinnegan","Animal Path","TALENT","increase", "all allies", "ninja is alive","battle ends","attack",30);  
insert into skill_atributo(nombre_skill,nombre_ninja,tipo,accion,afecta,condicion,tiempo,nombre_atributo,valor)
values("Summoning Rinnegan","Animal Path","TALENT","reduce", "all enemies", "ninja is alive","battle ends","attack",30);  
insert into skill_atributo(nombre_skill,nombre_ninja,tipo,accion,afecta,condicion,tiempo,nombre_atributo,valor)
values("Summoning Rinnegan","Animal Path","TALENT","increase", "ally lightning chakra nature", "ninja is alive","battle ends","s.attack(can break the limit)",40);
insert into skill_atributo(nombre_skill,nombre_ninja,tipo,accion,afecta,condicion,tiempo,nombre_atributo,valor)
values("Summoning Rinnegan","Animal Path","TALENT","increase", "ally lightning chakra nature","ninja is alive","battle ends", "cc succes rate",30);
insert into skill_atributo(nombre_skill,nombre_ninja,tipo,accion,afecta,condicion,tiempo,nombre_atributo,valor)
values("Summoning Rinnegan","Animal Path","TALENT","increase", "ally lightning chakra nature","ninja is alive","battle ends", "final damage increase rate",30);
insert into skill_atributo(nombre_skill,nombre_ninja,tipo,accion,afecta,condicion,tiempo,nombre_atributo,valor)
values("Summoning Rinnegan","Animal Path","TALENT","increase", "ally water chakra nature","ninja is alive","battle ends", "defense",60);
insert into skill_atributo(nombre_skill,nombre_ninja,tipo,accion,afecta,condicion,tiempo,nombre_atributo,valor)
values("Summoning Rinnegan","Animal Path","TALENT","increase", "ally water chakra nature", "ninja is alive","battle ends","final damage decrease rate",25);
insert into skill_atributo(nombre_skill,nombre_ninja,tipo,accion,afecta,condicion,tiempo,nombre_atributo,valor)
values("Summoning Rinnegan","Animal Path","TALENT","increase", "ally water chakra nature","ninja is alive","battle ends", "avoid injury rate",40);
insert into skill_atributo(nombre_skill,nombre_ninja,tipo,accion,afecta,condicion,tiempo,nombre_atributo,valor)
values("Summoning Rinnegan","Animal Path","TALENT","increase", "self", "ninja is alive","battle ends","ignores enemy attack",10);
insert into skill_atributo(nombre_skill,nombre_ninja,tipo,accion,afecta,condicion,tiempo,nombre_atributo,valor)
values("Summoning Rinnegan","Animal Path","TALENT","increase", "self", "ninja is alive","battle ends","reduce reflect damage",150);
insert into skill_atributo(nombre_skill,nombre_ninja,tipo,accion,afecta,condicion,tiempo,nombre_atributo,valor)
values("Summoning Rinnegan","Animal Path","TALENT","increase", "self","ninja is alive","battle ends", "cc resistance",55);
insert into skill_atributo(nombre_skill,nombre_ninja,tipo,accion,afecta,condicion,tiempo,nombre_atributo,valor)
values("Summoning Rinnegan","Animal Path","TALENT","obtain", "self", "ninja is alive","battle ends","immune to chaos",1);
insert into skill_atributo(nombre_skill,nombre_ninja,tipo,accion,afecta,condicion,tiempo,nombre_atributo,valor)
values("Summoning Rinnegan","Animal Path","TALENT","obtain", "self","ninja is alive","battle ends", "immune to charm",1);
insert into skill_atributo(nombre_skill,nombre_ninja,tipo,accion,afecta,condicion,tiempo,nombre_atributo,valor)
values("Summoning Rinnegan","Animal Path","TALENT","obtain", "self","ninja is alive","battle ends", "immune to death seed",1);

/*ALTER TABLE ninja_skills MODIFY  COLUMN texto varchar(2000);*/

insert into ninja_skills(nombre,ninja,tipo,texto) 
values("Psychic: Chameleon","Animal Path","NORMAL_ATTACK","Attack all enemis with 150% growth rate,recover all allies health rate by 120%,and triggers the following effects:1.Triggers following effects to enemy soil chakra ninja:Double attack with 400% rate(Physical attacks),100% chance to makes him enter seal state and upwind state for 2 round,disperse his other buff;2.Triggers following effects to enemy fire chakre ninja:Make physical penetrating damage with 100% rate,100% chance to makes him enter wind bond state and incinerate state with 120% rate for 2 round,decrease immune control rate by 30% for 2 round;3.Triggers following effects to enemy wind chakra ninja:Make strategy penetrating damage with 100% rate,100% chance to makes him enter freeze state and weak state for 2 round,decrease control rate by 30% for 2 round;4.Triggers following effects to enemy ray chakra ninja,water chakre ninja and no chakra ninja:Double attack with 400% rate(Strategy attacks),100% chance to makes him enter bind state for 2 round,decrease attack and denfense by 30% for 2 round;5.Triggers following effects to ally ray chakre ninja:Add upwind state for 2 round, increase crit rate by 30%(can be break), disperse debuff;6.Triggers following effects to ally water chakre ninja:Add bond state for 2 round,enter wind shield state for 2 round (10% rate).Increase 200% defense for 2 round;");
insert into skill_atributo(nombre_skill,nombre_ninja,tipo,accion,afecta,condicion,tiempo,nombre_atributo,valor)
values("Psychic: Chameleon","Animal Path","NORMAL_ATTACK","attack","all enemies","ninja attack","attack ends","growth rate",150);
insert into skill_atributo(nombre_skill,nombre_ninja,tipo,accion,afecta,condicion,tiempo,nombre_atributo,valor)
values("Psychic: Chameleon","Animal Path","NORMAL_ATTACK","recover","all enemies","ninja attack","attack ends","health",120);

insert into skill_atributo(nombre_skill,nombre_ninja,tipo,accion,afecta,condicion,tiempo,nombre_atributo,valor)
values("Psychic: Chameleon","Animal Path","NORMAL_ATTACK","attack","enemy earth chakra nature","ninja attack","attack ends","growth rate",400);
insert into skill_atributo(nombre_skill,nombre_ninja,tipo,accion,afecta,condicion,tiempo,nombre_atributo,valor)
values("Psychic: Chameleon","Animal Path","NORMAL_ATTACK","apply","enemy earth chakra nature","ninja attack","for 2 rounds","seal state",100);
insert into skill_atributo(nombre_skill,nombre_ninja,tipo,accion,afecta,condicion,tiempo,nombre_atributo,valor)
values("Psychic: Chameleon","Animal Path","NORMAL_ATTACK","apply","enemy earth chakra nature","ninja attack","for 2 rounds","upwind state",100);
insert into skill_atributo(nombre_skill,nombre_ninja,tipo,accion,afecta,condicion,tiempo,nombre_atributo,valor)
values("Psychic: Chameleon","Animal Path","NORMAL_ATTACK","apply","enemy earth chakra nature","ninja attack","attack ends","remove buffs",1);

insert into skill_atributo(nombre_skill,nombre_ninja,tipo,accion,afecta,condicion,tiempo,nombre_atributo,valor)
values("Psychic: Chameleon","Animal Path","NORMAL_ATTACK","attack","enemy fire chakra nature","ninja attack","attack ends","physical penetrating damage with",100);
insert into skill_atributo(nombre_skill,nombre_ninja,tipo,accion,afecta,condicion,tiempo,nombre_atributo,valor)
values("Psychic: Chameleon","Animal Path","NORMAL_ATTACK","apply","enemy fire chakra nature","ninja attack","for 2 rounds","wind bond state",100);
insert into skill_atributo(nombre_skill,nombre_ninja,tipo,accion,afecta,condicion,tiempo,nombre_atributo,valor)
values("Psychic: Chameleon","Animal Path","NORMAL_ATTACK","apply","enemys fire chakra nature","ninja attack","for 2 rounds","incinerate state with 120% rate",100);
insert into skill_atributo(nombre_skill,nombre_ninja,tipo,accion,afecta,condicion,tiempo,nombre_atributo,valor)
values("Psychic: Chameleon","Animal Path","NORMAL_ATTACK","decrease","enemy fire chakra nature","ninja attack","for 2 rounds","cc resistance",30);

insert into skill_atributo(nombre_skill,nombre_ninja,tipo,accion,afecta,condicion,tiempo,nombre_atributo,valor)
values("Psychic: Chameleon","Animal Path","NORMAL_ATTACK","attack","enemy wind chakra nature","ninja attack","attack ends","strategy penetrating damage with",100);
insert into skill_atributo(nombre_skill,nombre_ninja,tipo,accion,afecta,condicion,tiempo,nombre_atributo,valor)
values("Psychic: Chameleon","Animal Path","NORMAL_ATTACK","apply","enemy wind chakra nature","ninja attack","for 2 rounds","freeze state",100);
insert into skill_atributo(nombre_skill,nombre_ninja,tipo,accion,afecta,condicion,tiempo,nombre_atributo,valor)
values("Psychic: Chameleon","Animal Path","NORMAL_ATTACK","apply","enemy wind chakra nature","ninja attack","for 2 rounds","weak state",100);
insert into skill_atributo(nombre_skill,nombre_ninja,tipo,accion,afecta,condicion,tiempo,nombre_atributo,valor)
values("Psychic: Chameleon","Animal Path","NORMAL_ATTACK","decrease","enemy wind chakra nature","ninja attack","for 2 rounds","cc succes rate",30);

insert into skill_atributo(nombre_skill,nombre_ninja,tipo,accion,afecta,condicion,tiempo,nombre_atributo,valor) 
values("Psychic: Chameleon","Animal Path","NORMAL_ATTACK","attack","enemy lightning chakra nature","ninja attack","attack ends","growth rate",400);
insert into skill_atributo(nombre_skill,nombre_ninja,tipo,accion,afecta,condicion,tiempo,nombre_atributo,valor)
values("Psychic: Chameleon","Animal Path","NORMAL_ATTACK","apply","enemy lightning chakra nature","ninja attack","for 2 rounds","bind state",100);
insert into skill_atributo(nombre_skill,nombre_ninja,tipo,accion,afecta,condicion,tiempo,nombre_atributo,valor)     
values("Psychic: Chameleon","Animal Path","NORMAL_ATTACK","decrease","enemy lightning chakra nature","ninja attack","for 2 rounds","attack",30);
insert into skill_atributo(nombre_skill,nombre_ninja,tipo,accion,afecta,condicion,tiempo,nombre_atributo,valor)     
values("Psychic: Chameleon","Animal Path","NORMAL_ATTACK","decrease","enemy lightning chakra nature","ninja attack","for 2 rounds","defense",30);
insert into skill_atributo(nombre_skill,nombre_ninja,tipo,accion,afecta,condicion,tiempo,nombre_atributo,valor) 
values("Psychic: Chameleon","Animal Path","NORMAL_ATTACK","attack","enemy water chakra nature","ninja attack","attack ends","growth rate",400);
insert into skill_atributo(nombre_skill,nombre_ninja,tipo,accion,afecta,condicion,tiempo,nombre_atributo,valor)
values("Psychic: Chameleon","Animal Path","NORMAL_ATTACK","apply","enemy water chakra nature","ninja attack","for 2 rounds","bind state",100);
insert into skill_atributo(nombre_skill,nombre_ninja,tipo,accion,afecta,condicion,tiempo,nombre_atributo,valor)     
values("Psychic: Chameleon","Animal Path","NORMAL_ATTACK","decrease","enemy water chakra nature","ninja attack","for 2 rounds","attack",30);
insert into skill_atributo(nombre_skill,nombre_ninja,tipo,accion,afecta,condicion,tiempo,nombre_atributo,valor)     
values("Psychic: Chameleon","Animal Path","NORMAL_ATTACK","decrease","enemy water chakra nature","ninja attack","for 2 rounds","defense",30);

insert into skill_atributo(nombre_skill,nombre_ninja,tipo,accion,afecta,condicion,tiempo,nombre_atributo,valor) 
values("Psychic: Chameleon","Animal Path","NORMAL_ATTACK","attack","enemy unactivated chakra nature","ninja attack","attack ends","growth rate",400);
insert into skill_atributo(nombre_skill,nombre_ninja,tipo,accion,afecta,condicion,tiempo,nombre_atributo,valor)
values("Psychic: Chameleon","Animal Path","NORMAL_ATTACK","apply","enemy unactivated chakra nature","ninja attack","for 2 rounds","bind state",100);
insert into skill_atributo(nombre_skill,nombre_ninja,tipo,accion,afecta,condicion,tiempo,nombre_atributo,valor)     
values("Psychic: Chameleon","Animal Path","NORMAL_ATTACK","decrease","enemy unactivated chakra nature","ninja attack","for 2 rounds","attack",30);
insert into skill_atributo(nombre_skill,nombre_ninja,tipo,accion,afecta,condicion,tiempo,nombre_atributo,valor)     
values("Psychic: Chameleon","Animal Path","NORMAL_ATTACK","decrease","enemy unactivated chakra nature","ninja attack","for 2 rounds","defense",30);

insert into skill_atributo(nombre_skill,nombre_ninja,tipo,accion,afecta,condicion,tiempo,nombre_atributo,valor) 
values("Psychic: Chameleon","Animal Path","NORMAL_ATTACK","apply","ally lightning chakra nature","ninja attack","for 2 rounds","upwind state",1);
insert into skill_atributo(nombre_skill,nombre_ninja,tipo,accion,afecta,condicion,tiempo,nombre_atributo,valor)
values("Psychic: Chameleon","Animal Path","NORMAL_ATTACK","increase","ally lightning chakra nature","ninja attack","for 2 rounds","critical chance(can surpass limit)",30);
insert into skill_atributo(nombre_skill,nombre_ninja,tipo,accion,afecta,condicion,tiempo,nombre_atributo,valor)     
values("Psychic: Chameleon","Animal Path","NORMAL_ATTACK","apply","ally lightning chakra nature","ninja attack","attack ends","remove debuffs",1);


insert into skill_atributo(nombre_skill,nombre_ninja,tipo,accion,afecta,condicion,tiempo,nombre_atributo,valor)     
values("Psychic: Chameleon","Animal Path","NORMAL_ATTACK","apply","ally water chakra nature","ninja attack","for 2 rounds","bond state",1);
insert into skill_atributo(nombre_skill,nombre_ninja,tipo,accion,afecta,condicion,tiempo,nombre_atributo,valor)     
values("Psychic: Chameleon","Animal Path","NORMAL_ATTACK","apply","ally water chakra nature","ninja attack","for 2 rounds","fury shield",10);
insert into skill_atributo(nombre_skill,nombre_ninja,tipo,accion,afecta,condicion,tiempo,nombre_atributo,valor)     
values("Psychic: Chameleon","Animal Path","NORMAL_ATTACK","increase","ally water chakra nature","ninja attack","for 2 rounds","defense",200);


insert into ninja_skills(nombre,ninja,tipo,texto) 
values("PsychicHellhound","Animal Path","SKILL","Attack all enemis with 330% growth rate,30% chance to make self enter super dodge state for 2 round,50% chance to make ally Supports enter super dodge for 3 round.Increase all allies damage by 50%,and increase all allies immune damage rate for 3 round.Decrease all enemies damage rate by 50%,and immune damage rate for 3 round.Disperse all enemies buff and make them can be added any buff state for 3 round.");
insert into skill_atributo(nombre_skill,nombre_ninja,tipo,accion,afecta,condicion,tiempo,nombre_atributo,valor)
values("PsychicHellhound","Animal Path","SKILL","attack","all enemies","ninja attack","attack ends","growth rate",330);
insert into skill_atributo(nombre_skill,nombre_ninja,tipo,accion,afecta,condicion,tiempo,nombre_atributo,valor)
values("PsychicHellhound","Animal Path","SKILL","apply","self","ninja attack","for 2 rounds","super dodge state",30);
insert into skill_atributo(nombre_skill,nombre_ninja,tipo,accion,afecta,condicion,tiempo,nombre_atributo,valor)
values("PsychicHellhound","Animal Path","SKILL","apply","ally Supports","ninja attack","for 3 rounds","super dodge state",50);
insert into skill_atributo(nombre_skill,nombre_ninja,tipo,accion,afecta,condicion,tiempo,nombre_atributo,valor)
values("PsychicHellhound","Animal Path","SKILL","increase","all allies","ninja attack","for 3 rounds","damage rate",50);
insert into skill_atributo(nombre_skill,nombre_ninja,tipo,accion,afecta,condicion,tiempo,nombre_atributo,valor)
values("PsychicHellhound","Animal Path","SKILL","increase","all allies","ninja attack","for 3 rounds","avoid injury rate",50);
insert into skill_atributo(nombre_skill,nombre_ninja,tipo,accion,afecta,condicion,tiempo,nombre_atributo,valor)
values("PsychicHellhound","Animal Path","SKILL","decrease","all enemies","ninja attack","for 3 rounds","damage rate",50);
insert into skill_atributo(nombre_skill,nombre_ninja,tipo,accion,afecta,condicion,tiempo,nombre_atributo,valor)
values("PsychicHellhound","Animal Path","SKILL","decrease","all enemies","ninja attack","for 3 rounds","avoid injury rate",50);
insert into skill_atributo(nombre_skill,nombre_ninja,tipo,accion,afecta,condicion,tiempo,nombre_atributo,valor)
values("PsychicHellhound","Animal Path","SKILL","apply","all enemies","ninja attack","battle ends","remove buffs",1);
insert into skill_atributo(nombre_skill,nombre_ninja,tipo,accion,afecta,condicion,tiempo,nombre_atributo,valor)
values("PsychicHellhound","Animal Path","SKILL","apply","all enemies","ninja attack","for 3 rounds","unable gain buffs state",1);


insert into ninja_awakening(nombre,ninja,nivel,activo,tipo,texto)
values("PsychicPanda","Animal Path","1ri",true,"TALENT","Increase Block rate by 30%(Can break upper limit)");
insert into ninja_awakening_atributo(nombre,ninja,nivel,accion,afecta,nombre_atributo,valor,tipo,condicion,tiempo)
values("PsychicPanda","Animal Path","1ri","increase","self","block(can surpass limit)",30,"TALENT","ninja is alive","battle ends");




/*kurotsuchi*/
insert into ninjas(nombre,chakra_nature,tipo,formacion) 
values("Kurotsuchi","WATER","GENJUTSU","SUPPORT");
insert into ninja_stats(ninja,nivel) 
values("Kurotsuchi","120");
insert into stat_atributo(ninja,nivel,nombre_atributo,valor) 
values("Kurotsuchi","120","agility",38000);
insert into stat_atributo(ninja,nivel,nombre_atributo,valor) 
values("Kurotsuchi","120","force",22000);
insert into stat_atributo(ninja,nivel,nombre_atributo,valor) 
values("Kurotsuchi","120","chakra",40000);
insert into stat_atributo(ninja,nivel,nombre_atributo,valor) 
values("Kurotsuchi","120","power",450000);
insert into stat_atributo(ninja,nivel,nombre_atributo,valor) 
values("Kurotsuchi","120","agility growth rate",38);
insert into stat_atributo(ninja,nivel,nombre_atributo,valor) 
values("Kurotsuchi","120","force growth rate",22);
insert into stat_atributo(ninja,nivel,nombre_atributo,valor) 
values("Kurotsuchi","120","chakra growth rate",40);
insert into stat_atributo(ninja,nivel,nombre_atributo,valor) 
values("Kurotsuchi","120","power growth rate",45);

/*update stat_atributo set valor=40 where ninja="Kurotsuchi" and nombre_atributo="chakra growth rate";*/
insert into ninja_skills(nombre,ninja,tipo,texto) 
values("Lava Release","Kurotsuchi","TALENT","Increase massive agility, spirit, and health by percentage, born with 92% speed, 60% damage rate and 70% immune damage rate. When this ninja is in battle, increase all allies speed by 116%. hp by 30% immune damage rate by 40% and defence , increase allies assaulters and supports immune penetrate rate by 30%, decrease enemies support control rate by 20%, after be attacked recover all allies hp rate by 40% and has 30% chance to make self and vanguard enter immune control state for 2 rounds. Natural immune enemies ignore defence rate by 40%, Immune chaos, charm and death seed");
insert into skill_atributo(nombre_skill,nombre_ninja,tipo,accion,afecta,condicion,tiempo,nombre_atributo,valor)
values("Lava Release","Kurotsuchi","TALENT","increase","self","ninja is alive","battle ends","massive agility, spirit, and health by percentage",1);
insert into skill_atributo(nombre_skill,nombre_ninja,tipo,accion,afecta,condicion,tiempo,nombre_atributo,valor)
values("Lava Release","Kurotsuchi","TALENT","increase","self","ninja is alive","battle ends","speed %",92);
insert into skill_atributo(nombre_skill,nombre_ninja,tipo,accion,afecta,condicion,tiempo,nombre_atributo,valor)
values("Lava Release","Kurotsuchi","TALENT","increase","self","ninja is alive","battle ends","damage rate",60);
insert into skill_atributo(nombre_skill,nombre_ninja,tipo,accion,afecta,condicion,tiempo,nombre_atributo,valor)
values("Lava Release","Kurotsuchi","TALENT","increase","self","ninja is alive","battle ends","avoid injury rate",70);
insert into skill_atributo(nombre_skill,nombre_ninja,tipo,accion,afecta,condicion,tiempo,nombre_atributo,valor)
values("Lava Release","Kurotsuchi","TALENT","increase", "all allies","ninja is alive","battle ends","speed %",116);
insert into skill_atributo(nombre_skill,nombre_ninja,tipo,accion,afecta,condicion,tiempo,nombre_atributo,valor)
values("Lava Release","Kurotsuchi","TALENT","increase", "all allies","ninja is alive","battle ends","HP",30);
insert into skill_atributo(nombre_skill,nombre_ninja,tipo,accion,afecta,condicion,tiempo,nombre_atributo,valor)
values("Lava Release","Kurotsuchi","TALENT","increase", "all allies","ninja is alive","battle ends","avoid injury rate",40);  
insert into skill_atributo(nombre_skill,nombre_ninja,tipo,accion,afecta,condicion,tiempo,nombre_atributo,valor)
values("Lava Release","Kurotsuchi","TALENT","increase", "all allies","ninja is alive","battle ends","defense",40);
insert into skill_atributo(nombre_skill,nombre_ninja,tipo,accion,afecta,condicion,tiempo,nombre_atributo,valor)
values("Lava Release","Kurotsuchi","TALENT","increase", "ally Assaulters","ninja is alive","battle ends","inmune penetrate",30);
insert into skill_atributo(nombre_skill,nombre_ninja,tipo,accion,afecta,condicion,tiempo,nombre_atributo,valor)
values("Lava Release","Kurotsuchi","TALENT","increase", "ally Supports","ninja is alive","battle ends","inmune penetrate",30);
insert into skill_atributo(nombre_skill,nombre_ninja,tipo,accion,afecta,condicion,tiempo,nombre_atributo,valor)
values("Lava Release","Kurotsuchi","TALENT","decrease", "enemy Support","ninja is alive","battle ends","cc succes rate",20);
insert into skill_atributo(nombre_skill,nombre_ninja,tipo,accion,afecta,condicion,tiempo,nombre_atributo,valor)
values("Lava Release","Kurotsuchi","TALENT","apply", "self","when attacked","for 2 rounds","immune control state",1);
insert into skill_atributo(nombre_skill,nombre_ninja,tipo,accion,afecta,condicion,tiempo,nombre_atributo,valor)
values("Lava Release","Kurotsuchi","TALENT","apply", "ally Vanguard","when attacked","for 2 rounds","immune control state",1);
insert into skill_atributo(nombre_skill,nombre_ninja,tipo,accion,afecta,condicion,tiempo,nombre_atributo,valor)
values("Lava Release","Kurotsuchi","TALENT","recover", "all allies","when attacked","attack ends","hp rate",40);
insert into skill_atributo(nombre_skill,nombre_ninja,tipo,accion,afecta,condicion,tiempo,nombre_atributo,valor)
values("Lava Release","Kurotsuchi","TALENT","obtain","self","ninja is alive","battle ends","resistance",40);
insert into skill_atributo(nombre_skill,nombre_ninja,tipo,accion,afecta,condicion,tiempo,nombre_atributo,valor)
values("Lava Release","Kurotsuchi","TALENT","obtain","self","ninja is alive","battle ends","immune to chaos",1);
insert into skill_atributo(nombre_skill,nombre_ninja,tipo,accion,afecta,condicion,tiempo,nombre_atributo,valor)
values("Lava Release","Kurotsuchi","TALENT","obtain","self","ninja is alive","battle ends","immune to charm",1);
insert into skill_atributo(nombre_skill,nombre_ninja,tipo,accion,afecta,condicion,tiempo,nombre_atributo,valor)
values("Lava Release","Kurotsuchi","TALENT","obtain","self","ninja is alive","battle ends","immune to death seed",1);


insert into ninja_skills(nombre,ninja,tipo,texto) 
values("Earth Release Ultra-Added-Weight Rock","Kurotsuchi","SKILL","attack all enemies with growth rate 250%, has 90% chance to make enemies enter control state for 2 rounds (appear one of imprision and freeze, one of petrification and collapse) make enemy support enter weak state for 2 rounds, decrease enemies attack and punch rate by 30% for 2 rounds, increase allies support 200% defence for 2 rounds, dispel all enemies buff, recover 68 fury for self and 30 for others");
insert into skill_atributo(nombre_skill,nombre_ninja,tipo,accion,afecta,condicion,tiempo,nombre_atributo,valor)
values("Earth Release Ultra-Added-Weight Rock","Kurotsuchi","SKILL","attack","all enemies","ninja attack","meanwhile attack","growth rate",250);
insert into skill_atributo(nombre_skill,nombre_ninja,tipo,accion,afecta,condicion,tiempo,nombre_atributo,valor)
values("Earth Release Ultra-Added-Weight Rock","Kurotsuchi","SKILL","apply","all enemies","ninja attack","for 2 rounds","imprision",90);
insert into skill_atributo(nombre_skill,nombre_ninja,tipo,accion,afecta,condicion,tiempo,nombre_atributo,valor)
values("Earth Release Ultra-Added-Weight Rock","Kurotsuchi","SKILL","apply","all enemies","ninja attack","for 2 rounds","freze",90);
insert into skill_atributo(nombre_skill,nombre_ninja,tipo,accion,afecta,condicion,tiempo,nombre_atributo,valor)
values("Earth Release Ultra-Added-Weight Rock","Kurotsuchi","SKILL","apply","all enemies","ninja attack","for 2 rounds","petrification",90);
insert into skill_atributo(nombre_skill,nombre_ninja,tipo,accion,afecta,condicion,tiempo,nombre_atributo,valor)
values("Earth Release Ultra-Added-Weight Rock","Kurotsuchi","SKILL","apply","all enemies","ninja attack","for 2 rounds","collapse",90);
insert into skill_atributo(nombre_skill,nombre_ninja,tipo,accion,afecta,condicion,tiempo,nombre_atributo,valor)
values("Earth Release Ultra-Added-Weight Rock","Kurotsuchi","SKILL","apply","enemy supports","ninja attack","for 2 rounds","weak state",1);
insert into skill_atributo(nombre_skill,nombre_ninja,tipo,accion,afecta,condicion,tiempo,nombre_atributo,valor)	
values("Earth Release Ultra-Added-Weight Rock","Kurotsuchi","SKILL","apply","all enemies","ninja attack","battle ends","remove buffs",1);
insert into skill_atributo(nombre_skill,nombre_ninja,tipo,accion,afecta,condicion,tiempo,nombre_atributo,valor)
values("Earth Release Ultra-Added-Weight Rock","Kurotsuchi","SKILL","decrease", "all enemies","ninja attack","for 2 rounds", "attack",30);
insert into skill_atributo(nombre_skill,nombre_ninja,tipo,accion,afecta,condicion,tiempo,nombre_atributo,valor)
values("Earth Release Ultra-Added-Weight Rock","Kurotsuchi","SKILL","decrease", "all enemies","ninja attack","for 2 rounds", "punch rate",30);
insert into skill_atributo(nombre_skill,nombre_ninja,tipo,accion,afecta,condicion,tiempo,nombre_atributo,valor)
values("Earth Release Ultra-Added-Weight Rock","Kurotsuchi","SKILL","increase","ally Supports","ninja attack","for 2 rounds","defense",200);
insert into skill_atributo(nombre_skill,nombre_ninja,tipo,accion,afecta,condicion,tiempo,nombre_atributo,valor)
values("Earth Release Ultra-Added-Weight Rock","Kurotsuchi","SKILL","increase","self","ninja attack","attack ends","fury",68);
insert into skill_atributo(nombre_skill,nombre_ninja,tipo,accion,afecta,condicion,tiempo,nombre_atributo,valor)
values("Earth Release Ultra-Added-Weight Rock","Kurotsuchi","SKILL","increase","all allies (except self)","ninja attack","attack ends","fury",30);


insert into ninja_awakening(nombre,ninja,nivel,activo,tipo,texto)
values("Earth Style Wall","Kurotsuchi","1ri",true,"TALENT","after be attacked has 50% chance to dispel self debuff, immune imprision");
insert into ninja_awakening_atributo(nombre,ninja,nivel,accion,afecta,nombre_atributo,valor,tipo,condicion,tiempo)
values("Earth Style Wall","Kurotsuchi","1ri","apply","self","remove debuffs",50,"TALENT","when attacked","attack ends");
insert into ninja_awakening_atributo(nombre,ninja,nivel,accion,afecta,nombre_atributo,valor,tipo,condicion,tiempo)
values("Earth Style Wall","Kurotsuchi","1ri","apply","self","immune imprision",1,"TALENT","ninja is alive","battle ends");


/*Mito*/
insert into ninjas(nombre,chakra_nature,tipo,formacion) 
values("Mito","WATER","GENJUTSU","SUPPORT");
insert into ninja_stats(ninja,nivel) 
values("Mito","120");
insert into stat_atributo(ninja,nivel,nombre_atributo,valor) 
values("Mito","120","agility",40000);
insert into stat_atributo(ninja,nivel,nombre_atributo,valor) 
values("Mito","120","force",25000);
insert into stat_atributo(ninja,nivel,nombre_atributo,valor) 
values("Mito","120","chakra",38000);
insert into stat_atributo(ninja,nivel,nombre_atributo,valor) 
values("Mito","120","power",420000);
insert into stat_atributo(ninja,nivel,nombre_atributo,valor) 
values("Mito","120","agility growth rate",40);
insert into stat_atributo(ninja,nivel,nombre_atributo,valor) 
values("Mito","120","force growth rate",25);
insert into stat_atributo(ninja,nivel,nombre_atributo,valor) 
values("Mito","120","chakra growth rate",38);
insert into stat_atributo(ninja,nivel,nombre_atributo,valor) 
values("Mito","120","power growth rate",42);

/*update stat_atributo set valor=40 where ninja="Mito" and nombre_atributo="chakra growth rate";*/
insert into ninja_skills(nombre,ninja,tipo,texto) 
values("Fuinjutsu","Mito","TALENT","increase massive agility, spirit, and force by percentage, born with 92% speed, 65% damage rate and 65% immune damage rate, when this ninja is in battle increase all allies speed by 116% 
and 35% HP, and 30% attack. Decrease all enemy attack by 30%, decrease enemy fire, wind, soil chakra ninjas immune control rate and control rate by 15%. Born with 30% hp, self ignore enemy 10% attack, 
150% rate of damage reflect. Immune super dodge, death seed, chaos and charm.");
insert into skill_atributo(nombre_skill,nombre_ninja,tipo,accion,afecta,condicion,tiempo,nombre_atributo,valor)
values("Fuinjutsu","Mito","TALENT","increase","self","ninja is alive","battle ends","massive agility, spirit, and force by percentage",1);
insert into skill_atributo(nombre_skill,nombre_ninja,tipo,accion,afecta,condicion,tiempo,nombre_atributo,valor)
values("Fuinjutsu","Mito","TALENT","increase","self","ninja is alive","battle ends","speed %",92);
insert into skill_atributo(nombre_skill,nombre_ninja,tipo,accion,afecta,condicion,tiempo,nombre_atributo,valor)
values("Fuinjutsu","Mito","TALENT","increase","self","ninja is alive","battle ends","damage rate",65);
insert into skill_atributo(nombre_skill,nombre_ninja,tipo,accion,afecta,condicion,tiempo,nombre_atributo,valor)
values("Fuinjutsu","Mito","TALENT","increase","self","ninja is alive","battle ends","avoid injury rate",65);
insert into skill_atributo(nombre_skill,nombre_ninja,tipo,accion,afecta,condicion,tiempo,nombre_atributo,valor)
values("Fuinjutsu","Mito","TALENT","increase","self","ninja is alive","battle ends","HP",30);
insert into skill_atributo(nombre_skill,nombre_ninja,tipo,accion,afecta,condicion,tiempo,nombre_atributo,valor)
values("Fuinjutsu","Mito","TALENT","increase","self","ninja is alive","battle ends","ignore enemy attack",10);
insert into skill_atributo(nombre_skill,nombre_ninja,tipo,accion,afecta,condicion,tiempo,nombre_atributo,valor)
values("Fuinjutsu","Mito","TALENT","increase","self","ninja is alive","battle ends","reduce damage reflect",150);
insert into skill_atributo(nombre_skill,nombre_ninja,tipo,accion,afecta,condicion,tiempo,nombre_atributo,valor)
values("Fuinjutsu","Mito","TALENT","increase", "all allies","ninja is alive","battle ends","speed %",116);
insert into skill_atributo(nombre_skill,nombre_ninja,tipo,accion,afecta,condicion,tiempo,nombre_atributo,valor)
values("Fuinjutsu","Mito","TALENT","increase", "all allies","ninja is alive","battle ends","HP",35);
insert into skill_atributo(nombre_skill,nombre_ninja,tipo,accion,afecta,condicion,tiempo,nombre_atributo,valor)
values("Fuinjutsu","Mito","TALENT","increase", "all allies","ninja is alive","battle ends","attack",30);  
insert into skill_atributo(nombre_skill,nombre_ninja,tipo,accion,afecta,condicion,tiempo,nombre_atributo,valor)
values("Fuinjutsu","Mito","TALENT","decrease", "all enemies","ninja is alive","battle ends","attack",30);
insert into skill_atributo(nombre_skill,nombre_ninja,tipo,accion,afecta,condicion,tiempo,nombre_atributo,valor)
values("Fuinjutsu","Mito","TALENT","decrease", "enemy fire chakra nature","ninja is alive","battle ends","cc resistance",15);
insert into skill_atributo(nombre_skill,nombre_ninja,tipo,accion,afecta,condicion,tiempo,nombre_atributo,valor)
values("Fuinjutsu","Mito","TALENT","decrease", "enemy wind chakra nature","ninja is alive","battle ends","cc resistance",15);
insert into skill_atributo(nombre_skill,nombre_ninja,tipo,accion,afecta,condicion,tiempo,nombre_atributo,valor)
values("Fuinjutsu","Mito","TALENT","decrease", "enemy earth chakra nature","ninja is alive","battle ends","cc resistance",15);
insert into skill_atributo(nombre_skill,nombre_ninja,tipo,accion,afecta,condicion,tiempo,nombre_atributo,valor)
values("Fuinjutsu","Mito","TALENT","obtain","self","ninja is alive","battle ends","resistance",40);
insert into skill_atributo(nombre_skill,nombre_ninja,tipo,accion,afecta,condicion,tiempo,nombre_atributo,valor)
values("Fuinjutsu","Mito","TALENT","obtain","self","ninja is alive","battle ends","immune to chaos",1);
insert into skill_atributo(nombre_skill,nombre_ninja,tipo,accion,afecta,condicion,tiempo,nombre_atributo,valor)
values("Fuinjutsu","Mito","TALENT","obtain","self","ninja is alive","battle ends","immune to charm",1);
insert into skill_atributo(nombre_skill,nombre_ninja,tipo,accion,afecta,condicion,tiempo,nombre_atributo,valor)
values("Fuinjutsu","Mito","TALENT","obtain","self","ninja is alive","battle ends","immune to death seed",1);
insert into skill_atributo(nombre_skill,nombre_ninja,tipo,accion,afecta,condicion,tiempo,nombre_atributo,valor)
values("Fuinjutsu","Mito","TALENT","obtain","self","ninja is alive","battle ends","ignore super dodge",1);

insert into ninja_skills(nombre,ninja,tipo,texto) 
values("Nine Tails Jinchuriki","Mito","NORMAL_ATTACK","Normal attack: attack all enemies with 350% growth rate, make ally vanguard enter immune control state for 2 rounds, and has 50% chance to make ally Supports enter 
immune control rate for 2 rounds. Makes 1 random enemy enter improsion state for 2 rounds, makes 2 random enemies enter dead wind state for 2 rounds and dispel 2 random ally ninjas debuff. 
There has 110% chance to make enemy vanguard enter chaos state for 2 rounds, reduce all allies help rate by 100%");
insert into skill_atributo(nombre_skill,nombre_ninja,tipo,accion,afecta,condicion,tiempo,nombre_atributo,valor)
values("Nine Tails Jinchuriki","Mito","NORMAL_ATTACK","attack","all enemies","ninja attack","attack ends","growth rate",350);
insert into skill_atributo(nombre_skill,nombre_ninja,tipo,accion,afecta,condicion,tiempo,nombre_atributo,valor)
values("Nine Tails Jinchuriki","Mito","NORMAL_ATTACK","apply","ally vanguard","ninja attack","for 2 rounds","inmune control state",1);
insert into skill_atributo(nombre_skill,nombre_ninja,tipo,accion,afecta,condicion,tiempo,nombre_atributo,valor)
values("Nine Tails Jinchuriki","Mito","NORMAL_ATTACK","apply","ally Supports","ninja attack","for 2 rounds","inmune control state",50);
insert into skill_atributo(nombre_skill,nombre_ninja,tipo,accion,afecta,condicion,tiempo,nombre_atributo,valor)
values("Nine Tails Jinchuriki","Mito","NORMAL_ATTACK","attack","1 random enemies","ninja attack","for 2 rounds","imprision",1);
insert into skill_atributo(nombre_skill,nombre_ninja,tipo,accion,afecta,condicion,tiempo,nombre_atributo,valor)
values("Nine Tails Jinchuriki","Mito","NORMAL_ATTACK","attack","2 random enemies","ninja attack","for 2 rounds","dead wind state",1);
insert into skill_atributo(nombre_skill,nombre_ninja,tipo,accion,afecta,condicion,tiempo,nombre_atributo,valor)
values("Nine Tails Jinchuriki","Mito","NORMAL_ATTACK","attack","2 random allies","ninja attack","attack ends","remove debuffs",1);
insert into skill_atributo(nombre_skill,nombre_ninja,tipo,accion,afecta,condicion,tiempo,nombre_atributo,valor)
values("Nine Tails Jinchuriki","Mito","NORMAL_ATTACK","apply","enemy vanguard","ninja attack","for 2 rounds","chaos",110);
insert into skill_atributo(nombre_skill,nombre_ninja,tipo,accion,afecta,condicion,tiempo,nombre_atributo,valor)
values("Nine Tails Jinchuriki","Mito","NORMAL_ATTACK","reduce","all allies","ninja attack","for 2 rounds","aid rate",100);


insert into ninja_skills(nombre,ninja,tipo,texto) 
values("Hyoro no Jutsu","Mito","SKILL","attack all enemies by 300% growth rate, make all allies enter break wind state for 4 rounds, dispel all enemies buff");
insert into skill_atributo(nombre_skill,nombre_ninja,tipo,accion,afecta,condicion,tiempo,nombre_atributo,valor)
values("Hyoro no Jutsu","Mito","SKILL","attack","all enemies","ninja attack","attack ends","growth rate",300);
insert into skill_atributo(nombre_skill,nombre_ninja,tipo,accion,afecta,condicion,tiempo,nombre_atributo,valor)
values("Hyoro no Jutsu","Mito","SKILL","apply","all allies","ninja attack","for 4 rounds","break wind state",1);
insert into skill_atributo(nombre_skill,nombre_ninja,tipo,accion,afecta,condicion,tiempo,nombre_atributo,valor)
values("Hyoro no Jutsu","Mito","SKILL","apply","all enemies","ninja attack","for 2 rounds","remove buffs",90);


insert into ninja_awakening(nombre,ninja,nivel,activo,tipo,texto)
values("Awaken Yin Fuinjutsu","Mito","1ri",true,"TALENT","Increase ally thunde chakra nature succes rate of resistance control skills.born with 20% defense and 30% block rate (can break the limit)");
insert into ninja_awakening_atributo(nombre,ninja,nivel,accion,afecta,nombre_atributo,valor,tipo,condicion,tiempo)
values("Awaken Yin Fuinjutsu","Mito","1ri","apply","ally lightning chakra nature","cc resistance",20,"TALENT","ninja is alive","battle ends");
insert into ninja_awakening_atributo(nombre,ninja,nivel,accion,afecta,nombre_atributo,valor,tipo,condicion,tiempo)
values("Awaken Yin Fuinjutsu","Mito","1ri","apply","self","defense",20,"TALENT","ninja is alive","attack ends");
insert into ninja_awakening_atributo(nombre,ninja,nivel,accion,afecta,nombre_atributo,valor,tipo,condicion,tiempo)
values("Awaken Yin Fuinjutsu","Mito","1ri","apply","self","block rate (can break the limit)",30,"TALENT","ninja is alive","battle ends");

/*Hidan*/

insert into ninjas(nombre,chakra_nature,tipo,formacion) 
values("Hidan","WATER","GENJUTSU","SUPPORT");
insert into ninja_stats(ninja,nivel) 
values("Hidan","120");
insert into stat_atributo(ninja,nivel,nombre_atributo,valor) 
values("Hidan","120","agility",40000);
insert into stat_atributo(ninja,nivel,nombre_atributo,valor) 
values("Hidan","120","force",25000);
insert into stat_atributo(ninja,nivel,nombre_atributo,valor) 
values("Hidan","120","chakra",36000);
insert into stat_atributo(ninja,nivel,nombre_atributo,valor) 
values("Hidan","120","power",440000);
insert into stat_atributo(ninja,nivel,nombre_atributo,valor) 
values("Hidan","120","agility growth rate",40);
insert into stat_atributo(ninja,nivel,nombre_atributo,valor) 
values("Hidan","120","force growth rate",25);
insert into stat_atributo(ninja,nivel,nombre_atributo,valor) 
values("Hidan","120","chakra growth rate",36);
insert into stat_atributo(ninja,nivel,nombre_atributo,valor) 
values("Hidan","120","power growth rate",44);

/*update stat_atributo set valor=40 where ninja="Hidan" and nombre_atributo="chakra growth rate";*/
insert into ninja_skills(nombre,ninja,tipo,texto) 
values("Immortality","Hidan","TALENT","Increases massive agility, chakra, and health by percentage, naturally has 92% speed, 65% damage rate, and 65% avoid-injury rate. When this ninja is alive in battle, 
increases all allies speed by 116%, health by 40%, attack by 25%, final damage reduction by 15%, ally vanguard and assaulters block rate by 35% (can break limit), 
decreases enemy damage rate (vanguard/assaulter/support) by 25%/50%/30%. After death, will revive with 80% health, activates once per battle. Naturally immune to 30% penetration damage and increases self health by 30%.
 Immune to seal, blind, and death seed");
insert into skill_atributo(nombre_skill,nombre_ninja,tipo,accion,afecta,condicion,tiempo,nombre_atributo,valor)
values("Immortality","Hidan","TALENT","increase","self","ninja is alive","battle ends","massive agility, chakra, and health by percentage",1);
insert into skill_atributo(nombre_skill,nombre_ninja,tipo,accion,afecta,condicion,tiempo,nombre_atributo,valor)
values("Immortality","Hidan","TALENT","increase","self","ninja is alive","battle ends","speed %",92);
insert into skill_atributo(nombre_skill,nombre_ninja,tipo,accion,afecta,condicion,tiempo,nombre_atributo,valor)
values("Immortality","Hidan","TALENT","increase","self","ninja is alive","battle ends","damage rate",65);
insert into skill_atributo(nombre_skill,nombre_ninja,tipo,accion,afecta,condicion,tiempo,nombre_atributo,valor)
values("Immortality","Hidan","TALENT","increase","self","ninja is alive","battle ends","avoid injury rate",65);
insert into skill_atributo(nombre_skill,nombre_ninja,tipo,accion,afecta,condicion,tiempo,nombre_atributo,valor)
values("Immortality","Hidan","TALENT","increase","self","ninja is alive","battle ends","HP",30);
insert into skill_atributo(nombre_skill,nombre_ninja,tipo,accion,afecta,condicion,tiempo,nombre_atributo,valor)
values("Immortality","Hidan","TALENT","increase", "all allies","ninja is alive","battle ends","speed %",116);
insert into skill_atributo(nombre_skill,nombre_ninja,tipo,accion,afecta,condicion,tiempo,nombre_atributo,valor)
values("Immortality","Hidan","TALENT","increase", "all allies","ninja is alive","battle ends","HP",40);
insert into skill_atributo(nombre_skill,nombre_ninja,tipo,accion,afecta,condicion,tiempo,nombre_atributo,valor)
values("Immortality","Hidan","TALENT","increase", "all allies","ninja is alive","battle ends","attack",25);  
insert into skill_atributo(nombre_skill,nombre_ninja,tipo,accion,afecta,condicion,tiempo,nombre_atributo,valor)
values("Immortality","Hidan","TALENT","increase", "all allies","ninja is alive","battle ends","final damage reduction",15);
insert into skill_atributo(nombre_skill,nombre_ninja,tipo,accion,afecta,condicion,tiempo,nombre_atributo,valor)
values("Immortality","Hidan","TALENT","increase", "ally Vanguard","ninja is alive","battle ends","block rate (can break the limit)",35);
insert into skill_atributo(nombre_skill,nombre_ninja,tipo,accion,afecta,condicion,tiempo,nombre_atributo,valor)
values("Immortality","Hidan","TALENT","increase", "ally Assaulters","ninja is alive","battle ends","block rate (can break the limit)",35);
insert into skill_atributo(nombre_skill,nombre_ninja,tipo,accion,afecta,condicion,tiempo,nombre_atributo,valor)
values("Immortality","Hidan","TALENT","decrease", "enemy Vanguard","ninja is alive","battle ends","damage rate",25);
insert into skill_atributo(nombre_skill,nombre_ninja,tipo,accion,afecta,condicion,tiempo,nombre_atributo,valor)
values("Immortality","Hidan","TALENT","decrease", "enemy Assaulters","ninja is alive","battle ends","damage rate",50);
insert into skill_atributo(nombre_skill,nombre_ninja,tipo,accion,afecta,condicion,tiempo,nombre_atributo,valor)
values("Immortality","Hidan","TALENT","decrease", "enemy Supports","ninja is alive","battle ends","damage rate",30);
insert into skill_atributo(nombre_skill,nombre_ninja,tipo,accion,afecta,condicion,tiempo,nombre_atributo,valor)
values("Immortality","Hidan","TALENT","decrease","self","ninja is alive","battle ends","receive penetration damage",30);
insert into skill_atributo(nombre_skill,nombre_ninja,tipo,accion,afecta,condicion,tiempo,nombre_atributo,valor)
values("Immortality","Hidan","TALENT","obtain","self","ninja is alive","battle ends","immune to seal",1);
insert into skill_atributo(nombre_skill,nombre_ninja,tipo,accion,afecta,condicion,tiempo,nombre_atributo,valor)
values("Immortality","Hidan","TALENT","obtain","self","ninja is alive","battle ends","immune to blind",1);
insert into skill_atributo(nombre_skill,nombre_ninja,tipo,accion,afecta,condicion,tiempo,nombre_atributo,valor)
values("Immortality","Hidan","TALENT","obtain","self","ninja is alive","battle ends","immune to death seed",1);
insert into skill_atributo(nombre_skill,nombre_ninja,tipo,accion,afecta,condicion,tiempo,nombre_atributo,valor)
values("Immortality","Hidan","TALENT","apply","self","after death","once per battle","revive with 80% hp",1);


insert into ninja_skills(nombre,ninja,tipo,texto) 
values("Jujutsu: Shiji Hyketsu","Hidan","SKILL"," Attacks all enemies with growth rate of 350%, makes all enemies enter bleed (DOT) status with 120% growth rate, 90% chance to make enemies enter chaos, 
has 100% chance to make enemies enter disable status for 2 rounds, enemy assaulters unable to gain buffs for 2 rounds, increase ally vanguard speed by 40% for 2 rounds. Recovers self fury by 68, 
recovers all allies fury (expect self) by 30");
insert into skill_atributo(nombre_skill,nombre_ninja,tipo,accion,afecta,condicion,tiempo,nombre_atributo,valor)
values("Jujutsu: Shiji Hyketsu","Hidan","SKILL","attack","all enemies","ninja attack","attack ends","growth rate",350);
insert into skill_atributo(nombre_skill,nombre_ninja,tipo,accion,afecta,condicion,tiempo,nombre_atributo,valor)
values("Jujutsu: Shiji Hyketsu","Hidan","SKILL","apply","all enemies","ninja attack","for 2 rounds","DOT status",120);
insert into skill_atributo(nombre_skill,nombre_ninja,tipo,accion,afecta,condicion,tiempo,nombre_atributo,valor)
values("Jujutsu: Shiji Hyketsu","Hidan","SKILL","apply","all enemies","ninja attack","for 2 rounds","chaos",90);
insert into skill_atributo(nombre_skill,nombre_ninja,tipo,accion,afecta,condicion,tiempo,nombre_atributo,valor)
values("Jujutsu: Shiji Hyketsu","Hidan","SKILL","apply","all enemies","ninja attack","for 2 rounds","disable state",100);
insert into skill_atributo(nombre_skill,nombre_ninja,tipo,accion,afecta,condicion,tiempo,nombre_atributo,valor)
values("Jujutsu: Shiji Hyketsu","Hidan","SKILL","apply","enemy Assaulters","ninja attack","for 2 rounds","unable gain buffs state",1);
insert into skill_atributo(nombre_skill,nombre_ninja,tipo,accion,afecta,condicion,tiempo,nombre_atributo,valor)
values("Jujutsu: Shiji Hyketsu","Hidan","SKILL","increase","ally Vanguard","ninja attack","for 2 rounds","speed %",40);
insert into skill_atributo(nombre_skill,nombre_ninja,tipo,accion,afecta,condicion,tiempo,nombre_atributo,valor)
values("Jujutsu: Shiji Hyketsu","Hidan","SKILL","increase","self","ninja attack","attack ends","fury",68);
insert into skill_atributo(nombre_skill,nombre_ninja,tipo,accion,afecta,condicion,tiempo,nombre_atributo,valor)
values("Jujutsu: Shiji Hyketsu","Hidan","SKILL","increase","all allies (except self)","ninja attack","attack ends","fury",30);


insert into ninja_awakening(nombre,ninja,nivel,activo,tipo,texto)
values("Awaken Immortality","Hidan","1ri",true,"TALENT","increase ally fire chakra and earth chakra ninjas CC resistance rate by 25%");
insert into ninja_awakening_atributo(nombre,ninja,nivel,accion,afecta,nombre_atributo,valor,tipo,condicion,tiempo)
values("Awaken Immortality","Hidan","1ri","increase","ally fire chakra nature","cc resistance",25,"TALENT","ninja is alive","battle ends");
insert into ninja_awakening_atributo(nombre,ninja,nivel,accion,afecta,nombre_atributo,valor,tipo,condicion,tiempo)
values("Awaken Immortality","Hidan","1ri","increase","ally earth chakra nature","cc resistance",25,"TALENT","ninja is alive","battle ends");



/*Utakata*/

insert into ninjas(nombre,chakra_nature,tipo,formacion) 
values("Utakata","WATER","GENJUTSU","SUPPORT");
insert into ninja_stats(ninja,nivel) 
values("Utakata","120");
insert into stat_atributo(ninja,nivel,nombre_atributo,valor) 
values("Utakata","120","agility",38000);
insert into stat_atributo(ninja,nivel,nombre_atributo,valor) 
values("Utakata","120","force",22000);
insert into stat_atributo(ninja,nivel,nombre_atributo,valor) 
values("Utakata","120","chakra",40000);
insert into stat_atributo(ninja,nivel,nombre_atributo,valor) 
values("Utakata","120","power",450000);
insert into stat_atributo(ninja,nivel,nombre_atributo,valor) 
values("Utakata","120","agility growth rate",38);
insert into stat_atributo(ninja,nivel,nombre_atributo,valor) 
values("Utakata","120","force growth rate",22);
insert into stat_atributo(ninja,nivel,nombre_atributo,valor) 
values("Utakata","120","chakra growth rate",40);
insert into stat_atributo(ninja,nivel,nombre_atributo,valor) 
values("Utakata","120","power growth rate",45);

/*update stat_atributo set valor=40 where ninja="Utakata" and nombre_atributo="chakra growth rate";*/
insert into ninja_skills(nombre,ninja,tipo,texto) 
values("Bubbles Technique","Utakata","TALENT","Increase massive agility,spirit,and health by percentage,born with 92% speed,65% damage rate and 65% immune damage rate.When this ninja in the formation,
increase all allies speed by 116% and attack by 30%,increase ally water chakra ninja defence by 50%immune control rate by 30%.increases all allies health (vanguard/assaulter/support) by 30%/30%/50%.
Decrease anemies fire ,thunder chakra ninjas damage rate by 40%.After been attacked,make attacker enter weakness state for 1 round,and there has 35% chance to make him enter freeze state for 2 round.
Natural ignore super dodge,immune freeze ,wind bind and death seed.");
insert into skill_atributo(nombre_skill,nombre_ninja,tipo,accion,afecta,condicion,tiempo,nombre_atributo,valor)
values("Bubbles Technique","Utakata","TALENT","increase","self","ninja is alive","battle ends","massive agility,spirit,and health by percentage",1);
insert into skill_atributo(nombre_skill,nombre_ninja,tipo,accion,afecta,condicion,tiempo,nombre_atributo,valor)
values("Bubbles Technique","Utakata","TALENT","increase","self","ninja is alive","battle ends","speed %",92);
insert into skill_atributo(nombre_skill,nombre_ninja,tipo,accion,afecta,condicion,tiempo,nombre_atributo,valor)
values("Bubbles Technique","Utakata","TALENT","increase","self","ninja is alive","battle ends","damage rate",65);
insert into skill_atributo(nombre_skill,nombre_ninja,tipo,accion,afecta,condicion,tiempo,nombre_atributo,valor)
values("Bubbles Technique","Utakata","TALENT","increase","self","ninja is alive","battle ends","avoid injury rate",65);
insert into skill_atributo(nombre_skill,nombre_ninja,tipo,accion,afecta,condicion,tiempo,nombre_atributo,valor)
values("Bubbles Technique","Utakata","TALENT","increase", "all allies","ninja is alive","battle ends","speed %",116);
insert into skill_atributo(nombre_skill,nombre_ninja,tipo,accion,afecta,condicion,tiempo,nombre_atributo,valor)
values("Bubbles Technique","Utakata","TALENT","increase", "ally Vanguard","ninja is alive","battle ends","HP",30);
insert into skill_atributo(nombre_skill,nombre_ninja,tipo,accion,afecta,condicion,tiempo,nombre_atributo,valor)
values("Bubbles Technique","Utakata","TALENT","increase", "ally Assaulters","ninja is alive","battle ends","HP",30);
insert into skill_atributo(nombre_skill,nombre_ninja,tipo,accion,afecta,condicion,tiempo,nombre_atributo,valor)
values("Bubbles Technique","Utakata","TALENT","increase", "ally Supports","ninja is alive","battle ends","HP",50);
insert into skill_atributo(nombre_skill,nombre_ninja,tipo,accion,afecta,condicion,tiempo,nombre_atributo,valor)
values("Bubbles Technique","Utakata","TALENT","increase", "all allies","ninja is alive","battle ends","attack",30);  
insert into skill_atributo(nombre_skill,nombre_ninja,tipo,accion,afecta,condicion,tiempo,nombre_atributo,valor)
values("Bubbles Technique","Utakata","TALENT","increase", "ally water chakra nature","ninja is alive","battle ends","defense",50);
insert into skill_atributo(nombre_skill,nombre_ninja,tipo,accion,afecta,condicion,tiempo,nombre_atributo,valor)
values("Bubbles Technique","Utakata","TALENT","increase", "ally water chakra nature","ninja is alive","battle ends","cc resistance",30);
insert into skill_atributo(nombre_skill,nombre_ninja,tipo,accion,afecta,condicion,tiempo,nombre_atributo,valor)
values("Bubbles Technique","Utakata","TALENT","decrease", "enemy fire chakra nature","ninja is alive","battle ends","damage rate",40);
insert into skill_atributo(nombre_skill,nombre_ninja,tipo,accion,afecta,condicion,tiempo,nombre_atributo,valor)
values("Bubbles Technique","Utakata","TALENT","decrease", "enemy lightning chakra nature","ninja is alive","battle ends","damage rate",40);
insert into skill_atributo(nombre_skill,nombre_ninja,tipo,accion,afecta,condicion,tiempo,nombre_atributo,valor)
values("Bubbles Technique","Utakata","TALENT","apply", "attacker","when attacked","for 1 round","weaknes state",1);
insert into skill_atributo(nombre_skill,nombre_ninja,tipo,accion,afecta,condicion,tiempo,nombre_atributo,valor)
values("Bubbles Technique","Utakata","TALENT","apply", "attacker","when attacked","for 2 round","freeze state",35);
insert into skill_atributo(nombre_skill,nombre_ninja,tipo,accion,afecta,condicion,tiempo,nombre_atributo,valor)
values("Bubbles Technique","Utakata","TALENT","obtain","self","ninja is alive","battle ends","ignore super dodge",1);
insert into skill_atributo(nombre_skill,nombre_ninja,tipo,accion,afecta,condicion,tiempo,nombre_atributo,valor)
values("Bubbles Technique","Utakata","TALENT","obtain","self","ninja is alive","battle ends","immune to wind bind",1);
insert into skill_atributo(nombre_skill,nombre_ninja,tipo,accion,afecta,condicion,tiempo,nombre_atributo,valor)
values("Bubbles Technique","Utakata","TALENT","obtain","self","ninja is alive","battle ends","immune to freeze",1);
insert into skill_atributo(nombre_skill,nombre_ninja,tipo,accion,afecta,condicion,tiempo,nombre_atributo,valor)
values("Bubbles Technique","Utakata","TALENT","obtain","self","ninja is alive","battle ends","immune to death seed",1);


insert into ninja_skills(nombre,ninja,tipo,texto) 
values("Shabondama","Utakata","SKILL","Attack all enemies with 300% growth rate,make penetrating damage to all enemies with 40% rate,and make 2 random enemies enter upwind state for 2 round.
Make enemy who has lowest health enter poison wind for 2 round,make all enemies enter bleeding and Unification state for 2 round with 120% rate.Increase allies vanguard and assaulter attack
speed by 40% for 2 round.Decrease enemies fire chakra ninja immune damage rate by 50%,decrease thunder chakra ninja attack by 40%.Recovers 68 fury for self, 30 fury for allies.");
insert into skill_atributo(nombre_skill,nombre_ninja,tipo,accion,afecta,condicion,tiempo,nombre_atributo,valor)
values("Shabondama","Utakata","SKILL","attack","all enemies","ninja attack","meanwhile attack","growth rate",300);
insert into skill_atributo(nombre_skill,nombre_ninja,tipo,accion,afecta,condicion,tiempo,nombre_atributo,valor)
values("Shabondama","Utakata","SKILL","apply","all enemies","ninja attack","for 2 rounds","penetrating damage",40);
insert into skill_atributo(nombre_skill,nombre_ninja,tipo,accion,afecta,condicion,tiempo,nombre_atributo,valor)
values("Shabondama","Utakata","SKILL","apply","enemy lowest HP","ninja attack","for 2 rounds","poison wind state",1);
insert into skill_atributo(nombre_skill,nombre_ninja,tipo,accion,afecta,condicion,tiempo,nombre_atributo,valor)
values("Shabondama","Utakata","SKILL","apply","all enemies","ninja attack","for 2 rounds","bleeding state",120);
insert into skill_atributo(nombre_skill,nombre_ninja,tipo,accion,afecta,condicion,tiempo,nombre_atributo,valor)
values("Shabondama","Utakata","SKILL","apply","all enemies","ninja attack","for 2 rounds","Unification state",120);
insert into skill_atributo(nombre_skill,nombre_ninja,tipo,accion,afecta,condicion,tiempo,nombre_atributo,valor)
values("Shabondama","Utakata","SKILL","increase","ally Vanguard","ninja attack","for 2 rounds","attack",40);
insert into skill_atributo(nombre_skill,nombre_ninja,tipo,accion,afecta,condicion,tiempo,nombre_atributo,valor)
values("Shabondama","Utakata","SKILL","increase","ally Vanguard","ninja attack","for 2 rounds","speed %",40);
insert into skill_atributo(nombre_skill,nombre_ninja,tipo,accion,afecta,condicion,tiempo,nombre_atributo,valor)
values("Shabondama","Utakata","SKILL","increase","ally Assaulters","ninja attack","for 2 rounds","attack",40);
insert into skill_atributo(nombre_skill,nombre_ninja,tipo,accion,afecta,condicion,tiempo,nombre_atributo,valor)
values("Shabondama","Utakata","SKILL","increase","ally Assaulters","ninja attack","for 2 rounds","speed %",40);
insert into skill_atributo(nombre_skill,nombre_ninja,tipo,accion,afecta,condicion,tiempo,nombre_atributo,valor)	
values("Shabondama","Utakata","SKILL","decrease","enemy fire chakra nature","ninja attack","battle ends","avoid injury rate",50);
insert into skill_atributo(nombre_skill,nombre_ninja,tipo,accion,afecta,condicion,tiempo,nombre_atributo,valor)	
values("Shabondama","Utakata","SKILL","decrease","enemy lightning chakra nature","ninja attack","battle ends","attack",40);
insert into skill_atributo(nombre_skill,nombre_ninja,tipo,accion,afecta,condicion,tiempo,nombre_atributo,valor)
values("Shabondama","Utakata","SKILL","increase","self","ninja attack","attack ends","fury",68);
insert into skill_atributo(nombre_skill,nombre_ninja,tipo,accion,afecta,condicion,tiempo,nombre_atributo,valor)
values("Shabondama","Utakata","SKILL","increase","all allies (except self)","ninja attack","attack ends","fury",30);

/*Chojuro*/

insert into ninjas(nombre,chakra_nature,tipo,formacion) 
values("Sixth Mizukage","WATER","TAIJUTSU","ASSAULTER");
insert into ninja_stats(ninja,nivel) 
values("Sixth Mizukage","120");
insert into stat_atributo(ninja,nivel,nombre_atributo,valor) 
values("Sixth Mizukage","120","agility",38000);
insert into stat_atributo(ninja,nivel,nombre_atributo,valor) 
values("Sixth Mizukage","120","force",40000);
insert into stat_atributo(ninja,nivel,nombre_atributo,valor) 
values("Sixth Mizukage","120","chakra",25000);
insert into stat_atributo(ninja,nivel,nombre_atributo,valor) 
values("Sixth Mizukage","120","power",420000);
insert into stat_atributo(ninja,nivel,nombre_atributo,valor) 
values("Sixth Mizukage","120","agility growth rate",38);
insert into stat_atributo(ninja,nivel,nombre_atributo,valor) 
values("Sixth Mizukage","120","force growth rate",40);
insert into stat_atributo(ninja,nivel,nombre_atributo,valor) 
values("Sixth Mizukage","120","chakra growth rate",25);
insert into stat_atributo(ninja,nivel,nombre_atributo,valor) 
values("Sixth Mizukage","120","power growth rate",42);

/*update stat_atributo set valor=40 where ninja="Sixth Mizukage" and nombre_atributo="chakra growth rate";*/
insert into ninja_skills(nombre,ninja,tipo,texto) 
values("Bloody Mist Sword Art","Sixth Mizukage","TALENT","Increases massive agility, force, and health by percentage. Increases speed by 86%, damage rate by 65%, and avoid-injury rate by 65%. 
When this ninja is alive in battle, increases all allies speed by 112% and health by 30%, increases ally water chakra nature ninjas heal rate by 40%, avoid-injury rate by 40% and attack by 30%, 
increase ally vanguard DOT damage by 30% (Poison/ Ignite/ Power Loss/ Orochi Poison/ Vein Damage/ Bleed/ Split/ Unification/ Safeguard), decrease enemy fire chakra ninjas avoid-injury rate by 40% 
and immune CC rate by 30%, decrease enemy lightning chakra ninjas attack by 30%. Naturally increases self defence by 30%, ignores enemy control rate by 55% and reflective damage by 150%. 
Immune to death seed, frozen, and weakened state.");
insert into skill_atributo(nombre_skill,nombre_ninja,tipo,accion,afecta,condicion,tiempo,nombre_atributo,valor)
values("Bloody Mist Sword Art","Sixth Mizukage","TALENT","increase","self","ninja is alive","battle ends","massive agility, force, and health by percentage",1);
insert into skill_atributo(nombre_skill,nombre_ninja,tipo,accion,afecta,condicion,tiempo,nombre_atributo,valor)
values("Bloody Mist Sword Art","Sixth Mizukage","TALENT","increase","self","ninja is alive","battle ends","speed %",86);
insert into skill_atributo(nombre_skill,nombre_ninja,tipo,accion,afecta,condicion,tiempo,nombre_atributo,valor)
values("Bloody Mist Sword Art","Sixth Mizukage","TALENT","increase","self","ninja is alive","battle ends","damage rate",65);
insert into skill_atributo(nombre_skill,nombre_ninja,tipo,accion,afecta,condicion,tiempo,nombre_atributo,valor)
values("Bloody Mist Sword Art","Sixth Mizukage","TALENT","increase","self","ninja is alive","battle ends","avoid injury rate",65);
insert into skill_atributo(nombre_skill,nombre_ninja,tipo,accion,afecta,condicion,tiempo,nombre_atributo,valor)
values("Bloody Mist Sword Art","Sixth Mizukage","TALENT","increase", "all allies","ninja is alive","battle ends","speed %",112);
insert into skill_atributo(nombre_skill,nombre_ninja,tipo,accion,afecta,condicion,tiempo,nombre_atributo,valor)
values("Bloody Mist Sword Art","Sixth Mizukage","TALENT","increase", "all allies","ninja is alive","battle ends","HP",30);
insert into skill_atributo(nombre_skill,nombre_ninja,tipo,accion,afecta,condicion,tiempo,nombre_atributo,valor)
values("Bloody Mist Sword Art","Sixth Mizukage","TALENT","increase", "ally water chakra nature","ninja is alive","battle ends","heal rate",40);
insert into skill_atributo(nombre_skill,nombre_ninja,tipo,accion,afecta,condicion,tiempo,nombre_atributo,valor)
values("Bloody Mist Sword Art","Sixth Mizukage","TALENT","increase", "ally water chakra nature","ninja is alive","battle ends","avoid injury rate",40);  
insert into skill_atributo(nombre_skill,nombre_ninja,tipo,accion,afecta,condicion,tiempo,nombre_atributo,valor)
values("Bloody Mist Sword Art","Sixth Mizukage","TALENT","increase", "ally water chakra nature","ninja is alive","battle ends","attack",40);  
insert into skill_atributo(nombre_skill,nombre_ninja,tipo,accion,afecta,condicion,tiempo,nombre_atributo,valor)
values("Bloody Mist Sword Art","Sixth Mizukage","TALENT","increase", "ally Vanguard","ninja is alive","battle ends","DOT damage (Poison/ Ignite/ Power Loss/ Orochi Poison/ Vein Damage/ Bleed/ Split/ Unification/ Safeguard)",30);   
insert into skill_atributo(nombre_skill,nombre_ninja,tipo,accion,afecta,condicion,tiempo,nombre_atributo,valor)
values("Bloody Mist Sword Art","Sixth Mizukage","TALENT","decrease", "enemy fire chakra nature","ninja is alive","battle ends","avoid injury rate",40);
insert into skill_atributo(nombre_skill,nombre_ninja,tipo,accion,afecta,condicion,tiempo,nombre_atributo,valor)
values("Bloody Mist Sword Art","Sixth Mizukage","TALENT","decrease", "enemy fire chakra nature","ninja is alive","battle ends","cc resistance",30);
insert into skill_atributo(nombre_skill,nombre_ninja,tipo,accion,afecta,condicion,tiempo,nombre_atributo,valor)
values("Bloody Mist Sword Art","Sixth Mizukage","TALENT","decrease", "enemy lightning chakra nature","ninja is alive","battle ends","attack",30);
insert into skill_atributo(nombre_skill,nombre_ninja,tipo,accion,afecta,condicion,tiempo,nombre_atributo,valor)
values("Bloody Mist Sword Art","Sixth Mizukage","TALENT","increase","self","ninja is alive","battle ends","resistance",55);
insert into skill_atributo(nombre_skill,nombre_ninja,tipo,accion,afecta,condicion,tiempo,nombre_atributo,valor)
values("Bloody Mist Sword Art","Sixth Mizukage","TALENT","increase","self","ninja is alive","battle ends","defense",30);
insert into skill_atributo(nombre_skill,nombre_ninja,tipo,accion,afecta,condicion,tiempo,nombre_atributo,valor)
values("Bloody Mist Sword Art","Sixth Mizukage","TALENT","increase","self","ninja is alive","battle ends","reduce damage reflect",150);
insert into skill_atributo(nombre_skill,nombre_ninja,tipo,accion,afecta,condicion,tiempo,nombre_atributo,valor)
values("Bloody Mist Sword Art","Sixth Mizukage","TALENT","obtain","self","ninja is alive","battle ends","immune to weakned state",1);
insert into skill_atributo(nombre_skill,nombre_ninja,tipo,accion,afecta,condicion,tiempo,nombre_atributo,valor)
values("Bloody Mist Sword Art","Sixth Mizukage","TALENT","obtain","self","ninja is alive","battle ends","immune to frozen state",1);
insert into skill_atributo(nombre_skill,nombre_ninja,tipo,accion,afecta,condicion,tiempo,nombre_atributo,valor)
values("Bloody Mist Sword Art","Sixth Mizukage","TALENT","obtain","self","ninja is alive","battle ends","immune to death seed",1);

insert into ninja_skills(nombre,ninja,tipo,texto) 
values("Hiramekarei Twinsword Release","Sixth Mizukage","SKILL","Attack all enemies with 330% growth rate, deals additional 35% penetration damage (physical) to all enemies. 
Makes highest health enemy enter frozen state for 2 rounds, has 90% chance to make all enemies enter blind state for 2 rounds. Has 40% chance to make self and vanguard enter sheilding state for 2 rounds, 
increases all allies defence by 50% for 2 rounds, decreases all enemies attack and damage rate by 30% for 2 rounds. Recovers 68 fury for self, 30 fury for allies.");
insert into skill_atributo(nombre_skill,nombre_ninja,tipo,accion,afecta,condicion,tiempo,nombre_atributo,valor)
values("Hiramekarei Twinsword Release","Sixth Mizukage","SKILL","attack","all enemies","ninja attack","attack ends","growth rate",330);
insert into skill_atributo(nombre_skill,nombre_ninja,tipo,accion,afecta,condicion,tiempo,nombre_atributo,valor)
values("Hiramekarei Twinsword Release","Sixth Mizukage","SKILL","apply","all enemies","ninja attack","attack ends","penetrating damage",35);
insert into skill_atributo(nombre_skill,nombre_ninja,tipo,accion,afecta,condicion,tiempo,nombre_atributo,valor)
values("Hiramekarei Twinsword Release","Sixth Mizukage","SKILL","apply","highes enemy HP","ninja attack","for 2 rounds","frozen state",1);
insert into skill_atributo(nombre_skill,nombre_ninja,tipo,accion,afecta,condicion,tiempo,nombre_atributo,valor)
values("Hiramekarei Twinsword Release","Sixth Mizukage","SKILL","apply","all enemies","ninja attack","for 2 rounds","blind state",90);
insert into skill_atributo(nombre_skill,nombre_ninja,tipo,accion,afecta,condicion,tiempo,nombre_atributo,valor)
values("Hiramekarei Twinsword Release","Sixth Mizukage","SKILL","apply","self","ninja attack","for 2 rounds","shielding state",40);
insert into skill_atributo(nombre_skill,nombre_ninja,tipo,accion,afecta,condicion,tiempo,nombre_atributo,valor)
values("Hiramekarei Twinsword Release","Sixth Mizukage","SKILL","apply","ally Vanguard","ninja attack","for 2 rounds","shielding state",40);
insert into skill_atributo(nombre_skill,nombre_ninja,tipo,accion,afecta,condicion,tiempo,nombre_atributo,valor)
values("Hiramekarei Twinsword Release","Sixth Mizukage","SKILL","increase","all allies","ninja attack","for 2 rounds","defense",50);
insert into skill_atributo(nombre_skill,nombre_ninja,tipo,accion,afecta,condicion,tiempo,nombre_atributo,valor)
values("Hiramekarei Twinsword Release","Sixth Mizukage","SKILL","decrease","all enemies","ninja attack","for 2 rounds","attack",30);
insert into skill_atributo(nombre_skill,nombre_ninja,tipo,accion,afecta,condicion,tiempo,nombre_atributo,valor)
values("Hiramekarei Twinsword Release","Sixth Mizukage","SKILL","decrease","all enemies","ninja attack","for 2 rounds","damage rate",30);
insert into skill_atributo(nombre_skill,nombre_ninja,tipo,accion,afecta,condicion,tiempo,nombre_atributo,valor)
values("Hiramekarei Twinsword Release","Sixth Mizukage","SKILL","increase","self","ninja attack","attack ends","fury",68);
insert into skill_atributo(nombre_skill,nombre_ninja,tipo,accion,afecta,condicion,tiempo,nombre_atributo,valor)
values("Hiramekarei Twinsword Release","Sixth Mizukage","SKILL","increase","all allies (except self)","ninja attack","attack ends","fury",30);


insert into ninja_awakening(nombre,ninja,nivel,activo,tipo,texto)
values("Awaken Hiramekarei","Sixth Mizukage","1ri",true,"TALENT","When attacked has 40% chance to make ally water chakra nature ninjas enter Continuous recovery with 50% growth rate for 2 rounds, also has 40% chance to dispel debuffs from 2 random allies.");
insert into ninja_awakening_atributo(nombre,ninja,nivel,accion,afecta,nombre_atributo,valor,tipo,condicion,tiempo)
values("Awaken Hiramekarei","Sixth Mizukage","1ri","apply","ally water chakra nature","Continuous recovery",50,"TALENT","when attacked","for 2 rounds");
insert into ninja_awakening_atributo(nombre,ninja,nivel,accion,afecta,nombre_atributo,valor,tipo,condicion,tiempo)
values("Awaken Hiramekarei","Sixth Mizukage","1ri","apply","2 random allies","remove debuffs",40,"TALENT","when attacked","attack ends");


/*Hotaru*/
insert into ninjas(nombre,chakra_nature,tipo,formacion) 
values("Hotaru","WATER","TAIJUTSU","ASSAULTER");
insert into ninja_stats(ninja,nivel) 
values("Hotaru","120");
insert into stat_atributo(ninja,nivel,nombre_atributo,valor) 
values("Hotaru","120","agility",38000);
insert into stat_atributo(ninja,nivel,nombre_atributo,valor) 
values("Hotaru","120","force",40000);
insert into stat_atributo(ninja,nivel,nombre_atributo,valor) 
values("Hotaru","120","chakra",25000);
insert into stat_atributo(ninja,nivel,nombre_atributo,valor) 
values("Hotaru","120","power",420000);
insert into stat_atributo(ninja,nivel,nombre_atributo,valor) 
values("Hotaru","120","agility growth rate",38);
insert into stat_atributo(ninja,nivel,nombre_atributo,valor) 
values("Hotaru","120","force growth rate",40);
insert into stat_atributo(ninja,nivel,nombre_atributo,valor) 
values("Hotaru","120","chakra growth rate",258);
insert into stat_atributo(ninja,nivel,nombre_atributo,valor) 
values("Hotaru","120","power growth rate",42);

/*update stat_atributo set valor=40 where ninja="Hotaru" and nombre_atributo="chakra growth rate";*/
insert into ninja_skills(nombre,ninja,tipo,texto) 
values("Wild Water Wave","Hotaru","TALENT","Increases massive agility, health and force by percentage. Increase 86% speed, 70% damage rate and 60% immune damage rate by percentage. 
When this ninja is in battle increase all allies speed by 112%, and damage rate by 25%, also increases all allies health by (vanguard/assaulter/support) 30%/30%/40%, all allies defense by 
(vanguard/assaulter/support) 35%/35%/50%,decrease all enemies attack by 30%. Natural ignores enemies 10% attack, 55% control rate and 150% reflect damage,inmune to chaos, immune to charm and death seed.");
insert into skill_atributo(nombre_skill,nombre_ninja,tipo,accion,afecta,condicion,tiempo,nombre_atributo,valor)
values("Wild Water Wave","Hotaru","TALENT","increase","self","ninja is alive","battle ends","massive agility, health and force by percentage",1);
insert into skill_atributo(nombre_skill,nombre_ninja,tipo,accion,afecta,condicion,tiempo,nombre_atributo,valor)
values("Wild Water Wave","Hotaru","TALENT","increase","self","ninja is alive","battle ends","speed %",86);
insert into skill_atributo(nombre_skill,nombre_ninja,tipo,accion,afecta,condicion,tiempo,nombre_atributo,valor)
values("Wild Water Wave","Hotaru","TALENT","increase","self","ninja is alive","battle ends","damage rate",60);
insert into skill_atributo(nombre_skill,nombre_ninja,tipo,accion,afecta,condicion,tiempo,nombre_atributo,valor)
values("Wild Water Wave","Hotaru","TALENT","increase","self","ninja is alive","battle ends","avoid injury rate",70);
insert into skill_atributo(nombre_skill,nombre_ninja,tipo,accion,afecta,condicion,tiempo,nombre_atributo,valor)
values("Wild Water Wave","Hotaru","TALENT","increase","self","ninja is alive","battle ends","reduce damage reflect",150);
insert into skill_atributo(nombre_skill,nombre_ninja,tipo,accion,afecta,condicion,tiempo,nombre_atributo,valor)
values("Wild Water Wave","Hotaru","TALENT","increase", "all allies","ninja is alive","battle ends","speed %",112);
insert into skill_atributo(nombre_skill,nombre_ninja,tipo,accion,afecta,condicion,tiempo,nombre_atributo,valor)
values("Wild Water Wave","Hotaru","TALENT","increase", "all allies","ninja is alive","battle ends","damage rate",25);
insert into skill_atributo(nombre_skill,nombre_ninja,tipo,accion,afecta,condicion,tiempo,nombre_atributo,valor)
values("Wild Water Wave","Hotaru","TALENT","increase", "ally Vanguard","ninja is alive","battle ends","HP",30);
insert into skill_atributo(nombre_skill,nombre_ninja,tipo,accion,afecta,condicion,tiempo,nombre_atributo,valor)
values("Wild Water Wave","Hotaru","TALENT","increase", "ally Assaulters","ninja is alive","battle ends","HP",30);
insert into skill_atributo(nombre_skill,nombre_ninja,tipo,accion,afecta,condicion,tiempo,nombre_atributo,valor)
values("Wild Water Wave","Hotaru","TALENT","increase", "ally Supports","ninja is alive","battle ends","HP",40);
insert into skill_atributo(nombre_skill,nombre_ninja,tipo,accion,afecta,condicion,tiempo,nombre_atributo,valor)
values("Wild Water Wave","Hotaru","TALENT","increase", "ally Vanguard","ninja is alive","battle ends","defense",35);
insert into skill_atributo(nombre_skill,nombre_ninja,tipo,accion,afecta,condicion,tiempo,nombre_atributo,valor)
values("Wild Water Wave","Hotaru","TALENT","increase", "ally Assaulters","ninja is alive","battle ends","defense",35);
insert into skill_atributo(nombre_skill,nombre_ninja,tipo,accion,afecta,condicion,tiempo,nombre_atributo,valor)
values("Wild Water Wave","Hotaru","TALENT","increase", "ally Supports","ninja is alive","battle ends","defense",50);
insert into skill_atributo(nombre_skill,nombre_ninja,tipo,accion,afecta,condicion,tiempo,nombre_atributo,valor)
values("Wild Water Wave","Hotaru","TALENT","decrease", "all enemies","ninja is alive","battle ends","attack",30);
insert into skill_atributo(nombre_skill,nombre_ninja,tipo,accion,afecta,condicion,tiempo,nombre_atributo,valor)
values("Wild Water Wave","Hotaru","TALENT","increase","self","ninja is alive","battle ends","ignore enemy attack",10);
insert into skill_atributo(nombre_skill,nombre_ninja,tipo,accion,afecta,condicion,tiempo,nombre_atributo,valor)
values("Wild Water Wave","Hotaru","TALENT","increase","self","ninja is alive","battle ends","cc resistance",55);
insert into skill_atributo(nombre_skill,nombre_ninja,tipo,accion,afecta,condicion,tiempo,nombre_atributo,valor)
values("Wild Water Wave","Hotaru","TALENT","obtain","self","ninja is alive","battle ends","immune to charm",1);
insert into skill_atributo(nombre_skill,nombre_ninja,tipo,accion,afecta,condicion,tiempo,nombre_atributo,valor)
values("Wild Water Wave","Hotaru","TALENT","obtain","self","ninja is alive","battle ends","immune to death seed",1);
insert into skill_atributo(nombre_skill,nombre_ninja,tipo,accion,afecta,condicion,tiempo,nombre_atributo,valor)
values("Wild Water Wave","Hotaru","TALENT","obtain","self","ninja is alive","battle ends","inmune to chaos",1);

insert into ninja_skills(nombre,ninja,tipo,texto) 
values("Halloween: Call of Dracula","Hotaru","NORMAL_ATTACK","attacks 3 random enemies with 450% growth rate, removes all enemies buffs, will cause 1 random enemy that was attacked to enter charm for 2 rounds, 
35% chance to make another target enter charm for 2 rounds. Makes all enemies enter safeguard with 120% growth rate for 2 rounds, decreases all enemies S. attack rate by 30% for 2 rounds.
(Charm: increase 160% of fury shield and damage rate, chaos effect, cannot be dispelled)");
insert into skill_atributo(nombre_skill,nombre_ninja,tipo,accion,afecta,condicion,tiempo,nombre_atributo,valor)
values("Halloween: Call of Dracula","Hotaru","NORMAL_ATTACK","attack","3 random enemies","ninja attack","attack ends","growth rate",450);
insert into skill_atributo(nombre_skill,nombre_ninja,tipo,accion,afecta,condicion,tiempo,nombre_atributo,valor)
values("Halloween: Call of Dracula","Hotaru","NORMAL_ATTACK","apply","1 random enemy","ninja attack","for 2 rounds","charm state",35);
insert into skill_atributo(nombre_skill,nombre_ninja,tipo,accion,afecta,condicion,tiempo,nombre_atributo,valor)
values("Halloween: Call of Dracula","Hotaru","NORMAL_ATTACK","apply","1 random enemy ","ninja attack","for 2 rounds","charm state",1);
insert into skill_atributo(nombre_skill,nombre_ninja,tipo,accion,afecta,condicion,tiempo,nombre_atributo,valor)
values("Halloween: Call of Dracula","Hotaru","NORMAL_ATTACK","apply","all enemies","ninja attack","attack ends","remove buffs",1);
insert into skill_atributo(nombre_skill,nombre_ninja,tipo,accion,afecta,condicion,tiempo,nombre_atributo,valor)
values("Halloween: Call of Dracula","Hotaru","NORMAL_ATTACK","apply","all enemies","ninja attack","for 2 rounds","safeguard state(DOT)",120);
insert into skill_atributo(nombre_skill,nombre_ninja,tipo,accion,afecta,condicion,tiempo,nombre_atributo,valor)
values("Halloween: Call of Dracula","Hotaru","NORMAL_ATTACK","decrease","all enemies","ninja attack","for 2 rounds","s.attack rate",30);


insert into ninja_skills(nombre,ninja,tipo,texto) 
values("Treat or wack","Hotaru","SKILL","attacks all enemies with 300% growth rate, makes all enemies enter incarnate for 120% growth rate and unable to gain buffs for 2 rounds, 
recovers all allies health by 100% growth rate, increases 3 random allies defense by 500% for 2 rounds, decreases enemies attack by 30% for 2 rounds , recovers all allies (except self) fury by 100");
insert into skill_atributo(nombre_skill,nombre_ninja,tipo,accion,afecta,condicion,tiempo,nombre_atributo,valor)
values("Treat or wack","Hotaru","SKILL","attack","all enemies","ninja attack","attack ends","growth rate",300);
insert into skill_atributo(nombre_skill,nombre_ninja,tipo,accion,afecta,condicion,tiempo,nombre_atributo,valor)
values("Treat or wack","Hotaru","SKILL","apply","all enemies","ninja attack","for 2 rounds","incarnate state(DOT)",120);
insert into skill_atributo(nombre_skill,nombre_ninja,tipo,accion,afecta,condicion,tiempo,nombre_atributo,valor)
values("Treat or wack","Hotaru","SKILL","apply","all enemies","ninja attack","for 2 rounds","unable gain buffs state",1);
insert into skill_atributo(nombre_skill,nombre_ninja,tipo,accion,afecta,condicion,tiempo,nombre_atributo,valor)
values("Treat or wack","Hotaru","SKILL","recover","all allies","ninja attack","for 2 rounds","health by",100);
insert into skill_atributo(nombre_skill,nombre_ninja,tipo,accion,afecta,condicion,tiempo,nombre_atributo,valor)
values("Treat or wack","Hotaru","SKILL","increase","3 random allies","ninja attack","for 2 rounds","defense",500);
insert into skill_atributo(nombre_skill,nombre_ninja,tipo,accion,afecta,condicion,tiempo,nombre_atributo,valor)
values("Treat or wack","Hotaru","SKILL","decrease","all enemies","ninja attack","for 2 rounds","attack",30);
insert into skill_atributo(nombre_skill,nombre_ninja,tipo,accion,afecta,condicion,tiempo,nombre_atributo,valor)
values("Treat or wack","Hotaru","SKILL","increase","all allies (except self)","ninja attack","attack ends","fury",100);

insert into ninja_awakening(nombre,ninja,nivel,activo,tipo,texto)
values("Awaken Trick or Treat","Hotaru","1ri",true,"TALENT","When attacked. has 30% chance to make ally Supports enter super flash for 2 rounds, increase all allies heal rate by 40%");
insert into ninja_awakening_atributo(nombre,ninja,nivel,accion,afecta,nombre_atributo,valor,tipo,condicion,tiempo)
values("Awaken Trick or Treat","Hotaru","1ri","apply","ally Supports","super flash",30,"TALENT","ninja is alive","for 2 rounds");
insert into ninja_awakening_atributo(nombre,ninja,nivel,accion,afecta,nombre_atributo,valor,tipo,condicion,tiempo)
values("Awaken Trick or Treat","Hotaru","1ri","increase","all allies","heal rate",40,"TALENT","ninja is alive","for 2 rounds");


/*Daiguren Toshiro*/

insert into ninjas(nombre,chakra_nature,tipo,formacion) 
values("Daiguren Toshiro","WATER","TAIJUTSU","ASSAULTER");
insert into ninja_stats(ninja,nivel) 
values("Daiguren Toshiro","120");
insert into stat_atributo(ninja,nivel,nombre_atributo,valor) 
values("Daiguren Toshiro","120","agility",35000);
insert into stat_atributo(ninja,nivel,nombre_atributo,valor) 
values("Daiguren Toshiro","120","force",48000);
insert into stat_atributo(ninja,nivel,nombre_atributo,valor) 
values("Daiguren Toshiro","120","chakra",22000);
insert into stat_atributo(ninja,nivel,nombre_atributo,valor) 
values("Daiguren Toshiro","120","power",400000);
insert into stat_atributo(ninja,nivel,nombre_atributo,valor) 
values("Daiguren Toshiro","120","agility growth rate",35);
insert into stat_atributo(ninja,nivel,nombre_atributo,valor) 
values("Daiguren Toshiro","120","force growth rate",48);
insert into stat_atributo(ninja,nivel,nombre_atributo,valor) 
values("Daiguren Toshiro","120","chakra growth rate",22);
insert into stat_atributo(ninja,nivel,nombre_atributo,valor) 
values("Daiguren Toshiro","120","power growth rate",40);

/*update stat_atributo set valor=40 where ninja="Daiguren Toshiro" and nombre_atributo="chakra growth rate";*/
insert into ninja_skills(nombre,ninja,tipo,texto) 
values("Daiguren","Daiguren Toshiro","TALENT","Increases massive agility, health and force by percentage. Increase 86% speed, 70% damage rate and 60% immune damage rate by percentage. 
When this ninja is in battle increase all allies speed by 112%, increase attack and health by 30%, decrease all enemies damage rate by 30%, after being attacked he has 50% chance 
to dispel all enemies buff, and has 50% chance to make attacker enter petrification state for 2 rounds. Natural ignores enemies 10% attack, 75% control rate and 150% reflect damage,
immune to charm, fury reduction and death seed.");
insert into skill_atributo(nombre_skill,nombre_ninja,tipo,accion,afecta,condicion,tiempo,nombre_atributo,valor)
values("Daiguren","Daiguren Toshiro","TALENT","increase","self","ninja is alive","battle ends","massive agility, health and force by percentage",1);
insert into skill_atributo(nombre_skill,nombre_ninja,tipo,accion,afecta,condicion,tiempo,nombre_atributo,valor)
values("Daiguren","Daiguren Toshiro","TALENT","increase","self","ninja is alive","battle ends","speed %",86);
insert into skill_atributo(nombre_skill,nombre_ninja,tipo,accion,afecta,condicion,tiempo,nombre_atributo,valor)
values("Daiguren","Daiguren Toshiro","TALENT","increase","self","ninja is alive","battle ends","damage rate",70);
insert into skill_atributo(nombre_skill,nombre_ninja,tipo,accion,afecta,condicion,tiempo,nombre_atributo,valor)
values("Daiguren","Daiguren Toshiro","TALENT","increase","self","ninja is alive","battle ends","avoid injury rate",60);
insert into skill_atributo(nombre_skill,nombre_ninja,tipo,accion,afecta,condicion,tiempo,nombre_atributo,valor)
values("Daiguren","Daiguren Toshiro","TALENT","increase", "all allies","ninja is alive","battle ends","speed %",112);
insert into skill_atributo(nombre_skill,nombre_ninja,tipo,accion,afecta,condicion,tiempo,nombre_atributo,valor)
values("Daiguren","Daiguren Toshiro","TALENT","increase", "all allies","ninja is alive","battle ends","HP",30);
insert into skill_atributo(nombre_skill,nombre_ninja,tipo,accion,afecta,condicion,tiempo,nombre_atributo,valor)
values("Daiguren","Daiguren Toshiro","TALENT","increase", "all allies","ninja is alive","battle ends","attack",30);
insert into skill_atributo(nombre_skill,nombre_ninja,tipo,accion,afecta,condicion,tiempo,nombre_atributo,valor)
values("Daiguren","Daiguren Toshiro","TALENT","decrease", "all enemies","ninja is alive","battle ends","damage rate",30);
insert into skill_atributo(nombre_skill,nombre_ninja,tipo,accion,afecta,condicion,tiempo,nombre_atributo,valor)
values("Daiguren","Daiguren Toshiro","TALENT","apply", "all enemies","when attacked","battle ends","remove buffs",50);
insert into skill_atributo(nombre_skill,nombre_ninja,tipo,accion,afecta,condicion,tiempo,nombre_atributo,valor)
values("Daiguren","Daiguren Toshiro","TALENT","apply", "attacker","when attacked","for 2 rounds","petrification state",50);
insert into skill_atributo(nombre_skill,nombre_ninja,tipo,accion,afecta,condicion,tiempo,nombre_atributo,valor)
values("Daiguren","Daiguren Toshiro","TALENT","increase","self","ninja is alive","battle ends","cc resistance",75);
insert into skill_atributo(nombre_skill,nombre_ninja,tipo,accion,afecta,condicion,tiempo,nombre_atributo,valor)
values("Daiguren","Daiguren Toshiro","TALENT","increase","self","ninja is alive","battle ends","ignore enemy attack",10);
insert into skill_atributo(nombre_skill,nombre_ninja,tipo,accion,afecta,condicion,tiempo,nombre_atributo,valor)
values("Daiguren","Daiguren Toshiro","TALENT","increase","self","ninja is alive","battle ends","reduce damage reflect",150);
insert into skill_atributo(nombre_skill,nombre_ninja,tipo,accion,afecta,condicion,tiempo,nombre_atributo,valor)
values("Daiguren","Daiguren Toshiro","TALENT","obtain","self","ninja is alive","battle ends","immune to charm",1);
insert into skill_atributo(nombre_skill,nombre_ninja,tipo,accion,afecta,condicion,tiempo,nombre_atributo,valor)
values("Daiguren","Daiguren Toshiro","TALENT","obtain","self","ninja is alive","battle ends","immune to fury reduction",1);
insert into skill_atributo(nombre_skill,nombre_ninja,tipo,accion,afecta,condicion,tiempo,nombre_atributo,valor)
values("Daiguren","Daiguren Toshiro","TALENT","obtain","self","ninja is alive","battle ends","immune to death seed",1);

insert into ninja_skills(nombre,ninja,tipo,texto) 
values("Sennen Hyr","Daiguren Toshiro","SKILL","Attack all enemies by 350% growth rate, make penetrating damage to enemies male role by 60% rate, also has 95% chance to make all enemies enter charm state
 for 2 rounds, decrease all enemies heal effect by 60% and make self and ally vanguard enter immune control state for 2 rounds. Increase ally vanguard defense by 500% for 2 rounds, 
 recovers self fury by 68 , recovers all allies fury by 30 (except self)
(Charm: increase fury shield and damage rate by 220%, has chaos effect cannot be dispelled)");
insert into skill_atributo(nombre_skill,nombre_ninja,tipo,accion,afecta,condicion,tiempo,nombre_atributo,valor)
values("Sennen Hyr","Daiguren Toshiro","SKILL","attack","all enemies","ninja attack","attack ends","growth rate",350);
insert into skill_atributo(nombre_skill,nombre_ninja,tipo,accion,afecta,condicion,tiempo,nombre_atributo,valor)
values("Sennen Hyr","Daiguren Toshiro","SKILL","attack","enemy male","ninja attack","attack ends","penetrating damage",60);
insert into skill_atributo(nombre_skill,nombre_ninja,tipo,accion,afecta,condicion,tiempo,nombre_atributo,valor)
values("Sennen Hyr","Daiguren Toshiro","SKILL","apply","all enemies","ninja attack","for 2 rounds","charm state",95);
insert into skill_atributo(nombre_skill,nombre_ninja,tipo,accion,afecta,condicion,tiempo,nombre_atributo,valor)
values("Sennen Hyr","Daiguren Toshiro","SKILL","decrease","all enemies","ninja attack","for 2 rounds","heal rate",60);
insert into skill_atributo(nombre_skill,nombre_ninja,tipo,accion,afecta,condicion,tiempo,nombre_atributo,valor)
values("Sennen Hyr","Daiguren Toshiro","SKILL","apply","self","ninja attack","for 2 rounds","inmune control state",1);
insert into skill_atributo(nombre_skill,nombre_ninja,tipo,accion,afecta,condicion,tiempo,nombre_atributo,valor)
values("Sennen Hyr","Daiguren Toshiro","SKILL","apply","ally Vanguard","ninja attack","for 2 rounds","inmune control state",1);
insert into skill_atributo(nombre_skill,nombre_ninja,tipo,accion,afecta,condicion,tiempo,nombre_atributo,valor)
values("Sennen Hyr","Daiguren Toshiro","SKILL","apply","ally Vanguard","ninja attack","for 2 rounds","defense",500);
insert into skill_atributo(nombre_skill,nombre_ninja,tipo,accion,afecta,condicion,tiempo,nombre_atributo,valor)
values("Sennen Hyr","Daiguren Toshiro","SKILL","increase","self","ninja attack","attack ends","fury",68);
insert into skill_atributo(nombre_skill,nombre_ninja,tipo,accion,afecta,condicion,tiempo,nombre_atributo,valor)
values("Sennen Hyr","Daiguren Toshiro","SKILL","increase","all allies (except self)","ninja attack","attack ends","fury",30);


insert into ninja_awakening(nombre,ninja,nivel,activo,tipo,texto)
values("Awaken Ice Dragon","Daiguren Toshiro","1ri",true,"TALENT","Self immune block S+ damage by 40% rate");
insert into ninja_awakening_atributo(nombre,ninja,nivel,accion,afecta,nombre_atributo,valor,tipo,condicion,tiempo)
values("Awaken Ice Dragon","Daiguren Toshiro","1ri","inmune","self","block S+",40,"TALENT","when attacked","battle ends");




/*Jiongu Kakuzu*/

insert into ninjas(nombre,chakra_nature,tipo,formacion) 
values("Jiongu Kakuzu","EARTH","TAIJUTSU","VANGUARD");
insert into ninja_stats(ninja,nivel) 
values("Jiongu Kakuzu","120");
insert into stat_atributo(ninja,nivel,nombre_atributo,valor) 
values("Jiongu Kakuzu","120","agility",36000);
insert into stat_atributo(ninja,nivel,nombre_atributo,valor) 
values("Jiongu Kakuzu","120","force",39000);
insert into stat_atributo(ninja,nivel,nombre_atributo,valor) 
values("Jiongu Kakuzu","120","chakra",27000);
insert into stat_atributo(ninja,nivel,nombre_atributo,valor) 
values("Jiongu Kakuzu","120","power",430000);
insert into stat_atributo(ninja,nivel,nombre_atributo,valor) 
values("Jiongu Kakuzu","120","agility growth rate",36);
insert into stat_atributo(ninja,nivel,nombre_atributo,valor) 
values("Jiongu Kakuzu","120","force growth rate",39);
insert into stat_atributo(ninja,nivel,nombre_atributo,valor) 
values("Jiongu Kakuzu","120","chakra growth rate",27);
insert into stat_atributo(ninja,nivel,nombre_atributo,valor) 
values("Jiongu Kakuzu","120","power growth rate",43);

/*update stat_atributo set valor=40 where ninja="Jiongu Kakuzu" and nombre_atributo="chakra growth rate";*/
insert into ninja_skills(nombre,ninja,tipo,texto) 
values("Five Natures","Jiongu Kakuzu","TALENT","Increases massive agility, health, and force by percentage, increases speed by 86%, damage rate by 70%, and avoid-injury rate by 65%. 
When this ninja is in battle, increase all allies speed by 112% and health by 30%, increase all ally earth chakra and wind chakra ninjas avoid-injury rate by 35% and health by 20%, 
increase all ally lightning and fire chakra ninjas damage rate by 40% and punch rate by 20%, increase all ally water chakra ninjas defence by 35% and attack by 35%. 
Every 10% health lost increases all allies (expect self) attack by 5% and defence by 10%. After death, will revive with 80% health, activates once per battle. 
After being attacked, has 50% chance to make attacker enter poisonous wind status for 2 rounds, and has 50% chance to make self enter breaking wind status for 2 rounds. 
Ignores enemies control rate by 60% and reflective damage by 150%. Immune to seal, fury reduction, and death seed
Poisonous Wind: Unable to attack for 1 round, reduces 30% of current health, cannot be dispelled ");
insert into skill_atributo(nombre_skill,nombre_ninja,tipo,accion,afecta,condicion,tiempo,nombre_atributo,valor)
values("Five Natures","Jiongu Kakuzu","TALENT","increase","self","ninja is alive","battle ends","massive agility, health, and force by percentage",1);
insert into skill_atributo(nombre_skill,nombre_ninja,tipo,accion,afecta,condicion,tiempo,nombre_atributo,valor)
values("Five Natures","Jiongu Kakuzu","TALENT","increase","self","ninja is alive","battle ends","speed %",86);
insert into skill_atributo(nombre_skill,nombre_ninja,tipo,accion,afecta,condicion,tiempo,nombre_atributo,valor)
values("Five Natures","Jiongu Kakuzu","TALENT","increase","self","ninja is alive","battle ends","damage rate",70);
insert into skill_atributo(nombre_skill,nombre_ninja,tipo,accion,afecta,condicion,tiempo,nombre_atributo,valor)
values("Five Natures","Jiongu Kakuzu","TALENT","increase","self","ninja is alive","battle ends","avoid injury rate",65);
insert into skill_atributo(nombre_skill,nombre_ninja,tipo,accion,afecta,condicion,tiempo,nombre_atributo,valor)
values("Five Natures","Jiongu Kakuzu","TALENT","increase", "all allies","ninja is alive","battle ends","speed %",112);
insert into skill_atributo(nombre_skill,nombre_ninja,tipo,accion,afecta,condicion,tiempo,nombre_atributo,valor)
values("Five Natures","Jiongu Kakuzu","TALENT","increase", "all allies","ninja is alive","battle ends","HP",30);
insert into skill_atributo(nombre_skill,nombre_ninja,tipo,accion,afecta,condicion,tiempo,nombre_atributo,valor)
values("Five Natures","Jiongu Kakuzu","TALENT","increase", "ally earth chakra nature","ninja is alive","battle ends","HP",20);
insert into skill_atributo(nombre_skill,nombre_ninja,tipo,accion,afecta,condicion,tiempo,nombre_atributo,valor)
values("Five Natures","Jiongu Kakuzu","TALENT","increase", "ally earth chakra nature","ninja is alive","battle ends","avoid injury rate",35);
insert into skill_atributo(nombre_skill,nombre_ninja,tipo,accion,afecta,condicion,tiempo,nombre_atributo,valor)
values("Five Natures","Jiongu Kakuzu","TALENT","increase", "ally wind chakra nature","ninja is alive","battle ends","HP",20);
insert into skill_atributo(nombre_skill,nombre_ninja,tipo,accion,afecta,condicion,tiempo,nombre_atributo,valor)
values("Five Natures","Jiongu Kakuzu","TALENT","increase", "ally wind chakra nature","ninja is alive","battle ends","avoid injury rate",35);
insert into skill_atributo(nombre_skill,nombre_ninja,tipo,accion,afecta,condicion,tiempo,nombre_atributo,valor)
values("Five Natures","Jiongu Kakuzu","TALENT","increase", "ally lightning chakra nature","ninja is alive","battle ends","damage rate",40);
insert into skill_atributo(nombre_skill,nombre_ninja,tipo,accion,afecta,condicion,tiempo,nombre_atributo,valor)
values("Five Natures","Jiongu Kakuzu","TALENT","increase", "ally lightning chakra nature","ninja is alive","battle ends","punch rate",20);
insert into skill_atributo(nombre_skill,nombre_ninja,tipo,accion,afecta,condicion,tiempo,nombre_atributo,valor)
values("Five Natures","Jiongu Kakuzu","TALENT","increase", "ally fire chakra nature","ninja is alive","battle ends","damage rate",40);
insert into skill_atributo(nombre_skill,nombre_ninja,tipo,accion,afecta,condicion,tiempo,nombre_atributo,valor)
values("Five Natures","Jiongu Kakuzu","TALENT","increase", "ally fire chakra nature","ninja is alive","battle ends","punch rate",20);
insert into skill_atributo(nombre_skill,nombre_ninja,tipo,accion,afecta,condicion,tiempo,nombre_atributo,valor)
values("Five Natures","Jiongu Kakuzu","TALENT","increase", "ally water chakra nature","ninja is alive","battle ends","defense",35);
insert into skill_atributo(nombre_skill,nombre_ninja,tipo,accion,afecta,condicion,tiempo,nombre_atributo,valor)
values("Five Natures","Jiongu Kakuzu","TALENT","increase", "ally water chakra nature","ninja is alive","battle ends","attack",35);
insert into skill_atributo(nombre_skill,nombre_ninja,tipo,accion,afecta,condicion,tiempo,nombre_atributo,valor)
values("Five Natures","Jiongu Kakuzu","TALENT","increase", "all allies (excep self)","Every 10% loss in health","health is still losed","attack",5);
insert into skill_atributo(nombre_skill,nombre_ninja,tipo,accion,afecta,condicion,tiempo,nombre_atributo,valor)
values("Five Natures","Jiongu Kakuzu","TALENT","increase", "all allies (excep self)","Every 10% loss in health","health is still losed","defense",10);
insert into skill_atributo(nombre_skill,nombre_ninja,tipo,accion,afecta,condicion,tiempo,nombre_atributo,valor)
values("Five Natures","Jiongu Kakuzu","TALENT","apply","self","after death","once per battle","revive with 80% hp",1);
insert into skill_atributo(nombre_skill,nombre_ninja,tipo,accion,afecta,condicion,tiempo,nombre_atributo,valor)
values("Five Natures","Jiongu Kakuzu","TALENT","apply", "attacker","when attacked","for 2 rounds","poisonous state",50);
insert into skill_atributo(nombre_skill,nombre_ninja,tipo,accion,afecta,condicion,tiempo,nombre_atributo,valor)
values("Five Natures","Jiongu Kakuzu","TALENT","apply", "self","when attacked","for 2 rounds","breaking wind status",50);
insert into skill_atributo(nombre_skill,nombre_ninja,tipo,accion,afecta,condicion,tiempo,nombre_atributo,valor)
values("Five Natures","Jiongu Kakuzu","TALENT","increase","self","ninja is alive","battle ends","cc resistance",60);
insert into skill_atributo(nombre_skill,nombre_ninja,tipo,accion,afecta,condicion,tiempo,nombre_atributo,valor)
values("Five Natures","Jiongu Kakuzu","TALENT","increase","self","ninja is alive","battle ends","reduce damage reflect",150);
insert into skill_atributo(nombre_skill,nombre_ninja,tipo,accion,afecta,condicion,tiempo,nombre_atributo,valor)
values("Five Natures","Jiongu Kakuzu","TALENT","obtain","self","ninja is alive","battle ends","immune to seal state",1);
insert into skill_atributo(nombre_skill,nombre_ninja,tipo,accion,afecta,condicion,tiempo,nombre_atributo,valor)
values("Five Natures","Jiongu Kakuzu","TALENT","obtain","self","ninja is alive","battle ends","immune to fury reduction",1);
insert into skill_atributo(nombre_skill,nombre_ninja,tipo,accion,afecta,condicion,tiempo,nombre_atributo,valor)
values("Five Natures","Jiongu Kakuzu","TALENT","obtain","self","ninja is alive","battle ends","immune to death seed",1);

insert into ninja_skills(nombre,ninja,tipo,texto) 
values("Jiongu Kimen no Bakuen","Jiongu Kakuzu","SKILL","Attack all enemies wind/earth/fire/lightning/water chakra ninjas by 450%/450%/300%/300%/400% growth rates, 
attacks unactivated chakra nature ninjas by 500% growth rate. Make enemies enter split, incarnate, and burst state for 2 rounds with growth rate of 120%,
makes enemy lightning and wind chakra ninjas enter weakened state for 2 rounds, dispell all enemies buffs, increase all ally assaulter and support defence by 80% for 2 rounds. 
Recovers self fury by 68, recovers all allies (expect self) fury by 30.");
insert into skill_atributo(nombre_skill,nombre_ninja,tipo,accion,afecta,condicion,tiempo,nombre_atributo,valor)
values("Jiongu Kimen no Bakuen","Jiongu Kakuzu","SKILL","attack","enemy wind chakra nature","ninja attack","attack ends","growth rate",450);
insert into skill_atributo(nombre_skill,nombre_ninja,tipo,accion,afecta,condicion,tiempo,nombre_atributo,valor)
values("Jiongu Kimen no Bakuen","Jiongu Kakuzu","SKILL","attack","enemy earth chakra nature","ninja attack","attack ends","growth rate",450);
insert into skill_atributo(nombre_skill,nombre_ninja,tipo,accion,afecta,condicion,tiempo,nombre_atributo,valor)
values("Jiongu Kimen no Bakuen","Jiongu Kakuzu","SKILL","attack","enemy fire chakra nature","ninja attack","attack ends","growth rate",300);
insert into skill_atributo(nombre_skill,nombre_ninja,tipo,accion,afecta,condicion,tiempo,nombre_atributo,valor)
values("Jiongu Kimen no Bakuen","Jiongu Kakuzu","SKILL","attack","enemy lightning chakra nature","ninja attack","attack ends","growth rate",300);
insert into skill_atributo(nombre_skill,nombre_ninja,tipo,accion,afecta,condicion,tiempo,nombre_atributo,valor)
values("Jiongu Kimen no Bakuen","Jiongu Kakuzu","SKILL","attack","enemy water chakra nature","ninja attack","attack ends","growth rate",400);
insert into skill_atributo(nombre_skill,nombre_ninja,tipo,accion,afecta,condicion,tiempo,nombre_atributo,valor)
values("Jiongu Kimen no Bakuen","Jiongu Kakuzu","SKILL","attack","enemy unactived chakra nature","ninja attack","attack ends","growth rate",500);
insert into skill_atributo(nombre_skill,nombre_ninja,tipo,accion,afecta,condicion,tiempo,nombre_atributo,valor)
values("Jiongu Kimen no Bakuen","Jiongu Kakuzu","SKILL","apply","all enemies","ninja attack","for 2 rounds","incarnate state(DOT)",120);
insert into skill_atributo(nombre_skill,nombre_ninja,tipo,accion,afecta,condicion,tiempo,nombre_atributo,valor)
values("Jiongu Kimen no Bakuen","Jiongu Kakuzu","SKILL","apply","all enemies","ninja attack","for 2 rounds","split state(DOT)",120);
insert into skill_atributo(nombre_skill,nombre_ninja,tipo,accion,afecta,condicion,tiempo,nombre_atributo,valor)
values("Jiongu Kimen no Bakuen","Jiongu Kakuzu","SKILL","apply","all enemies","ninja attack","for 2 rounds","burst state(DOT)",120);
insert into skill_atributo(nombre_skill,nombre_ninja,tipo,accion,afecta,condicion,tiempo,nombre_atributo,valor)
values("Jiongu Kimen no Bakuen","Jiongu Kakuzu","SKILL","apply","enemy lightning chakra nature","ninja attack","for 2 rounds","weakened state",1);
insert into skill_atributo(nombre_skill,nombre_ninja,tipo,accion,afecta,condicion,tiempo,nombre_atributo,valor)
values("Jiongu Kimen no Bakuen","Jiongu Kakuzu","SKILL","apply","enemy wind chakra nature","ninja attack","for 2 rounds","weakened state",1);
insert into skill_atributo(nombre_skill,nombre_ninja,tipo,accion,afecta,condicion,tiempo,nombre_atributo,valor)
values("Jiongu Kimen no Bakuen","Jiongu Kakuzu","SKILL","apply","all enemies","ninja attack","attack ends","remove buffs",1);
insert into skill_atributo(nombre_skill,nombre_ninja,tipo,accion,afecta,condicion,tiempo,nombre_atributo,valor)
values("Jiongu Kimen no Bakuen","Jiongu Kakuzu","SKILL","increase","ally Assaulters","ninja attack","for 2 rounds","defense",80);
insert into skill_atributo(nombre_skill,nombre_ninja,tipo,accion,afecta,condicion,tiempo,nombre_atributo,valor)
values("Jiongu Kimen no Bakuen","Jiongu Kakuzu","SKILL","increase","ally Supports","ninja attack","for 2 rounds","defense",80);
insert into skill_atributo(nombre_skill,nombre_ninja,tipo,accion,afecta,condicion,tiempo,nombre_atributo,valor)
values("Jiongu Kimen no Bakuen","Jiongu Kakuzu","SKILL","increase","self","ninja attack","attack ends","fury",68);
insert into skill_atributo(nombre_skill,nombre_ninja,tipo,accion,afecta,condicion,tiempo,nombre_atributo,valor)
values("Jiongu Kimen no Bakuen","Jiongu Kakuzu","SKILL","increase","all allies (except self)","ninja attack","attack ends","fury",30);


insert into ninja_awakening(nombre,ninja,nivel,activo,tipo,texto)
values("Awaken Immortal Fighter","Jiongu Kakuzu","1ri",true,"TALENT","Naturally has 30% block rate and 30% crit rate");
insert into ninja_awakening_atributo(nombre,ninja,nivel,accion,afecta,nombre_atributo,valor,tipo,condicion,tiempo)
values("Awaken Immortal Fighter","Jiongu Kakuzu","1ri","increase","self","block rate",30,"TALENT","alive in battle","battle ends");
insert into ninja_awakening_atributo(nombre,ninja,nivel,accion,afecta,nombre_atributo,valor,tipo,condicion,tiempo)
values("Awaken Immortal Fighter","Jiongu Kakuzu","1ri","increase","self","crit rate",30,"TALENT","alive in battle","battle ends");


/*Sakon & Ukon*/

insert into ninjas(nombre,chakra_nature,tipo,formacion) 
values("Sakon & Ukon","EARTH","GENJUTSU","SUPPORT");
insert into ninja_stats(ninja,nivel) 
values("Sakon & Ukon","120");
insert into stat_atributo(ninja,nivel,nombre_atributo,valor) 
values("Sakon & Ukon","120","agility",38000);
insert into stat_atributo(ninja,nivel,nombre_atributo,valor) 
values("Sakon & Ukon","120","force",30000);
insert into stat_atributo(ninja,nivel,nombre_atributo,valor) 
values("Sakon & Ukon","120","chakra",32000);
insert into stat_atributo(ninja,nivel,nombre_atributo,valor) 
values("Sakon & Ukon","120","power",450000);
insert into stat_atributo(ninja,nivel,nombre_atributo,valor) 
values("Sakon & Ukon","120","agility growth rate",30);
insert into stat_atributo(ninja,nivel,nombre_atributo,valor) 
values("Sakon & Ukon","120","force growth rate",38);
insert into stat_atributo(ninja,nivel,nombre_atributo,valor) 
values("Sakon & Ukon","120","chakra growth rate",32);
insert into stat_atributo(ninja,nivel,nombre_atributo,valor) 
values("Sakon & Ukon","120","power growth rate",45);

/*update stat_atributo set valor=40 where ninja="Sakon & Ukon" and nombre_atributo="chakra growth rate";*/
insert into ninja_skills(nombre,ninja,tipo,texto) 
values("Parasitism Ghost","Sakon & Ukon","TALENT","Increases massive agility, chakra, and hp by percentage, naturally has 92% speed, 65% damage rate and 65% avoid inujury rate. When the ninja is in battle,
increases all allies speed by 116%, avoid injury rate by 40%, and HP by 30%. Increases the attack of allied fire chakra nature ninjas by 50%, increases the defense (physical and magical) 
and reduction of final damage of allied ninjas of the earth chakra nature by 60% and 30%.reduces damage rate of all enemies by 30% and control rate of Wind Chakra Nature ninjas by 30%. 
reduces the Attack of enemy fire chakra nature ninjas by 50%. When attacked, it has a 40% chance to cause Allied Earth Chakra Nature Ninjas to enter an uncontrolled state for 2 turns.
Ignore 150% damage reflections immune to Seal, Charms and Death Seed.");
insert into skill_atributo(nombre_skill,nombre_ninja,tipo,accion,afecta,condicion,tiempo,nombre_atributo,valor)
values("Parasitism Ghost","Sakon & Ukon","TALENT","increase","self","ninja is alive","battle ends","massive agility, chakra, and hp by percentage",1);
insert into skill_atributo(nombre_skill,nombre_ninja,tipo,accion,afecta,condicion,tiempo,nombre_atributo,valor)
values("Parasitism Ghost","Sakon & Ukon","TALENT","increase","self","ninja is alive","battle ends","speed %",92);
insert into skill_atributo(nombre_skill,nombre_ninja,tipo,accion,afecta,condicion,tiempo,nombre_atributo,valor)
values("Parasitism Ghost","Sakon & Ukon","TALENT","increase","self","ninja is alive","battle ends","damage rate",65);
insert into skill_atributo(nombre_skill,nombre_ninja,tipo,accion,afecta,condicion,tiempo,nombre_atributo,valor)
values("Parasitism Ghost","Sakon & Ukon","TALENT","increase","self","ninja is alive","battle ends","avoid injury rate",65);
insert into skill_atributo(nombre_skill,nombre_ninja,tipo,accion,afecta,condicion,tiempo,nombre_atributo,valor)
values("Parasitism Ghost","Sakon & Ukon","TALENT","increase", "all allies","ninja is alive","battle ends","speed %",116);
insert into skill_atributo(nombre_skill,nombre_ninja,tipo,accion,afecta,condicion,tiempo,nombre_atributo,valor)
values("Parasitism Ghost","Sakon & Ukon","TALENT","increase", "all allies","ninja is alive","battle ends","HP",30);
insert into skill_atributo(nombre_skill,nombre_ninja,tipo,accion,afecta,condicion,tiempo,nombre_atributo,valor)
values("Parasitism Ghost","Sakon & Ukon","TALENT","increase", "all allies","ninja is alive","battle ends","avoid injury rate",40);
insert into skill_atributo(nombre_skill,nombre_ninja,tipo,accion,afecta,condicion,tiempo,nombre_atributo,valor)
values("Parasitism Ghost","Sakon & Ukon","TALENT","increase", "ally fire chakra nature","ninja is alive","battle ends","attack",50);
insert into skill_atributo(nombre_skill,nombre_ninja,tipo,accion,afecta,condicion,tiempo,nombre_atributo,valor)
values("Parasitism Ghost","Sakon & Ukon","TALENT","increase", "ally earth chakra nature","ninja is alive","battle ends","final damage reduction",30);
insert into skill_atributo(nombre_skill,nombre_ninja,tipo,accion,afecta,condicion,tiempo,nombre_atributo,valor)
values("Parasitism Ghost","Sakon & Ukon","TALENT","increase", "ally earth chakra nature","ninja is alive","battle ends","defense",30);
insert into skill_atributo(nombre_skill,nombre_ninja,tipo,accion,afecta,condicion,tiempo,nombre_atributo,valor)
values("Parasitism Ghost","Sakon & Ukon","TALENT","decrease", "all enemies","ninja is alive","battle ends","damage rate",30);
insert into skill_atributo(nombre_skill,nombre_ninja,tipo,accion,afecta,condicion,tiempo,nombre_atributo,valor)
values("Parasitism Ghost","Sakon & Ukon","TALENT","decrease", "enemy wind chakra nature","ninja is alive","battle ends","cc succes rate",30);
insert into skill_atributo(nombre_skill,nombre_ninja,tipo,accion,afecta,condicion,tiempo,nombre_atributo,valor)
values("Parasitism Ghost","Sakon & Ukon","TALENT","decrease", "enemy fire chakra nature","ninja is alive","battle ends","attack",50);
insert into skill_atributo(nombre_skill,nombre_ninja,tipo,accion,afecta,condicion,tiempo,nombre_atributo,valor)
values("Parasitism Ghost","Sakon & Ukon","TALENT","decrease", "ally earth chakra nature","when attacked","for 2 rounds","immune control state",40);
insert into skill_atributo(nombre_skill,nombre_ninja,tipo,accion,afecta,condicion,tiempo,nombre_atributo,valor)
values("Parasitism Ghost","Sakon & Ukon","TALENT","increase","self","ninja is alive","battle ends","reduce damage reflect",150);
insert into skill_atributo(nombre_skill,nombre_ninja,tipo,accion,afecta,condicion,tiempo,nombre_atributo,valor)
values("Parasitism Ghost","Sakon & Ukon","TALENT","obtain","self","ninja is alive","battle ends","immune to seal state",1);
insert into skill_atributo(nombre_skill,nombre_ninja,tipo,accion,afecta,condicion,tiempo,nombre_atributo,valor)
values("Parasitism Ghost","Sakon & Ukon","TALENT","obtain","self","ninja is alive","battle ends","immune to charm",1);
insert into skill_atributo(nombre_skill,nombre_ninja,tipo,accion,afecta,condicion,tiempo,nombre_atributo,valor)
values("Parasitism Ghost","Sakon & Ukon","TALENT","obtain","self","ninja is alive","battle ends","immune to death seed",1);

insert into ninja_skills(nombre,ninja,tipo,texto) 
values("Attack of the Twin Demons","Sakon & Ukon","SKILL","Attack all enemies at 300%, has 100% chance to cause Fire and Wind Chakra Nature Enemy Ninja to enter into a sealed state for 2 turns,
makes Allied Fire Chakra nature Ninjas in breaking Wind state for 2 turns. Reduces the final damage rate of all enemies by 30% and the attack of ninjas Fire chakra nature enemies by 40%.
recovers 68 Fury points and 30 points to allies");
insert into skill_atributo(nombre_skill,nombre_ninja,tipo,accion,afecta,condicion,tiempo,nombre_atributo,valor)
values("Attack of the Twin Demons","Sakon & Ukon","SKILL","attack","all enemies","ninja attack","attack ends","growth rate",300);
insert into skill_atributo(nombre_skill,nombre_ninja,tipo,accion,afecta,condicion,tiempo,nombre_atributo,valor)
values("Attack of the Twin Demons","Sakon & Ukon","SKILL","apply","enemy fire chakra nature","ninja attack","for 2 rounds","seal state",100);
insert into skill_atributo(nombre_skill,nombre_ninja,tipo,accion,afecta,condicion,tiempo,nombre_atributo,valor)
values("Attack of the Twin Demons","Sakon & Ukon","SKILL","apply","enemy wind chakra nature","ninja attack","for 2 rounds","seal state",100);
insert into skill_atributo(nombre_skill,nombre_ninja,tipo,accion,afecta,condicion,tiempo,nombre_atributo,valor)
values("Attack of the Twin Demons","Sakon & Ukon","SKILL","apply","ally fire chakra nature","ninja attack","for 2 rounds","breaking wind state",1);
insert into skill_atributo(nombre_skill,nombre_ninja,tipo,accion,afecta,condicion,tiempo,nombre_atributo,valor)
values("Attack of the Twin Demons","Sakon & Ukon","SKILL","decrease","all enemies","ninja attack","for 2 rounds","final damage",30);
insert into skill_atributo(nombre_skill,nombre_ninja,tipo,accion,afecta,condicion,tiempo,nombre_atributo,valor)
values("Attack of the Twin Demons","Sakon & Ukon","SKILL","decrease","enemy fire chakra nature","ninja attack","for 2 rounds","attack",40);
insert into skill_atributo(nombre_skill,nombre_ninja,tipo,accion,afecta,condicion,tiempo,nombre_atributo,valor)
values("Attack of the Twin Demons","Sakon & Ukon","SKILL","increase","self","ninja attack","attack ends","fury",68);
insert into skill_atributo(nombre_skill,nombre_ninja,tipo,accion,afecta,condicion,tiempo,nombre_atributo,valor)
values("Attack of the Twin Demons","Sakon & Ukon","SKILL","increase","all allies (except self)","ninja attack","attack ends","fury",30);


insert into ninja_awakening(nombre,ninja,nivel,activo,tipo,texto)
values("Awaken Multiple Rakasasa","Sakon & Ukon","1ri",true,"SKILL","After using the skill, bring enemy Wind Chakra Nature Ninjas into incarnation state for 2 rounds at 150%,
 deal an additional 300% hit to enemy Fire Chakra ninjas as 2nd hit ");
insert into ninja_awakening_atributo(nombre,ninja,nivel,accion,afecta,nombre_atributo,valor,tipo,condicion,tiempo)
values("Awaken Multiple Rakasasa","Sakon & Ukon","1ri","apply","enemy wind chakra nature","incarnate state(DOT)",150,"SKILL","ninja attack","for 2 rounds");
insert into ninja_awakening_atributo(nombre,ninja,nivel,accion,afecta,nombre_atributo,valor,tipo,condicion,tiempo)
values("Awaken Multiple Rakasasa","Sakon & Ukon","1ri","attack","enemy fire chakra nature","growth rate",300,"SKILL","ninja attack","attack ends");

insert into authorities(authority) values('ROLE_USER');
